Station ID,Address,Charger Type,Cost (USD/kWh),Availability,Distance to City (km),Usage Stats (avg users/day),Station Operator,Charging Capacity (kW),Connector Types,Installation Year,Renewable Energy Source,Reviews (Rating),Parking Spots,Maintenance Frequency
EVS00001,"4826 Random Rd, City 98, Country",AC Level 2,0.27,9:00-18:00,4.95,35,EVgo,350,"CCS, CHAdeMO",2013,Yes,4.0,7,Annually
EVS00002,"8970 San Francisco Ave, San Francisco",DC Fast Charger,0.19,24/7,4.96,83,EVgo,350,"Tesla, Type 2",2010,Yes,3.9,2,Monthly
EVS00003,"5974 Bangkok Ave, Bangkok",AC Level 2,0.48,6:00-22:00,8.54,24,ChargePoint,50,"Type 2, CCS",2019,No,3.6,9,Annually
EVS00004,"6995 Toronto Ave, Toronto",AC Level 1,0.41,9:00-18:00,13.28,70,Greenlots,350,Type 2,2010,Yes,4.2,7,Monthly
EVS00005,"5704 Mumbai Ave, Mumbai",AC Level 2,0.11,9:00-18:00,9.76,19,EVgo,350,CCS,2015,Yes,3.7,6,Annually
EVS00006,"1545 São Paulo Ave, São Paulo",AC Level 2,0.22,6:00-22:00,2.02,39,Ionity,350,Tesla,2016,Yes,3.2,9,Quarterly
EVS00007,"1390 Moscow Ave, Moscow",AC Level 1,0.40,24/7,2.68,89,ChargePoint,350,"Tesla, CCS",2011,Yes,4.0,4,Annually
EVS00008,"7684 Bangkok Ave, Bangkok",AC Level 2,0.26,24/7,3.63,72,Ionity,350,Tesla,2013,Yes,4.3,9,Annually
EVS00009,"6203 Chicago Ave, Chicago",AC Level 2,0.49,9:00-18:00,6.68,68,Greenlots,350,CCS,2013,No,3.4,1,Monthly
EVS00010,"4339 Beijing Ave, Beijing",AC Level 2,0.37,9:00-18:00,19.13,82,Tesla,150,"CCS, Tesla",2023,No,4.4,5,Quarterly
EVS00011,"7123 Random Rd, City 463, Country",AC Level 1,0.39,9:00-18:00,17.42,59,EVgo,22,"Tesla, CHAdeMO",2013,No,3.7,5,Quarterly
EVS00012,"3932 Moscow Ave, Moscow",AC Level 1,0.17,6:00-22:00,1.88,18,Greenlots,150,"CHAdeMO, CCS",2016,Yes,4.0,5,Annually
EVS00013,"9250 Berlin Ave, Berlin",AC Level 1,0.16,9:00-18:00,11.77,73,ChargePoint,22,Tesla,2012,No,4.0,2,Quarterly
EVS00014,"9047 Chicago Ave, Chicago",AC Level 2,0.16,24/7,3.21,66,Tesla,50,Tesla,2012,Yes,3.5,9,Annually
EVS00015,"3451 Dubai Ave, Dubai",AC Level 2,0.41,24/7,16.70,46,EVgo,350,"CCS, Tesla",2013,Yes,3.4,10,Quarterly
EVS00016,"3518 Dubai Ave, Dubai",AC Level 2,0.34,6:00-22:00,15.84,89,EVgo,22,CCS,2020,No,3.9,9,Quarterly
EVS00017,"3181 Bangkok Ave, Bangkok",AC Level 1,0.17,6:00-22:00,13.18,28,Ionity,350,"CCS, CHAdeMO",2018,No,4.0,3,Annually
EVS00018,"4733 San Francisco Ave, San Francisco",AC Level 1,0.44,24/7,2.05,60,ChargePoint,150,CHAdeMO,2023,No,4.9,7,Annually
EVS00019,"9257 Seoul Ave, Seoul",AC Level 1,0.25,9:00-18:00,7.35,29,Tesla,350,"Type 2, CHAdeMO",2017,No,4.1,2,Monthly
EVS00020,"7288 Mexico City Ave, Mexico City",DC Fast Charger,0.25,6:00-22:00,0.73,12,Tesla,350,Type 2,2023,Yes,3.2,5,Annually
EVS00021,"6470 Random Rd, City 207, Country",DC Fast Charger,0.30,6:00-22:00,10.43,43,Ionity,150,"CHAdeMO, Tesla",2016,Yes,3.3,10,Quarterly
EVS00022,"9338 Moscow Ave, Moscow",AC Level 2,0.10,24/7,5.45,47,Tesla,350,CCS,2020,No,4.7,5,Quarterly
EVS00023,"1194 Cape Town Ave, Cape Town",AC Level 2,0.43,9:00-18:00,15.05,14,Greenlots,350,"CHAdeMO, Tesla",2020,Yes,4.2,10,Annually
EVS00024,"128 Berlin Ave, Berlin",DC Fast Charger,0.21,24/7,9.92,52,Tesla,22,CHAdeMO,2023,Yes,4.4,2,Annually
EVS00025,"1788 Chicago Ave, Chicago",AC Level 1,0.50,9:00-18:00,4.71,67,ChargePoint,50,"CCS, Tesla",2021,No,4.7,7,Quarterly
EVS00026,"6257 Beijing Ave, Beijing",DC Fast Charger,0.47,24/7,8.30,99,Greenlots,50,Type 2,2015,No,4.1,1,Monthly
EVS00027,"5641 Bangkok Ave, Bangkok",DC Fast Charger,0.50,9:00-18:00,17.76,25,ChargePoint,150,Tesla,2020,No,4.1,7,Annually
EVS00028,"1145 São Paulo Ave, São Paulo",AC Level 1,0.25,24/7,13.65,52,Tesla,50,CCS,2014,No,4.7,3,Quarterly
EVS00029,"3343 Sydney Ave, Sydney",AC Level 1,0.45,6:00-22:00,8.36,72,Ionity,22,Tesla,2017,No,4.8,9,Annually
EVS00030,"7835 Beijing Ave, Beijing",DC Fast Charger,0.20,6:00-22:00,5.52,27,EVgo,50,"CHAdeMO, Type 2",2013,No,3.0,5,Annually
EVS00031,"8491 Random Rd, City 59, Country",AC Level 2,0.17,24/7,9.13,36,Tesla,22,"CHAdeMO, CCS",2018,Yes,3.6,5,Quarterly
EVS00032,"3787 Beijing Ave, Beijing",AC Level 2,0.19,9:00-18:00,18.44,90,Tesla,150,"Tesla, Type 2",2020,Yes,4.1,3,Quarterly
EVS00033,"5423 São Paulo Ave, São Paulo",DC Fast Charger,0.46,24/7,18.39,97,Tesla,350,"CCS, Type 2",2018,No,3.7,7,Monthly
EVS00034,"8032 Beijing Ave, Beijing",AC Level 1,0.21,6:00-22:00,0.84,59,EVgo,150,"CHAdeMO, CCS",2018,Yes,3.7,9,Monthly
EVS00035,"9647 Chicago Ave, Chicago",AC Level 2,0.22,9:00-18:00,9.70,16,Ionity,50,CHAdeMO,2015,Yes,4.4,2,Annually
EVS00036,"1648 Toronto Ave, Toronto",AC Level 2,0.39,6:00-22:00,10.84,21,Greenlots,22,"Type 2, Tesla",2012,Yes,4.7,4,Monthly
EVS00037,"880 Bangkok Ave, Bangkok",AC Level 1,0.29,9:00-18:00,1.28,50,Greenlots,350,Type 2,2016,No,4.3,1,Quarterly
EVS00038,"8960 Sydney Ave, Sydney",AC Level 1,0.13,9:00-18:00,19.06,61,Ionity,22,CHAdeMO,2018,Yes,4.2,4,Quarterly
EVS00039,"2131 Beijing Ave, Beijing",DC Fast Charger,0.37,24/7,15.63,69,Ionity,350,"CCS, CHAdeMO",2023,Yes,4.2,3,Annually
EVS00040,"6005 Cape Town Ave, Cape Town",AC Level 2,0.41,24/7,14.62,15,Tesla,50,"CHAdeMO, Tesla",2012,No,4.9,1,Annually
EVS00041,"1309 Random Rd, City 47, Country",AC Level 1,0.44,6:00-22:00,2.03,20,EVgo,350,Tesla,2014,No,5.0,3,Annually
EVS00042,"2960 Chicago Ave, Chicago",DC Fast Charger,0.39,9:00-18:00,19.63,14,Tesla,50,"Type 2, Tesla",2023,No,4.8,3,Monthly
EVS00043,"1916 Dubai Ave, Dubai",AC Level 1,0.27,6:00-22:00,5.06,73,Greenlots,50,"Tesla, CHAdeMO",2012,Yes,4.3,8,Quarterly
EVS00044,"5156 Seoul Ave, Seoul",AC Level 1,0.36,9:00-18:00,2.38,96,ChargePoint,50,CCS,2019,No,3.8,3,Monthly
EVS00045,"7799 Sydney Ave, Sydney",AC Level 2,0.40,9:00-18:00,19.67,78,Ionity,22,Tesla,2018,Yes,4.4,3,Quarterly
EVS00046,"8397 Chicago Ave, Chicago",DC Fast Charger,0.22,9:00-18:00,2.58,12,EVgo,50,Tesla,2020,No,3.6,3,Quarterly
EVS00047,"2970 Mumbai Ave, Mumbai",AC Level 1,0.35,24/7,19.40,68,Ionity,50,"CCS, Tesla",2021,Yes,3.0,9,Quarterly
EVS00048,"4355 Sydney Ave, Sydney",DC Fast Charger,0.13,24/7,2.31,56,ChargePoint,150,CHAdeMO,2022,No,3.5,4,Annually
EVS00049,"689 Chicago Ave, Chicago",AC Level 1,0.18,9:00-18:00,19.26,40,ChargePoint,150,"CHAdeMO, CCS",2011,Yes,3.8,8,Monthly
EVS00050,"8531 Los Angeles Ave, Los Angeles",AC Level 2,0.47,24/7,2.49,26,ChargePoint,150,Tesla,2023,Yes,4.3,9,Monthly
EVS00051,"7905 Random Rd, City 102, Country",AC Level 1,0.45,24/7,2.29,75,EVgo,50,CHAdeMO,2022,No,5.0,9,Annually
EVS00052,"8806 Berlin Ave, Berlin",AC Level 2,0.33,9:00-18:00,8.56,50,ChargePoint,50,"CHAdeMO, CCS",2011,No,3.4,3,Monthly
EVS00053,"4130 Moscow Ave, Moscow",AC Level 2,0.49,9:00-18:00,3.09,79,Greenlots,22,"CCS, Tesla",2017,No,3.8,4,Annually
EVS00054,"6541 Chicago Ave, Chicago",DC Fast Charger,0.37,24/7,1.98,79,Ionity,50,CHAdeMO,2016,Yes,4.7,4,Annually
EVS00055,"4005 Seoul Ave, Seoul",AC Level 1,0.13,24/7,9.16,19,Tesla,150,CHAdeMO,2013,Yes,3.5,5,Quarterly
EVS00056,"5574 Mumbai Ave, Mumbai",AC Level 2,0.18,6:00-22:00,11.91,50,ChargePoint,150,CCS,2013,Yes,4.2,4,Quarterly
EVS00057,"6085 Dubai Ave, Dubai",DC Fast Charger,0.42,9:00-18:00,15.85,67,Greenlots,50,CHAdeMO,2018,No,4.5,8,Quarterly
EVS00058,"4787 Seoul Ave, Seoul",AC Level 1,0.41,9:00-18:00,13.14,71,EVgo,150,"Tesla, CCS",2012,Yes,4.0,4,Monthly
EVS00059,"4378 Chicago Ave, Chicago",DC Fast Charger,0.18,24/7,6.73,13,EVgo,350,CHAdeMO,2022,No,3.5,9,Quarterly
EVS00060,"16 Chicago Ave, Chicago",AC Level 2,0.30,9:00-18:00,6.78,26,Tesla,22,Tesla,2010,Yes,3.1,4,Monthly
EVS00061,"5140 Random Rd, City 50, Country",DC Fast Charger,0.33,9:00-18:00,14.40,75,Ionity,22,Tesla,2020,No,4.6,4,Quarterly
EVS00062,"7833 Cape Town Ave, Cape Town",DC Fast Charger,0.23,6:00-22:00,0.68,68,Greenlots,50,Type 2,2023,Yes,4.9,8,Quarterly
EVS00063,"2876 Chicago Ave, Chicago",DC Fast Charger,0.28,9:00-18:00,0.96,49,Greenlots,350,Type 2,2018,No,3.8,9,Annually
EVS00064,"5576 Toronto Ave, Toronto",AC Level 2,0.36,24/7,5.16,31,Ionity,22,Tesla,2018,Yes,3.3,4,Annually
EVS00065,"335 Dubai Ave, Dubai",DC Fast Charger,0.27,24/7,6.58,67,Greenlots,350,"CCS, Type 2",2019,No,4.8,7,Quarterly
EVS00066,"9172 Sydney Ave, Sydney",DC Fast Charger,0.32,24/7,13.68,31,EVgo,350,Tesla,2013,Yes,3.6,3,Monthly
EVS00067,"5052 Seoul Ave, Seoul",AC Level 2,0.45,24/7,8.37,20,Greenlots,150,CHAdeMO,2020,Yes,3.0,3,Monthly
EVS00068,"6966 Beijing Ave, Beijing",DC Fast Charger,0.36,24/7,11.72,43,Tesla,350,"CHAdeMO, Type 2",2015,No,4.5,3,Quarterly
EVS00069,"1979 Dubai Ave, Dubai",DC Fast Charger,0.14,6:00-22:00,4.71,13,Ionity,50,"Tesla, CCS",2016,Yes,3.9,8,Monthly
EVS00070,"436 Los Angeles Ave, Los Angeles",DC Fast Charger,0.41,6:00-22:00,8.75,31,ChargePoint,150,Tesla,2020,No,4.4,10,Quarterly
EVS00071,"6980 Random Rd, City 205, Country",AC Level 2,0.44,9:00-18:00,11.03,19,Greenlots,50,CCS,2017,Yes,4.0,3,Monthly
EVS00072,"9085 Cape Town Ave, Cape Town",AC Level 1,0.46,9:00-18:00,4.17,37,Tesla,22,CHAdeMO,2020,Yes,4.9,6,Quarterly
EVS00073,"1856 Los Angeles Ave, Los Angeles",AC Level 2,0.34,9:00-18:00,2.35,99,Ionity,22,CCS,2016,No,4.4,2,Monthly
EVS00074,"493 Beijing Ave, Beijing",AC Level 1,0.23,24/7,14.31,80,Ionity,350,"Type 2, CHAdeMO",2018,No,4.7,10,Monthly
EVS00075,"9969 Beijing Ave, Beijing",DC Fast Charger,0.45,6:00-22:00,11.68,46,Greenlots,22,CCS,2017,Yes,4.6,1,Annually
EVS00076,"3924 São Paulo Ave, São Paulo",AC Level 2,0.16,24/7,12.25,12,Tesla,50,CCS,2022,Yes,3.1,8,Monthly
EVS00077,"8503 Bangkok Ave, Bangkok",DC Fast Charger,0.46,9:00-18:00,13.81,15,Greenlots,22,CCS,2023,Yes,5.0,10,Monthly
EVS00078,"8542 Sydney Ave, Sydney",AC Level 2,0.34,24/7,8.41,100,ChargePoint,350,Tesla,2017,Yes,3.1,5,Monthly
EVS00079,"3381 Mumbai Ave, Mumbai",DC Fast Charger,0.27,6:00-22:00,10.44,75,ChargePoint,350,"CHAdeMO, Tesla",2022,Yes,4.6,2,Annually
EVS00080,"1935 Los Angeles Ave, Los Angeles",AC Level 2,0.45,24/7,19.25,99,EVgo,150,"CHAdeMO, Tesla",2021,Yes,3.7,4,Annually
EVS00081,"7612 Random Rd, City 96, Country",AC Level 2,0.35,9:00-18:00,5.63,91,EVgo,350,CHAdeMO,2023,No,4.1,10,Annually
EVS00082,"9806 Mexico City Ave, Mexico City",DC Fast Charger,0.32,24/7,16.79,31,EVgo,50,Type 2,2023,Yes,3.5,4,Quarterly
EVS00083,"4122 Cape Town Ave, Cape Town",AC Level 2,0.36,6:00-22:00,16.47,32,Ionity,350,Tesla,2014,Yes,3.8,8,Quarterly
EVS00084,"6532 Moscow Ave, Moscow",AC Level 2,0.28,6:00-22:00,13.67,82,ChargePoint,150,Tesla,2010,Yes,3.8,1,Monthly
EVS00085,"6285 Chicago Ave, Chicago",AC Level 2,0.13,6:00-22:00,8.18,40,Tesla,50,Tesla,2012,Yes,4.9,9,Monthly
EVS00086,"1381 Beijing Ave, Beijing",AC Level 2,0.49,24/7,16.11,99,Tesla,50,"CHAdeMO, Type 2",2011,Yes,4.6,8,Monthly
EVS00087,"6829 Chicago Ave, Chicago",AC Level 2,0.20,6:00-22:00,3.17,91,EVgo,50,Type 2,2019,No,4.5,10,Monthly
EVS00088,"760 Cape Town Ave, Cape Town",DC Fast Charger,0.37,6:00-22:00,19.09,68,Ionity,350,Type 2,2022,No,4.4,6,Monthly
EVS00089,"7708 Toronto Ave, Toronto",AC Level 1,0.16,9:00-18:00,3.08,99,ChargePoint,50,CHAdeMO,2018,No,3.7,6,Quarterly
EVS00090,"4669 Moscow Ave, Moscow",AC Level 2,0.47,6:00-22:00,14.45,11,EVgo,150,"Type 2, Tesla",2016,Yes,4.2,3,Quarterly
EVS00091,"9222 Random Rd, City 384, Country",AC Level 1,0.19,24/7,11.59,98,Ionity,150,Tesla,2015,Yes,4.3,10,Monthly
EVS00092,"7476 San Francisco Ave, San Francisco",AC Level 1,0.39,24/7,13.83,58,EVgo,350,"Tesla, CCS",2018,Yes,3.7,3,Annually
EVS00093,"6288 Berlin Ave, Berlin",AC Level 1,0.11,9:00-18:00,6.63,18,Greenlots,350,"CHAdeMO, Type 2",2022,Yes,4.9,8,Annually
EVS00094,"9796 Berlin Ave, Berlin",AC Level 2,0.30,9:00-18:00,5.57,79,Tesla,50,CCS,2018,Yes,3.5,7,Monthly
EVS00095,"2173 Bangkok Ave, Bangkok",AC Level 1,0.30,6:00-22:00,10.97,67,Greenlots,22,CHAdeMO,2021,No,3.9,3,Quarterly
EVS00096,"3633 São Paulo Ave, São Paulo",AC Level 1,0.11,24/7,18.49,85,ChargePoint,50,"Type 2, CHAdeMO",2014,Yes,4.9,2,Monthly
EVS00097,"8984 Los Angeles Ave, Los Angeles",AC Level 2,0.44,24/7,9.05,25,Tesla,22,"CCS, CHAdeMO",2020,Yes,4.5,5,Quarterly
EVS00098,"7371 Beijing Ave, Beijing",DC Fast Charger,0.20,6:00-22:00,10.82,85,Tesla,350,"CHAdeMO, Type 2",2023,No,3.8,5,Quarterly
EVS00099,"8983 Dubai Ave, Dubai",AC Level 2,0.41,9:00-18:00,4.43,17,Tesla,350,"Type 2, CCS",2015,Yes,3.9,8,Quarterly
EVS00100,"1750 Seoul Ave, Seoul",AC Level 2,0.41,9:00-18:00,3.00,54,ChargePoint,150,Type 2,2018,No,4.8,10,Monthly
EVS00101,"7940 Random Rd, City 40, Country",DC Fast Charger,0.12,24/7,3.06,22,ChargePoint,50,Tesla,2013,Yes,3.2,1,Quarterly
EVS00102,"7022 Beijing Ave, Beijing",DC Fast Charger,0.12,24/7,17.81,41,Ionity,22,"CHAdeMO, Type 2",2023,No,3.2,4,Monthly
EVS00103,"5496 Seoul Ave, Seoul",AC Level 1,0.32,9:00-18:00,8.26,20,Greenlots,22,Type 2,2010,No,3.3,7,Monthly
EVS00104,"4326 Toronto Ave, Toronto",AC Level 2,0.14,6:00-22:00,19.64,93,Ionity,22,"CCS, Tesla",2020,No,3.4,5,Annually
EVS00105,"1236 Mexico City Ave, Mexico City",AC Level 2,0.26,24/7,3.62,76,EVgo,150,Type 2,2018,No,4.4,10,Quarterly
EVS00106,"2317 Mexico City Ave, Mexico City",AC Level 2,0.29,9:00-18:00,0.56,47,ChargePoint,350,Type 2,2012,No,3.2,1,Monthly
EVS00107,"7328 Cape Town Ave, Cape Town",DC Fast Charger,0.31,6:00-22:00,12.84,96,ChargePoint,22,Tesla,2011,No,4.8,7,Annually
EVS00108,"9772 Mumbai Ave, Mumbai",AC Level 2,0.11,6:00-22:00,3.14,43,Tesla,350,CCS,2020,Yes,5.0,7,Annually
EVS00109,"5042 Moscow Ave, Moscow",DC Fast Charger,0.19,24/7,17.93,62,Ionity,50,CCS,2018,No,3.3,7,Quarterly
EVS00110,"7308 Beijing Ave, Beijing",AC Level 1,0.19,9:00-18:00,3.73,68,EVgo,350,"CHAdeMO, Type 2",2018,Yes,4.3,9,Quarterly
EVS00111,"7129 Random Rd, City 300, Country",DC Fast Charger,0.15,6:00-22:00,7.14,43,Ionity,350,Type 2,2010,Yes,3.2,7,Quarterly
EVS00112,"4833 Chicago Ave, Chicago",AC Level 1,0.35,6:00-22:00,2.20,48,Greenlots,50,Tesla,2017,Yes,4.1,2,Quarterly
EVS00113,"563 Bangkok Ave, Bangkok",AC Level 2,0.27,24/7,17.19,22,ChargePoint,150,"CCS, CHAdeMO",2014,Yes,3.2,10,Annually
EVS00114,"1666 Mumbai Ave, Mumbai",AC Level 2,0.39,6:00-22:00,18.54,19,ChargePoint,50,"Tesla, Type 2",2022,Yes,3.5,9,Quarterly
EVS00115,"3505 Seoul Ave, Seoul",AC Level 2,0.31,6:00-22:00,9.12,59,Greenlots,50,"Tesla, Type 2",2018,No,3.4,4,Monthly
EVS00116,"8657 Chicago Ave, Chicago",AC Level 2,0.30,6:00-22:00,1.96,57,ChargePoint,50,Tesla,2017,Yes,4.9,1,Annually
EVS00117,"2491 Beijing Ave, Beijing",AC Level 2,0.37,6:00-22:00,6.45,44,Ionity,22,"CHAdeMO, CCS",2010,No,4.1,7,Annually
EVS00118,"7486 Dubai Ave, Dubai",DC Fast Charger,0.17,24/7,13.63,89,Tesla,22,CCS,2015,No,4.4,8,Quarterly
EVS00119,"157 Dubai Ave, Dubai",AC Level 2,0.18,9:00-18:00,18.85,44,Greenlots,50,"CCS, CHAdeMO",2017,Yes,3.9,6,Monthly
EVS00120,"3530 Sydney Ave, Sydney",AC Level 2,0.28,24/7,11.27,62,Tesla,150,"Type 2, CHAdeMO",2023,No,3.1,9,Annually
EVS00121,"950 Random Rd, City 136, Country",DC Fast Charger,0.40,24/7,6.67,92,Tesla,150,"CCS, Type 2",2017,Yes,3.6,3,Annually
EVS00122,"170 Los Angeles Ave, Los Angeles",AC Level 2,0.29,9:00-18:00,18.60,57,Greenlots,50,CCS,2021,Yes,3.3,2,Monthly
EVS00123,"8450 São Paulo Ave, São Paulo",AC Level 2,0.21,6:00-22:00,7.71,62,Tesla,50,Type 2,2021,Yes,3.7,7,Quarterly
EVS00124,"5746 Moscow Ave, Moscow",AC Level 2,0.46,24/7,8.61,83,EVgo,50,"Tesla, CHAdeMO",2019,Yes,4.5,6,Monthly
EVS00125,"5550 Sydney Ave, Sydney",DC Fast Charger,0.48,6:00-22:00,14.60,33,Tesla,50,"CHAdeMO, CCS",2022,No,3.1,1,Monthly
EVS00126,"7503 Seoul Ave, Seoul",AC Level 1,0.47,24/7,14.80,45,Tesla,150,"Type 2, Tesla",2021,Yes,4.3,10,Annually
EVS00127,"6276 Mexico City Ave, Mexico City",DC Fast Charger,0.21,6:00-22:00,5.86,49,Ionity,22,CCS,2012,No,4.2,8,Quarterly
EVS00128,"6208 Sydney Ave, Sydney",AC Level 2,0.16,24/7,15.95,71,Ionity,50,CCS,2013,No,4.1,6,Annually
EVS00129,"3833 Beijing Ave, Beijing",AC Level 1,0.10,6:00-22:00,11.77,66,Ionity,22,"CCS, Type 2",2021,Yes,4.3,4,Quarterly
EVS00130,"4948 Chicago Ave, Chicago",DC Fast Charger,0.35,24/7,10.65,58,EVgo,150,CCS,2013,Yes,4.0,4,Annually
EVS00131,"8806 Random Rd, City 293, Country",AC Level 1,0.16,6:00-22:00,16.30,28,Tesla,50,CCS,2012,Yes,4.5,1,Annually
EVS00132,"2642 Chicago Ave, Chicago",AC Level 1,0.27,9:00-18:00,4.99,32,EVgo,150,CCS,2016,No,4.9,1,Quarterly
EVS00133,"1811 Dubai Ave, Dubai",DC Fast Charger,0.43,6:00-22:00,2.45,37,EVgo,22,Tesla,2014,Yes,4.8,4,Monthly
EVS00134,"3495 Chicago Ave, Chicago",AC Level 1,0.33,24/7,9.03,26,Greenlots,50,"Tesla, CCS",2017,No,4.5,8,Monthly
EVS00135,"821 Mumbai Ave, Mumbai",DC Fast Charger,0.25,6:00-22:00,6.60,45,Greenlots,350,"Tesla, Type 2",2017,No,4.3,10,Quarterly
EVS00136,"6193 Sydney Ave, Sydney",AC Level 1,0.34,6:00-22:00,5.92,30,Tesla,350,"CHAdeMO, Tesla",2010,No,4.6,4,Quarterly
EVS00137,"3078 Cape Town Ave, Cape Town",AC Level 1,0.41,9:00-18:00,0.59,37,Ionity,350,Type 2,2020,Yes,3.4,4,Quarterly
EVS00138,"4542 Toronto Ave, Toronto",DC Fast Charger,0.33,6:00-22:00,18.44,98,Tesla,22,"CHAdeMO, CCS",2019,Yes,4.7,2,Quarterly
EVS00139,"852 Beijing Ave, Beijing",AC Level 1,0.34,6:00-22:00,12.54,94,Ionity,22,Type 2,2016,Yes,5.0,3,Quarterly
EVS00140,"5698 Cape Town Ave, Cape Town",AC Level 2,0.50,6:00-22:00,6.97,76,Tesla,350,CCS,2011,Yes,4.3,4,Monthly
EVS00141,"8709 Random Rd, City 424, Country",AC Level 1,0.35,6:00-22:00,13.30,87,Tesla,22,"CCS, Type 2",2010,No,4.7,6,Quarterly
EVS00142,"3638 Beijing Ave, Beijing",AC Level 1,0.11,24/7,8.57,85,ChargePoint,150,CCS,2022,No,4.4,10,Monthly
EVS00143,"4783 Cape Town Ave, Cape Town",AC Level 2,0.44,6:00-22:00,0.74,14,ChargePoint,50,"Type 2, CCS",2023,No,3.4,8,Monthly
EVS00144,"7845 Toronto Ave, Toronto",DC Fast Charger,0.15,6:00-22:00,14.65,80,Greenlots,150,CCS,2017,Yes,4.1,4,Annually
EVS00145,"3962 Moscow Ave, Moscow",AC Level 1,0.50,24/7,10.27,34,Greenlots,350,"CCS, Tesla",2012,Yes,4.4,9,Annually
EVS00146,"7670 São Paulo Ave, São Paulo",DC Fast Charger,0.20,24/7,18.53,33,Greenlots,50,CHAdeMO,2010,Yes,4.1,3,Annually
EVS00147,"642 Bangkok Ave, Bangkok",AC Level 1,0.39,6:00-22:00,14.29,42,ChargePoint,350,Tesla,2011,Yes,4.1,9,Quarterly
EVS00148,"668 Berlin Ave, Berlin",AC Level 1,0.41,6:00-22:00,0.64,52,ChargePoint,150,Tesla,2011,No,5.0,6,Monthly
EVS00149,"2735 Mexico City Ave, Mexico City",AC Level 2,0.26,24/7,10.30,75,Tesla,50,"CHAdeMO, Type 2",2018,Yes,4.8,9,Quarterly
EVS00150,"8002 San Francisco Ave, San Francisco",AC Level 2,0.50,6:00-22:00,13.46,95,EVgo,22,Type 2,2017,No,5.0,1,Monthly
EVS00151,"9467 Random Rd, City 394, Country",AC Level 2,0.50,9:00-18:00,19.37,22,Ionity,50,CCS,2013,Yes,3.2,7,Quarterly
EVS00152,"9559 Berlin Ave, Berlin",AC Level 2,0.25,9:00-18:00,11.02,92,Greenlots,22,"CCS, Tesla",2017,No,4.1,3,Monthly
EVS00153,"1810 Cape Town Ave, Cape Town",AC Level 2,0.33,6:00-22:00,7.88,90,ChargePoint,150,"Tesla, CHAdeMO",2015,No,4.6,1,Quarterly
EVS00154,"8891 Toronto Ave, Toronto",AC Level 2,0.33,24/7,3.85,39,Greenlots,150,"CHAdeMO, Tesla",2019,Yes,4.7,5,Quarterly
EVS00155,"866 Dubai Ave, Dubai",AC Level 2,0.11,6:00-22:00,5.51,93,Tesla,50,"Type 2, CCS",2019,Yes,4.3,4,Annually
EVS00156,"8440 Dubai Ave, Dubai",AC Level 2,0.45,24/7,9.78,23,Greenlots,350,"CHAdeMO, Tesla",2020,No,3.7,10,Quarterly
EVS00157,"4259 Sydney Ave, Sydney",AC Level 2,0.22,24/7,4.19,18,Tesla,22,Tesla,2022,Yes,4.9,9,Monthly
EVS00158,"8145 Bangkok Ave, Bangkok",DC Fast Charger,0.13,6:00-22:00,14.81,42,Greenlots,150,CCS,2011,Yes,4.9,4,Monthly
EVS00159,"2502 Chicago Ave, Chicago",AC Level 2,0.37,9:00-18:00,13.61,41,Greenlots,50,CHAdeMO,2021,No,4.0,6,Annually
EVS00160,"5969 Beijing Ave, Beijing",DC Fast Charger,0.39,6:00-22:00,17.32,32,Ionity,350,Tesla,2010,No,4.9,3,Monthly
EVS00161,"4227 Random Rd, City 428, Country",AC Level 2,0.12,9:00-18:00,14.91,53,ChargePoint,22,"CCS, Tesla",2016,No,4.9,3,Annually
EVS00162,"273 San Francisco Ave, San Francisco",DC Fast Charger,0.30,24/7,13.53,30,Ionity,150,CCS,2018,Yes,4.5,3,Annually
EVS00163,"9567 Moscow Ave, Moscow",DC Fast Charger,0.29,9:00-18:00,18.40,17,Tesla,350,Tesla,2021,No,3.8,1,Quarterly
EVS00164,"2651 Moscow Ave, Moscow",AC Level 1,0.12,6:00-22:00,16.50,52,Greenlots,22,Tesla,2015,Yes,4.0,2,Annually
EVS00165,"9305 Los Angeles Ave, Los Angeles",AC Level 1,0.46,9:00-18:00,18.56,100,ChargePoint,50,"CHAdeMO, CCS",2022,Yes,4.2,9,Monthly
EVS00166,"3107 Beijing Ave, Beijing",AC Level 1,0.15,6:00-22:00,16.48,70,Tesla,350,"CCS, CHAdeMO",2013,No,3.7,9,Quarterly
EVS00167,"9001 Seoul Ave, Seoul",DC Fast Charger,0.33,24/7,4.01,53,EVgo,150,CHAdeMO,2014,Yes,4.7,5,Quarterly
EVS00168,"2338 San Francisco Ave, San Francisco",DC Fast Charger,0.13,9:00-18:00,16.32,69,Ionity,150,"Tesla, CHAdeMO",2015,Yes,3.4,7,Monthly
EVS00169,"7216 Los Angeles Ave, Los Angeles",DC Fast Charger,0.47,6:00-22:00,19.40,37,Ionity,22,CCS,2013,Yes,3.8,1,Monthly
EVS00170,"3420 Sydney Ave, Sydney",AC Level 2,0.38,24/7,12.78,94,Greenlots,350,CCS,2012,No,4.6,4,Annually
EVS00171,"8513 Random Rd, City 75, Country",AC Level 1,0.17,9:00-18:00,6.24,21,EVgo,150,Type 2,2015,Yes,3.2,5,Annually
EVS00172,"7508 Seoul Ave, Seoul",DC Fast Charger,0.40,24/7,11.93,35,Tesla,350,"CHAdeMO, Type 2",2017,Yes,4.2,4,Annually
EVS00173,"8034 San Francisco Ave, San Francisco",AC Level 2,0.19,6:00-22:00,11.19,31,ChargePoint,50,Tesla,2017,No,4.3,3,Monthly
EVS00174,"4929 Berlin Ave, Berlin",AC Level 1,0.32,24/7,7.39,45,ChargePoint,22,"CHAdeMO, Tesla",2016,No,4.8,3,Annually
EVS00175,"4448 San Francisco Ave, San Francisco",DC Fast Charger,0.40,9:00-18:00,3.08,80,EVgo,150,"Type 2, Tesla",2014,Yes,5.0,5,Monthly
EVS00176,"9513 Seoul Ave, Seoul",DC Fast Charger,0.17,24/7,12.86,56,ChargePoint,350,Type 2,2015,No,4.1,4,Annually
EVS00177,"7820 Chicago Ave, Chicago",AC Level 2,0.26,6:00-22:00,14.74,25,ChargePoint,150,"CHAdeMO, Type 2",2010,Yes,3.4,4,Annually
EVS00178,"3436 Beijing Ave, Beijing",AC Level 1,0.49,9:00-18:00,2.45,56,Greenlots,350,Type 2,2022,No,4.4,9,Annually
EVS00179,"4247 Mexico City Ave, Mexico City",AC Level 2,0.13,24/7,1.96,75,Tesla,150,"CHAdeMO, Type 2",2017,Yes,3.4,3,Annually
EVS00180,"1592 Moscow Ave, Moscow",AC Level 2,0.29,9:00-18:00,19.63,77,EVgo,50,"CHAdeMO, Tesla",2017,Yes,4.3,3,Monthly
EVS00181,"7167 Random Rd, City 496, Country",AC Level 2,0.14,6:00-22:00,5.29,79,Ionity,22,"Type 2, Tesla",2019,No,4.4,6,Annually
EVS00182,"7953 Seoul Ave, Seoul",AC Level 1,0.30,24/7,4.23,38,Ionity,22,"Type 2, Tesla",2015,No,4.4,9,Quarterly
EVS00183,"4051 São Paulo Ave, São Paulo",AC Level 1,0.19,24/7,7.58,75,EVgo,350,"Tesla, Type 2",2023,Yes,4.5,3,Monthly
EVS00184,"4717 Mexico City Ave, Mexico City",DC Fast Charger,0.27,6:00-22:00,16.86,12,ChargePoint,150,"CCS, CHAdeMO",2022,No,3.3,1,Annually
EVS00185,"8712 São Paulo Ave, São Paulo",AC Level 2,0.48,9:00-18:00,4.83,13,Greenlots,150,CHAdeMO,2021,No,5.0,10,Quarterly
EVS00186,"2955 Mexico City Ave, Mexico City",AC Level 1,0.31,6:00-22:00,11.61,35,Tesla,150,"CCS, CHAdeMO",2020,No,4.1,4,Annually
EVS00187,"5172 Mumbai Ave, Mumbai",DC Fast Charger,0.31,6:00-22:00,3.65,23,EVgo,50,Tesla,2011,No,4.4,9,Monthly
EVS00188,"662 Toronto Ave, Toronto",DC Fast Charger,0.35,24/7,18.49,15,Greenlots,22,Type 2,2022,Yes,3.6,2,Quarterly
EVS00189,"4948 Bangkok Ave, Bangkok",AC Level 1,0.48,6:00-22:00,4.24,28,Ionity,22,CHAdeMO,2022,No,3.1,7,Quarterly
EVS00190,"5090 Bangkok Ave, Bangkok",AC Level 1,0.44,24/7,19.45,79,Greenlots,350,CCS,2011,No,3.4,7,Annually
EVS00191,"9687 Random Rd, City 275, Country",AC Level 2,0.25,24/7,1.49,78,Ionity,150,"Type 2, Tesla",2017,Yes,4.3,2,Quarterly
EVS00192,"950 Mexico City Ave, Mexico City",DC Fast Charger,0.23,24/7,17.85,56,EVgo,50,CHAdeMO,2012,No,3.2,5,Quarterly
EVS00193,"4932 Mumbai Ave, Mumbai",AC Level 2,0.15,9:00-18:00,11.54,58,ChargePoint,50,Type 2,2011,No,4.9,2,Annually
EVS00194,"103 Berlin Ave, Berlin",AC Level 1,0.26,9:00-18:00,9.22,70,Tesla,350,CHAdeMO,2012,Yes,3.8,7,Quarterly
EVS00195,"8558 Toronto Ave, Toronto",DC Fast Charger,0.48,9:00-18:00,11.94,95,EVgo,150,CHAdeMO,2010,No,3.9,4,Quarterly
EVS00196,"8293 São Paulo Ave, São Paulo",AC Level 1,0.11,9:00-18:00,8.10,30,ChargePoint,350,Tesla,2023,No,4.3,5,Monthly
EVS00197,"9086 Moscow Ave, Moscow",AC Level 1,0.36,24/7,14.41,31,Tesla,50,"CHAdeMO, Tesla",2011,Yes,3.5,7,Monthly
EVS00198,"2447 Berlin Ave, Berlin",AC Level 1,0.14,9:00-18:00,4.39,92,EVgo,350,Tesla,2014,Yes,4.8,10,Quarterly
EVS00199,"6519 Dubai Ave, Dubai",DC Fast Charger,0.29,24/7,5.79,45,Greenlots,150,"Tesla, CHAdeMO",2019,No,4.8,9,Monthly
EVS00200,"9336 Los Angeles Ave, Los Angeles",DC Fast Charger,0.33,9:00-18:00,2.22,17,Tesla,350,CCS,2011,Yes,3.3,10,Quarterly
EVS00201,"7820 Random Rd, City 148, Country",AC Level 1,0.38,6:00-22:00,19.15,19,Greenlots,150,"Tesla, CCS",2023,No,4.8,7,Monthly
EVS00202,"275 Berlin Ave, Berlin",AC Level 2,0.11,6:00-22:00,10.66,18,Tesla,22,Tesla,2022,No,4.4,10,Quarterly
EVS00203,"9022 Cape Town Ave, Cape Town",AC Level 2,0.15,6:00-22:00,16.61,51,EVgo,150,CHAdeMO,2018,Yes,3.2,2,Quarterly
EVS00204,"4885 Cape Town Ave, Cape Town",AC Level 1,0.49,9:00-18:00,4.28,81,ChargePoint,22,Type 2,2011,Yes,3.9,3,Annually
EVS00205,"5225 Toronto Ave, Toronto",AC Level 1,0.14,6:00-22:00,6.97,78,ChargePoint,22,CHAdeMO,2020,Yes,3.0,6,Annually
EVS00206,"4652 Mexico City Ave, Mexico City",AC Level 2,0.38,24/7,18.60,66,Greenlots,50,CCS,2012,Yes,4.4,4,Annually
EVS00207,"9330 Berlin Ave, Berlin",DC Fast Charger,0.17,9:00-18:00,2.03,16,Ionity,350,"Type 2, Tesla",2023,Yes,4.1,5,Annually
EVS00208,"7980 Beijing Ave, Beijing",AC Level 2,0.34,6:00-22:00,17.98,92,Greenlots,50,Tesla,2010,No,4.2,3,Annually
EVS00209,"2207 Sydney Ave, Sydney",AC Level 2,0.45,9:00-18:00,19.41,69,Tesla,350,"Type 2, CCS",2017,Yes,4.1,10,Annually
EVS00210,"5565 Mumbai Ave, Mumbai",AC Level 2,0.33,24/7,4.19,70,Tesla,350,CHAdeMO,2010,No,3.4,3,Quarterly
EVS00211,"3257 Random Rd, City 66, Country",AC Level 1,0.43,24/7,7.52,43,Greenlots,50,"Tesla, Type 2",2014,Yes,3.5,4,Monthly
EVS00212,"9181 Moscow Ave, Moscow",DC Fast Charger,0.42,24/7,5.35,32,EVgo,350,"Type 2, CHAdeMO",2011,No,4.8,10,Monthly
EVS00213,"4470 Chicago Ave, Chicago",DC Fast Charger,0.22,24/7,10.63,32,Ionity,22,"Type 2, Tesla",2018,Yes,4.7,1,Monthly
EVS00214,"226 Mexico City Ave, Mexico City",AC Level 1,0.11,6:00-22:00,14.17,52,Greenlots,150,"Type 2, CHAdeMO",2015,Yes,4.2,3,Monthly
EVS00215,"6861 San Francisco Ave, San Francisco",DC Fast Charger,0.22,9:00-18:00,12.98,30,ChargePoint,22,"Tesla, Type 2",2011,No,3.7,6,Annually
EVS00216,"3504 Bangkok Ave, Bangkok",AC Level 2,0.24,6:00-22:00,7.95,90,EVgo,22,Tesla,2013,Yes,3.9,9,Monthly
EVS00217,"9968 Seoul Ave, Seoul",DC Fast Charger,0.27,24/7,15.99,94,EVgo,22,Type 2,2019,No,3.4,4,Monthly
EVS00218,"7958 Mexico City Ave, Mexico City",DC Fast Charger,0.22,24/7,2.90,65,Ionity,150,CCS,2014,No,4.8,2,Annually
EVS00219,"5083 San Francisco Ave, San Francisco",AC Level 1,0.25,9:00-18:00,16.30,71,ChargePoint,150,"Tesla, CHAdeMO",2021,No,4.6,5,Quarterly
EVS00220,"4620 Dubai Ave, Dubai",AC Level 2,0.32,6:00-22:00,13.84,93,Tesla,350,"Tesla, Type 2",2010,No,3.0,9,Annually
EVS00221,"3372 Random Rd, City 151, Country",AC Level 1,0.30,6:00-22:00,14.60,73,EVgo,150,Type 2,2023,Yes,4.1,9,Annually
EVS00222,"7852 Berlin Ave, Berlin",AC Level 1,0.23,9:00-18:00,9.55,49,Ionity,150,Type 2,2023,No,4.7,5,Quarterly
EVS00223,"9887 Toronto Ave, Toronto",AC Level 1,0.22,6:00-22:00,13.18,40,EVgo,150,"Type 2, CHAdeMO",2020,Yes,4.0,4,Monthly
EVS00224,"2646 Dubai Ave, Dubai",DC Fast Charger,0.33,9:00-18:00,10.57,63,EVgo,22,Tesla,2017,Yes,4.0,1,Quarterly
EVS00225,"4917 Seoul Ave, Seoul",AC Level 1,0.42,9:00-18:00,7.24,19,ChargePoint,22,Type 2,2010,Yes,4.6,8,Monthly
EVS00226,"4786 Bangkok Ave, Bangkok",DC Fast Charger,0.45,6:00-22:00,15.40,70,Greenlots,350,"CHAdeMO, CCS",2019,Yes,4.3,5,Quarterly
EVS00227,"2267 Seoul Ave, Seoul",AC Level 1,0.26,9:00-18:00,5.68,43,EVgo,22,CCS,2017,Yes,4.5,2,Annually
EVS00228,"9700 Sydney Ave, Sydney",DC Fast Charger,0.49,9:00-18:00,12.13,92,Greenlots,22,CHAdeMO,2019,Yes,4.9,3,Quarterly
EVS00229,"3482 Mexico City Ave, Mexico City",AC Level 2,0.35,24/7,15.25,49,Tesla,22,CHAdeMO,2020,Yes,3.6,2,Monthly
EVS00230,"9591 Mexico City Ave, Mexico City",DC Fast Charger,0.10,9:00-18:00,15.67,45,Ionity,22,Tesla,2010,Yes,3.9,3,Monthly
EVS00231,"9516 Random Rd, City 95, Country",AC Level 2,0.19,24/7,2.77,60,Greenlots,22,"CCS, Tesla",2018,Yes,4.6,7,Annually
EVS00232,"3472 Chicago Ave, Chicago",DC Fast Charger,0.38,6:00-22:00,8.58,41,EVgo,50,"Type 2, Tesla",2010,No,3.4,6,Quarterly
EVS00233,"3167 Cape Town Ave, Cape Town",AC Level 1,0.36,24/7,0.90,56,Ionity,350,CCS,2019,No,3.6,4,Monthly
EVS00234,"9279 Cape Town Ave, Cape Town",AC Level 2,0.29,6:00-22:00,6.75,98,Ionity,50,CHAdeMO,2016,No,4.6,3,Monthly
EVS00235,"2695 Beijing Ave, Beijing",DC Fast Charger,0.12,9:00-18:00,5.59,72,ChargePoint,22,"Type 2, Tesla",2021,No,3.9,3,Annually
EVS00236,"1703 Seoul Ave, Seoul",AC Level 2,0.32,6:00-22:00,13.19,20,EVgo,22,CCS,2020,Yes,3.1,6,Annually
EVS00237,"7608 Seoul Ave, Seoul",AC Level 2,0.10,9:00-18:00,10.03,41,Tesla,50,"Type 2, Tesla",2023,Yes,4.8,9,Quarterly
EVS00238,"4891 Seoul Ave, Seoul",DC Fast Charger,0.33,9:00-18:00,16.23,98,Tesla,150,Tesla,2019,No,4.7,6,Monthly
EVS00239,"9259 Los Angeles Ave, Los Angeles",AC Level 2,0.18,9:00-18:00,12.95,94,Ionity,150,Tesla,2014,Yes,3.2,8,Quarterly
EVS00240,"5512 Los Angeles Ave, Los Angeles",AC Level 1,0.48,9:00-18:00,5.95,23,Ionity,22,"Type 2, CHAdeMO",2022,Yes,4.8,3,Monthly
EVS00241,"946 Random Rd, City 69, Country",AC Level 1,0.30,6:00-22:00,5.66,67,Greenlots,350,CCS,2011,Yes,4.8,3,Quarterly
EVS00242,"8128 Toronto Ave, Toronto",AC Level 2,0.21,6:00-22:00,8.91,50,Ionity,50,"Tesla, CHAdeMO",2013,Yes,4.8,10,Monthly
EVS00243,"9065 Moscow Ave, Moscow",AC Level 1,0.44,9:00-18:00,14.77,40,EVgo,350,CCS,2013,No,3.7,6,Annually
EVS00244,"3264 Los Angeles Ave, Los Angeles",AC Level 2,0.10,6:00-22:00,12.34,89,ChargePoint,50,"Type 2, CHAdeMO",2013,No,4.9,1,Monthly
EVS00245,"239 San Francisco Ave, San Francisco",AC Level 2,0.13,6:00-22:00,7.96,17,ChargePoint,150,Tesla,2020,Yes,4.9,3,Annually
EVS00246,"887 Dubai Ave, Dubai",AC Level 2,0.26,6:00-22:00,3.26,25,Greenlots,350,Type 2,2017,Yes,4.5,7,Quarterly
EVS00247,"9612 Los Angeles Ave, Los Angeles",AC Level 1,0.17,9:00-18:00,11.80,10,EVgo,50,Type 2,2015,No,3.4,6,Monthly
EVS00248,"3800 Mumbai Ave, Mumbai",DC Fast Charger,0.44,6:00-22:00,10.95,92,Tesla,150,"CCS, Type 2",2012,Yes,3.5,7,Quarterly
EVS00249,"98 Bangkok Ave, Bangkok",DC Fast Charger,0.22,9:00-18:00,18.59,11,Greenlots,22,CCS,2017,No,5.0,5,Monthly
EVS00250,"8981 San Francisco Ave, San Francisco",DC Fast Charger,0.33,6:00-22:00,19.44,31,ChargePoint,50,Tesla,2010,Yes,4.4,10,Annually
EVS00251,"8144 Random Rd, City 88, Country",DC Fast Charger,0.29,9:00-18:00,13.59,53,EVgo,22,"CHAdeMO, Tesla",2019,No,4.1,9,Monthly
EVS00252,"6714 Seoul Ave, Seoul",AC Level 2,0.21,9:00-18:00,18.15,81,Tesla,350,"Tesla, Type 2",2010,Yes,3.2,7,Monthly
EVS00253,"1747 Seoul Ave, Seoul",DC Fast Charger,0.13,24/7,3.83,89,Ionity,50,"Tesla, Type 2",2022,No,3.3,8,Quarterly
EVS00254,"3604 Berlin Ave, Berlin",AC Level 1,0.38,9:00-18:00,4.98,54,ChargePoint,150,CCS,2015,No,5.0,1,Quarterly
EVS00255,"9106 Mexico City Ave, Mexico City",DC Fast Charger,0.18,24/7,4.54,93,EVgo,350,CHAdeMO,2018,Yes,4.7,10,Annually
EVS00256,"7234 Beijing Ave, Beijing",AC Level 2,0.24,24/7,18.45,21,ChargePoint,50,"CHAdeMO, Tesla",2016,Yes,3.5,5,Quarterly
EVS00257,"2574 Bangkok Ave, Bangkok",AC Level 1,0.45,24/7,19.91,49,Tesla,22,CHAdeMO,2011,No,4.0,3,Quarterly
EVS00258,"3303 Dubai Ave, Dubai",AC Level 2,0.40,9:00-18:00,16.26,30,Ionity,150,"Tesla, Type 2",2020,No,3.5,2,Annually
EVS00259,"3146 Mumbai Ave, Mumbai",AC Level 2,0.17,24/7,19.58,13,EVgo,350,CHAdeMO,2012,No,3.9,4,Quarterly
EVS00260,"7548 São Paulo Ave, São Paulo",DC Fast Charger,0.34,6:00-22:00,3.68,63,Ionity,22,"Tesla, CHAdeMO",2023,Yes,4.4,2,Annually
EVS00261,"4938 Random Rd, City 479, Country",AC Level 2,0.21,9:00-18:00,3.99,49,EVgo,50,CCS,2016,No,4.6,6,Quarterly
EVS00262,"6384 Sydney Ave, Sydney",AC Level 2,0.13,9:00-18:00,17.13,77,ChargePoint,50,"CCS, CHAdeMO",2022,Yes,3.5,3,Annually
EVS00263,"5718 Seoul Ave, Seoul",DC Fast Charger,0.42,9:00-18:00,4.88,30,Greenlots,50,"CCS, CHAdeMO",2022,Yes,3.5,3,Monthly
EVS00264,"1953 Mumbai Ave, Mumbai",AC Level 2,0.50,9:00-18:00,3.69,81,EVgo,50,CHAdeMO,2020,Yes,3.7,6,Monthly
EVS00265,"5383 Berlin Ave, Berlin",DC Fast Charger,0.20,24/7,19.99,55,Tesla,350,CHAdeMO,2021,No,5.0,9,Annually
EVS00266,"7437 Dubai Ave, Dubai",AC Level 1,0.19,6:00-22:00,19.31,83,EVgo,150,"CCS, Tesla",2020,Yes,3.5,5,Quarterly
EVS00267,"9781 Berlin Ave, Berlin",AC Level 2,0.44,9:00-18:00,10.33,94,EVgo,50,"Tesla, CHAdeMO",2022,No,4.4,2,Monthly
EVS00268,"8076 Los Angeles Ave, Los Angeles",DC Fast Charger,0.21,6:00-22:00,4.69,53,Ionity,50,Tesla,2021,No,4.0,10,Annually
EVS00269,"9697 Beijing Ave, Beijing",AC Level 2,0.24,24/7,5.66,75,Tesla,50,Type 2,2014,Yes,4.3,8,Annually
EVS00270,"3111 Mumbai Ave, Mumbai",DC Fast Charger,0.27,9:00-18:00,13.77,20,Ionity,150,CCS,2018,No,4.0,1,Monthly
EVS00271,"1215 Random Rd, City 269, Country",AC Level 2,0.16,6:00-22:00,6.52,94,ChargePoint,50,CHAdeMO,2012,No,3.5,4,Annually
EVS00272,"8765 Chicago Ave, Chicago",DC Fast Charger,0.17,9:00-18:00,10.65,57,Ionity,22,"CHAdeMO, Type 2",2017,Yes,4.7,2,Monthly
EVS00273,"9302 Mexico City Ave, Mexico City",AC Level 2,0.45,24/7,9.92,74,EVgo,22,"CCS, Tesla",2014,No,3.3,9,Annually
EVS00274,"9302 São Paulo Ave, São Paulo",AC Level 2,0.15,6:00-22:00,16.56,71,Greenlots,50,CHAdeMO,2018,No,4.8,7,Quarterly
EVS00275,"4406 Los Angeles Ave, Los Angeles",AC Level 1,0.24,9:00-18:00,8.19,24,Greenlots,22,"CHAdeMO, CCS",2011,Yes,4.1,5,Monthly
EVS00276,"3671 Mexico City Ave, Mexico City",AC Level 1,0.31,9:00-18:00,16.13,22,Tesla,22,"CCS, Type 2",2020,Yes,3.8,5,Annually
EVS00277,"1979 Dubai Ave, Dubai",AC Level 2,0.40,6:00-22:00,13.94,82,Greenlots,50,"Type 2, CCS",2011,Yes,3.8,5,Annually
EVS00278,"3276 Mumbai Ave, Mumbai",DC Fast Charger,0.37,24/7,3.84,98,EVgo,150,Tesla,2020,No,3.2,2,Quarterly
EVS00279,"5856 Berlin Ave, Berlin",AC Level 2,0.38,6:00-22:00,9.33,61,Greenlots,22,CCS,2014,Yes,4.5,7,Quarterly
EVS00280,"4464 Los Angeles Ave, Los Angeles",AC Level 2,0.14,6:00-22:00,17.41,43,EVgo,350,"CHAdeMO, CCS",2021,No,4.5,7,Annually
EVS00281,"7068 Random Rd, City 179, Country",AC Level 2,0.50,9:00-18:00,2.04,48,EVgo,150,Type 2,2017,Yes,3.8,5,Annually
EVS00282,"8217 Moscow Ave, Moscow",AC Level 2,0.50,6:00-22:00,13.15,91,EVgo,350,"Type 2, CHAdeMO",2017,Yes,3.9,7,Annually
EVS00283,"9864 Bangkok Ave, Bangkok",DC Fast Charger,0.46,24/7,6.03,96,Greenlots,50,CHAdeMO,2023,Yes,3.3,3,Quarterly
EVS00284,"8022 Moscow Ave, Moscow",AC Level 2,0.17,9:00-18:00,15.13,81,Greenlots,22,"Type 2, CHAdeMO",2019,No,3.1,4,Monthly
EVS00285,"3103 Chicago Ave, Chicago",AC Level 2,0.11,9:00-18:00,12.25,72,ChargePoint,22,"CCS, CHAdeMO",2017,No,4.9,4,Quarterly
EVS00286,"836 Moscow Ave, Moscow",AC Level 1,0.42,24/7,9.14,96,Ionity,22,"Tesla, CHAdeMO",2015,No,4.3,2,Quarterly
EVS00287,"8540 Cape Town Ave, Cape Town",AC Level 2,0.30,24/7,12.97,60,Ionity,22,Type 2,2017,No,5.0,9,Quarterly
EVS00288,"4873 Cape Town Ave, Cape Town",DC Fast Charger,0.30,6:00-22:00,7.47,87,ChargePoint,50,CHAdeMO,2017,No,3.7,8,Quarterly
EVS00289,"2755 Toronto Ave, Toronto",DC Fast Charger,0.45,6:00-22:00,15.56,41,Tesla,150,"Type 2, CCS",2021,No,4.4,2,Annually
EVS00290,"1631 Seoul Ave, Seoul",AC Level 1,0.14,9:00-18:00,7.03,45,ChargePoint,50,CCS,2015,Yes,4.9,7,Monthly
EVS00291,"6615 Random Rd, City 372, Country",AC Level 1,0.23,6:00-22:00,8.49,38,Tesla,22,Tesla,2011,Yes,3.2,4,Annually
EVS00292,"6691 Los Angeles Ave, Los Angeles",DC Fast Charger,0.29,6:00-22:00,3.95,28,Greenlots,150,Type 2,2021,Yes,3.9,1,Annually
EVS00293,"3691 Mexico City Ave, Mexico City",DC Fast Charger,0.41,9:00-18:00,16.52,50,ChargePoint,150,CHAdeMO,2014,Yes,4.5,2,Quarterly
EVS00294,"676 Toronto Ave, Toronto",AC Level 2,0.24,9:00-18:00,12.75,73,Greenlots,350,Type 2,2017,No,3.6,9,Annually
EVS00295,"9320 Chicago Ave, Chicago",AC Level 2,0.14,24/7,18.45,59,EVgo,22,CCS,2021,No,3.1,8,Annually
EVS00296,"2013 Chicago Ave, Chicago",AC Level 2,0.41,9:00-18:00,14.98,96,Greenlots,350,CHAdeMO,2018,No,4.6,5,Monthly
EVS00297,"4198 Mumbai Ave, Mumbai",DC Fast Charger,0.23,6:00-22:00,1.82,75,ChargePoint,350,Tesla,2015,No,4.6,9,Quarterly
EVS00298,"4654 Beijing Ave, Beijing",AC Level 2,0.18,24/7,1.17,34,EVgo,22,"Tesla, Type 2",2014,Yes,3.8,6,Monthly
EVS00299,"7913 São Paulo Ave, São Paulo",AC Level 1,0.33,9:00-18:00,19.97,18,EVgo,350,"CCS, CHAdeMO",2022,Yes,4.1,9,Quarterly
EVS00300,"1120 Beijing Ave, Beijing",DC Fast Charger,0.30,24/7,11.71,32,Ionity,22,CHAdeMO,2011,Yes,3.1,9,Annually
EVS00301,"5492 Random Rd, City 24, Country",DC Fast Charger,0.22,6:00-22:00,8.22,94,Tesla,50,CCS,2014,Yes,3.8,10,Annually
EVS00302,"5315 Mumbai Ave, Mumbai",DC Fast Charger,0.24,9:00-18:00,11.64,71,Tesla,350,CCS,2011,Yes,4.0,6,Annually
EVS00303,"8711 Chicago Ave, Chicago",AC Level 1,0.33,6:00-22:00,1.56,39,EVgo,350,"CCS, Type 2",2016,No,3.9,10,Monthly
EVS00304,"1387 Mexico City Ave, Mexico City",DC Fast Charger,0.49,6:00-22:00,18.90,86,Tesla,22,Type 2,2019,No,3.9,9,Annually
EVS00305,"6078 Cape Town Ave, Cape Town",AC Level 2,0.37,9:00-18:00,0.55,39,Ionity,22,"Tesla, CCS",2018,No,3.2,4,Annually
EVS00306,"9684 Beijing Ave, Beijing",AC Level 1,0.46,6:00-22:00,6.91,40,Greenlots,22,"Type 2, CCS",2016,No,3.9,6,Quarterly
EVS00307,"106 Mexico City Ave, Mexico City",AC Level 1,0.24,6:00-22:00,12.41,49,EVgo,350,"Type 2, CHAdeMO",2014,No,3.5,10,Monthly
EVS00308,"6499 Chicago Ave, Chicago",DC Fast Charger,0.20,6:00-22:00,5.45,64,ChargePoint,50,"Type 2, CCS",2016,No,3.2,2,Monthly
EVS00309,"6538 Toronto Ave, Toronto",AC Level 2,0.16,6:00-22:00,0.57,60,Ionity,50,"CHAdeMO, Type 2",2018,Yes,3.7,6,Monthly
EVS00310,"2076 Mumbai Ave, Mumbai",AC Level 2,0.41,6:00-22:00,13.72,10,EVgo,350,"CCS, CHAdeMO",2022,Yes,3.0,7,Quarterly
EVS00311,"2931 Random Rd, City 265, Country",AC Level 1,0.20,6:00-22:00,12.26,86,ChargePoint,350,Type 2,2022,No,3.9,2,Monthly
EVS00312,"246 Chicago Ave, Chicago",DC Fast Charger,0.13,6:00-22:00,13.45,13,Tesla,50,"CCS, CHAdeMO",2017,No,3.0,10,Quarterly
EVS00313,"3176 Berlin Ave, Berlin",AC Level 1,0.11,24/7,2.92,69,Ionity,350,CCS,2018,No,4.2,4,Annually
EVS00314,"1021 Chicago Ave, Chicago",AC Level 2,0.16,6:00-22:00,1.01,44,Ionity,350,"Type 2, Tesla",2010,Yes,3.2,3,Monthly
EVS00315,"4936 Mumbai Ave, Mumbai",AC Level 2,0.19,6:00-22:00,10.08,36,Ionity,50,"CCS, Type 2",2015,Yes,3.3,3,Annually
EVS00316,"5399 Seoul Ave, Seoul",DC Fast Charger,0.22,24/7,1.94,74,Greenlots,150,"Type 2, CCS",2014,No,4.9,9,Monthly
EVS00317,"672 Mumbai Ave, Mumbai",AC Level 1,0.15,24/7,8.07,78,Ionity,350,Type 2,2011,No,4.2,6,Monthly
EVS00318,"6455 Beijing Ave, Beijing",AC Level 2,0.27,24/7,5.88,73,EVgo,150,"Type 2, Tesla",2021,No,4.0,9,Monthly
EVS00319,"1563 Moscow Ave, Moscow",AC Level 2,0.13,24/7,8.62,13,Tesla,350,"CCS, Type 2",2021,No,3.4,8,Annually
EVS00320,"5062 Cape Town Ave, Cape Town",AC Level 2,0.43,9:00-18:00,7.79,27,ChargePoint,50,CHAdeMO,2015,No,4.7,7,Monthly
EVS00321,"9748 Random Rd, City 276, Country",AC Level 1,0.16,24/7,7.37,29,ChargePoint,150,"Tesla, Type 2",2019,No,5.0,10,Annually
EVS00322,"9728 Beijing Ave, Beijing",AC Level 2,0.15,6:00-22:00,4.74,94,EVgo,150,"CHAdeMO, Tesla",2016,Yes,4.2,1,Annually
EVS00323,"5185 Bangkok Ave, Bangkok",DC Fast Charger,0.41,6:00-22:00,8.44,41,EVgo,150,"CHAdeMO, CCS",2013,Yes,4.0,1,Annually
EVS00324,"1862 San Francisco Ave, San Francisco",AC Level 2,0.27,9:00-18:00,2.76,20,ChargePoint,350,"Tesla, CHAdeMO",2011,Yes,4.3,8,Annually
EVS00325,"4976 Los Angeles Ave, Los Angeles",AC Level 2,0.31,24/7,11.79,98,Ionity,150,CHAdeMO,2010,No,3.7,1,Annually
EVS00326,"2656 Chicago Ave, Chicago",AC Level 1,0.16,9:00-18:00,16.48,30,Tesla,50,"CCS, Type 2",2011,Yes,4.5,4,Monthly
EVS00327,"824 Los Angeles Ave, Los Angeles",AC Level 2,0.31,6:00-22:00,16.48,36,EVgo,150,Tesla,2016,No,4.9,4,Monthly
EVS00328,"2168 São Paulo Ave, São Paulo",AC Level 2,0.11,6:00-22:00,9.90,59,Tesla,22,Tesla,2018,Yes,3.3,3,Monthly
EVS00329,"7911 Bangkok Ave, Bangkok",AC Level 2,0.11,6:00-22:00,10.34,98,EVgo,50,Type 2,2013,No,4.4,3,Quarterly
EVS00330,"9275 Mexico City Ave, Mexico City",AC Level 1,0.43,24/7,14.48,23,Tesla,150,"Tesla, Type 2",2010,No,4.3,9,Annually
EVS00331,"9481 Random Rd, City 246, Country",AC Level 1,0.13,24/7,10.27,47,Greenlots,350,"CCS, CHAdeMO",2013,Yes,4.8,1,Quarterly
EVS00332,"2039 Moscow Ave, Moscow",DC Fast Charger,0.21,9:00-18:00,16.38,55,Ionity,22,"CCS, CHAdeMO",2015,No,3.4,1,Monthly
EVS00333,"2497 Los Angeles Ave, Los Angeles",AC Level 1,0.13,9:00-18:00,9.66,29,Tesla,150,Tesla,2017,Yes,4.5,4,Monthly
EVS00334,"6812 Chicago Ave, Chicago",AC Level 2,0.24,9:00-18:00,18.99,23,EVgo,50,Type 2,2023,Yes,4.2,4,Annually
EVS00335,"5657 Mexico City Ave, Mexico City",DC Fast Charger,0.31,9:00-18:00,13.37,75,EVgo,350,"CCS, Tesla",2015,No,4.5,4,Quarterly
EVS00336,"6205 Moscow Ave, Moscow",AC Level 2,0.41,6:00-22:00,16.13,68,ChargePoint,22,CCS,2022,Yes,3.2,6,Quarterly
EVS00337,"9000 Mexico City Ave, Mexico City",DC Fast Charger,0.22,6:00-22:00,17.36,78,Greenlots,150,"CHAdeMO, Tesla",2016,No,4.1,3,Annually
EVS00338,"3400 San Francisco Ave, San Francisco",DC Fast Charger,0.16,6:00-22:00,7.89,25,Greenlots,22,"Type 2, CHAdeMO",2013,No,4.0,6,Quarterly
EVS00339,"9428 Sydney Ave, Sydney",DC Fast Charger,0.13,9:00-18:00,7.61,64,Greenlots,150,"CCS, Tesla",2021,No,4.9,2,Monthly
EVS00340,"9993 Seoul Ave, Seoul",DC Fast Charger,0.13,24/7,4.15,25,Greenlots,22,Type 2,2017,No,3.6,8,Annually
EVS00341,"9485 Random Rd, City 282, Country",AC Level 1,0.31,6:00-22:00,10.98,43,Greenlots,350,Tesla,2016,Yes,3.1,2,Annually
EVS00342,"971 Seoul Ave, Seoul",DC Fast Charger,0.38,24/7,0.53,58,Tesla,150,CHAdeMO,2010,Yes,4.5,3,Monthly
EVS00343,"1366 Mexico City Ave, Mexico City",DC Fast Charger,0.47,9:00-18:00,11.93,90,ChargePoint,50,CCS,2019,Yes,4.1,5,Quarterly
EVS00344,"6363 Sydney Ave, Sydney",AC Level 1,0.14,24/7,17.55,25,Tesla,150,"CHAdeMO, CCS",2017,No,4.3,2,Annually
EVS00345,"7409 Dubai Ave, Dubai",AC Level 1,0.23,24/7,14.30,41,ChargePoint,22,"CHAdeMO, Type 2",2010,Yes,4.4,7,Quarterly
EVS00346,"2751 Dubai Ave, Dubai",DC Fast Charger,0.21,6:00-22:00,7.32,41,Greenlots,350,CCS,2017,No,3.2,6,Annually
EVS00347,"1429 Moscow Ave, Moscow",AC Level 1,0.20,9:00-18:00,16.30,79,Greenlots,50,"Tesla, CCS",2013,Yes,3.1,3,Quarterly
EVS00348,"6963 Mumbai Ave, Mumbai",AC Level 2,0.32,9:00-18:00,2.29,67,Ionity,50,"CHAdeMO, Tesla",2020,No,3.4,2,Quarterly
EVS00349,"1354 Bangkok Ave, Bangkok",DC Fast Charger,0.33,9:00-18:00,10.53,74,EVgo,22,"Tesla, CCS",2020,No,4.8,10,Monthly
EVS00350,"8612 Dubai Ave, Dubai",DC Fast Charger,0.32,9:00-18:00,15.74,35,EVgo,150,CCS,2021,Yes,3.3,4,Annually
EVS00351,"2613 Random Rd, City 467, Country",DC Fast Charger,0.42,6:00-22:00,0.53,10,Ionity,150,Type 2,2016,Yes,3.3,8,Monthly
EVS00352,"9625 Sydney Ave, Sydney",DC Fast Charger,0.35,6:00-22:00,13.41,63,Ionity,22,CCS,2015,No,4.0,1,Annually
EVS00353,"6672 Cape Town Ave, Cape Town",AC Level 1,0.42,6:00-22:00,12.27,89,Ionity,50,"Tesla, CHAdeMO",2015,Yes,3.8,10,Quarterly
EVS00354,"3427 Bangkok Ave, Bangkok",AC Level 1,0.19,6:00-22:00,14.13,68,EVgo,350,CCS,2015,No,4.9,8,Monthly
EVS00355,"8983 Sydney Ave, Sydney",DC Fast Charger,0.40,24/7,4.48,35,Greenlots,150,"Type 2, CHAdeMO",2018,Yes,4.2,1,Annually
EVS00356,"842 San Francisco Ave, San Francisco",DC Fast Charger,0.22,6:00-22:00,18.87,86,ChargePoint,50,CHAdeMO,2014,No,4.4,8,Quarterly
EVS00357,"2053 San Francisco Ave, San Francisco",AC Level 1,0.24,9:00-18:00,14.60,66,Greenlots,22,"CHAdeMO, Type 2",2020,Yes,4.9,3,Monthly
EVS00358,"6408 Los Angeles Ave, Los Angeles",AC Level 2,0.13,9:00-18:00,17.81,37,Tesla,22,CHAdeMO,2021,No,3.0,9,Annually
EVS00359,"4207 Mumbai Ave, Mumbai",DC Fast Charger,0.26,6:00-22:00,13.70,13,Tesla,22,"CCS, Type 2",2023,No,4.1,5,Monthly
EVS00360,"3712 Sydney Ave, Sydney",DC Fast Charger,0.32,6:00-22:00,4.37,73,ChargePoint,50,"CCS, Type 2",2014,No,4.3,8,Annually
EVS00361,"7746 Random Rd, City 194, Country",DC Fast Charger,0.32,6:00-22:00,1.73,59,ChargePoint,150,"CHAdeMO, Tesla",2012,No,4.9,10,Monthly
EVS00362,"7271 São Paulo Ave, São Paulo",AC Level 1,0.15,24/7,15.92,95,EVgo,22,"Tesla, CCS",2012,Yes,4.6,9,Annually
EVS00363,"8160 Beijing Ave, Beijing",AC Level 1,0.29,9:00-18:00,5.48,100,EVgo,50,"CCS, Tesla",2021,No,3.7,8,Monthly
EVS00364,"6293 Bangkok Ave, Bangkok",DC Fast Charger,0.14,24/7,4.61,29,Tesla,50,Type 2,2014,No,3.4,3,Monthly
EVS00365,"8923 Sydney Ave, Sydney",AC Level 2,0.27,6:00-22:00,10.33,36,EVgo,22,Type 2,2014,Yes,4.9,9,Monthly
EVS00366,"5190 São Paulo Ave, São Paulo",AC Level 2,0.46,24/7,17.16,60,EVgo,50,"Type 2, Tesla",2020,Yes,4.4,2,Monthly
EVS00367,"7841 San Francisco Ave, San Francisco",AC Level 2,0.39,6:00-22:00,16.09,67,Ionity,350,"Tesla, CHAdeMO",2010,No,3.3,1,Annually
EVS00368,"1897 Sydney Ave, Sydney",DC Fast Charger,0.49,6:00-22:00,0.78,24,ChargePoint,350,"CCS, Type 2",2018,No,4.9,10,Monthly
EVS00369,"8936 São Paulo Ave, São Paulo",AC Level 1,0.19,9:00-18:00,7.78,78,EVgo,50,CHAdeMO,2020,No,3.2,3,Monthly
EVS00370,"9728 Beijing Ave, Beijing",AC Level 1,0.13,24/7,1.52,24,ChargePoint,350,CCS,2018,Yes,3.0,4,Annually
EVS00371,"1968 Random Rd, City 203, Country",DC Fast Charger,0.41,9:00-18:00,14.90,90,ChargePoint,50,"Type 2, CHAdeMO",2022,Yes,3.1,7,Monthly
EVS00372,"6270 Los Angeles Ave, Los Angeles",AC Level 1,0.24,9:00-18:00,10.79,95,Ionity,150,CHAdeMO,2017,No,4.3,3,Annually
EVS00373,"7120 Chicago Ave, Chicago",AC Level 2,0.26,9:00-18:00,11.77,55,EVgo,150,"Type 2, Tesla",2017,No,4.0,10,Annually
EVS00374,"3890 Bangkok Ave, Bangkok",DC Fast Charger,0.33,24/7,9.70,59,EVgo,350,"CCS, Type 2",2017,Yes,4.0,2,Quarterly
EVS00375,"6609 São Paulo Ave, São Paulo",AC Level 1,0.40,6:00-22:00,12.62,97,ChargePoint,150,CCS,2015,Yes,3.4,10,Quarterly
EVS00376,"8208 Mumbai Ave, Mumbai",AC Level 2,0.21,24/7,11.69,50,Tesla,350,"Type 2, CCS",2010,Yes,4.7,4,Monthly
EVS00377,"8108 Seoul Ave, Seoul",AC Level 1,0.37,9:00-18:00,12.70,45,EVgo,350,Tesla,2023,Yes,3.9,1,Monthly
EVS00378,"5034 Cape Town Ave, Cape Town",AC Level 2,0.49,24/7,19.67,78,Ionity,22,CHAdeMO,2015,No,4.3,3,Quarterly
EVS00379,"5543 Dubai Ave, Dubai",AC Level 2,0.13,9:00-18:00,17.14,73,ChargePoint,22,"Type 2, Tesla",2012,No,4.1,1,Annually
EVS00380,"9023 Beijing Ave, Beijing",AC Level 1,0.25,24/7,19.60,84,Greenlots,150,"Type 2, CCS",2020,Yes,3.9,4,Quarterly
EVS00381,"4164 Random Rd, City 148, Country",AC Level 1,0.43,24/7,1.29,27,Tesla,22,"CHAdeMO, CCS",2022,No,3.8,2,Annually
EVS00382,"5849 Chicago Ave, Chicago",AC Level 2,0.12,9:00-18:00,9.61,40,Tesla,150,CHAdeMO,2023,Yes,3.4,2,Quarterly
EVS00383,"2944 Toronto Ave, Toronto",AC Level 2,0.32,24/7,18.25,79,EVgo,350,CCS,2013,Yes,4.7,2,Monthly
EVS00384,"3599 Sydney Ave, Sydney",AC Level 1,0.43,24/7,7.58,93,Greenlots,50,CCS,2016,Yes,3.6,2,Quarterly
EVS00385,"2046 Toronto Ave, Toronto",AC Level 1,0.19,9:00-18:00,17.77,55,EVgo,150,CHAdeMO,2010,Yes,3.6,4,Quarterly
EVS00386,"965 Bangkok Ave, Bangkok",AC Level 2,0.41,6:00-22:00,14.02,32,ChargePoint,22,CCS,2015,Yes,4.3,10,Quarterly
EVS00387,"9219 Dubai Ave, Dubai",AC Level 2,0.26,24/7,14.48,28,Tesla,50,Tesla,2016,Yes,4.3,9,Annually
EVS00388,"9243 Beijing Ave, Beijing",DC Fast Charger,0.28,6:00-22:00,13.33,75,Tesla,150,"CCS, Tesla",2022,No,3.9,9,Monthly
EVS00389,"2404 Sydney Ave, Sydney",AC Level 2,0.21,6:00-22:00,12.30,90,ChargePoint,150,Tesla,2010,Yes,3.7,8,Annually
EVS00390,"1698 Beijing Ave, Beijing",AC Level 2,0.34,6:00-22:00,17.60,35,EVgo,150,"CHAdeMO, CCS",2022,No,4.6,2,Annually
EVS00391,"1766 Random Rd, City 244, Country",AC Level 2,0.12,6:00-22:00,1.92,34,ChargePoint,150,"Tesla, Type 2",2020,Yes,4.1,4,Monthly
EVS00392,"9605 Beijing Ave, Beijing",AC Level 2,0.41,6:00-22:00,5.67,69,EVgo,22,Tesla,2023,Yes,4.3,8,Quarterly
EVS00393,"5526 Toronto Ave, Toronto",AC Level 1,0.37,6:00-22:00,16.58,78,Greenlots,150,"CHAdeMO, Tesla",2012,No,3.3,10,Annually
EVS00394,"9221 Sydney Ave, Sydney",DC Fast Charger,0.42,9:00-18:00,13.17,46,Greenlots,150,Type 2,2016,No,3.2,1,Annually
EVS00395,"8984 São Paulo Ave, São Paulo",AC Level 2,0.36,9:00-18:00,5.14,25,EVgo,50,CHAdeMO,2023,Yes,3.0,1,Annually
EVS00396,"5448 São Paulo Ave, São Paulo",AC Level 1,0.31,9:00-18:00,1.14,84,ChargePoint,50,"Type 2, CHAdeMO",2018,Yes,3.3,8,Monthly
EVS00397,"390 Cape Town Ave, Cape Town",AC Level 1,0.46,9:00-18:00,5.57,95,EVgo,150,"CHAdeMO, CCS",2013,Yes,4.4,8,Annually
EVS00398,"1058 Seoul Ave, Seoul",DC Fast Charger,0.45,6:00-22:00,2.21,92,Tesla,50,CCS,2022,Yes,4.3,4,Quarterly
EVS00399,"2408 São Paulo Ave, São Paulo",DC Fast Charger,0.22,9:00-18:00,18.65,75,Ionity,150,"Type 2, CHAdeMO",2015,Yes,4.9,2,Annually
EVS00400,"3446 Chicago Ave, Chicago",DC Fast Charger,0.41,9:00-18:00,11.26,80,Tesla,150,CHAdeMO,2019,No,4.2,8,Annually
EVS00401,"9693 Random Rd, City 411, Country",DC Fast Charger,0.10,6:00-22:00,11.19,36,EVgo,50,Type 2,2018,No,3.3,10,Monthly
EVS00402,"1004 Toronto Ave, Toronto",AC Level 2,0.41,24/7,13.13,57,Tesla,22,CCS,2010,No,4.4,3,Monthly
EVS00403,"565 Mexico City Ave, Mexico City",AC Level 2,0.35,24/7,19.65,90,ChargePoint,150,"CCS, Type 2",2019,No,3.3,9,Annually
EVS00404,"6757 São Paulo Ave, São Paulo",AC Level 2,0.18,24/7,1.13,49,Tesla,22,CCS,2015,Yes,4.1,9,Monthly
EVS00405,"1903 San Francisco Ave, San Francisco",AC Level 2,0.40,24/7,10.04,26,Tesla,22,CHAdeMO,2022,No,4.4,2,Quarterly
EVS00406,"846 Moscow Ave, Moscow",AC Level 1,0.41,6:00-22:00,9.77,86,Tesla,22,"CCS, CHAdeMO",2021,Yes,3.1,10,Annually
EVS00407,"8263 Berlin Ave, Berlin",DC Fast Charger,0.17,24/7,4.48,33,Ionity,150,"Type 2, CHAdeMO",2022,Yes,3.5,10,Quarterly
EVS00408,"5501 Mexico City Ave, Mexico City",DC Fast Charger,0.37,24/7,18.33,37,ChargePoint,22,CHAdeMO,2012,Yes,3.6,7,Monthly
EVS00409,"6068 Chicago Ave, Chicago",AC Level 2,0.36,9:00-18:00,1.99,52,Ionity,22,"Tesla, Type 2",2018,Yes,3.4,7,Monthly
EVS00410,"8905 Sydney Ave, Sydney",AC Level 1,0.29,24/7,16.40,50,ChargePoint,150,"CHAdeMO, CCS",2010,Yes,4.3,2,Annually
EVS00411,"7743 Random Rd, City 364, Country",DC Fast Charger,0.37,24/7,3.37,19,EVgo,350,"CHAdeMO, CCS",2017,Yes,3.7,3,Annually
EVS00412,"4559 Sydney Ave, Sydney",DC Fast Charger,0.48,24/7,15.70,55,Greenlots,22,"CHAdeMO, Tesla",2017,No,3.5,6,Annually
EVS00413,"7411 Berlin Ave, Berlin",DC Fast Charger,0.20,9:00-18:00,15.23,25,EVgo,50,CCS,2014,No,3.5,9,Annually
EVS00414,"9617 Chicago Ave, Chicago",AC Level 1,0.49,24/7,1.95,13,Greenlots,22,"Tesla, CCS",2012,Yes,3.8,9,Annually
EVS00415,"9022 São Paulo Ave, São Paulo",AC Level 1,0.46,9:00-18:00,19.65,23,Greenlots,150,CHAdeMO,2021,Yes,3.2,4,Monthly
EVS00416,"766 Los Angeles Ave, Los Angeles",DC Fast Charger,0.20,9:00-18:00,6.32,94,EVgo,22,"CCS, Tesla",2018,No,3.1,8,Quarterly
EVS00417,"1639 Mumbai Ave, Mumbai",AC Level 1,0.15,9:00-18:00,16.63,25,Tesla,50,Type 2,2018,No,4.2,5,Annually
EVS00418,"4487 Los Angeles Ave, Los Angeles",AC Level 1,0.12,9:00-18:00,12.32,78,Greenlots,150,"Type 2, CCS",2013,Yes,3.4,7,Monthly
EVS00419,"9837 Dubai Ave, Dubai",DC Fast Charger,0.27,24/7,1.46,18,ChargePoint,350,"CCS, Type 2",2020,Yes,3.6,4,Monthly
EVS00420,"9452 Mumbai Ave, Mumbai",DC Fast Charger,0.33,24/7,2.38,49,ChargePoint,350,Tesla,2023,No,4.9,8,Annually
EVS00421,"3063 Random Rd, City 490, Country",AC Level 1,0.27,6:00-22:00,4.48,40,Ionity,350,CHAdeMO,2017,No,4.0,10,Quarterly
EVS00422,"297 Beijing Ave, Beijing",DC Fast Charger,0.32,6:00-22:00,11.00,37,EVgo,350,Tesla,2016,No,4.6,5,Quarterly
EVS00423,"2855 Mexico City Ave, Mexico City",AC Level 1,0.32,9:00-18:00,7.48,73,Tesla,50,Tesla,2012,No,4.3,8,Annually
EVS00424,"4217 Cape Town Ave, Cape Town",AC Level 2,0.28,6:00-22:00,18.96,18,EVgo,22,"Type 2, Tesla",2010,Yes,4.8,6,Annually
EVS00425,"4542 Chicago Ave, Chicago",DC Fast Charger,0.42,6:00-22:00,8.91,45,EVgo,50,CHAdeMO,2013,No,4.8,7,Annually
EVS00426,"8311 Dubai Ave, Dubai",DC Fast Charger,0.37,24/7,7.39,99,Tesla,150,"CHAdeMO, Type 2",2010,Yes,4.1,3,Monthly
EVS00427,"8556 Los Angeles Ave, Los Angeles",AC Level 1,0.27,24/7,10.21,55,Ionity,150,Tesla,2022,Yes,4.0,4,Annually
EVS00428,"4344 Bangkok Ave, Bangkok",DC Fast Charger,0.16,6:00-22:00,2.01,46,EVgo,22,Tesla,2017,No,4.6,4,Quarterly
EVS00429,"1639 Seoul Ave, Seoul",AC Level 2,0.49,6:00-22:00,10.30,41,Ionity,150,Type 2,2015,No,4.0,4,Annually
EVS00430,"5465 Mumbai Ave, Mumbai",DC Fast Charger,0.44,24/7,19.84,88,EVgo,350,CHAdeMO,2018,No,4.5,5,Monthly
EVS00431,"3609 Random Rd, City 318, Country",AC Level 2,0.18,24/7,13.88,61,Greenlots,150,CHAdeMO,2019,Yes,4.6,10,Annually
EVS00432,"2608 San Francisco Ave, San Francisco",DC Fast Charger,0.26,6:00-22:00,14.52,85,Ionity,350,"CCS, Tesla",2018,Yes,3.9,10,Quarterly
EVS00433,"1031 Los Angeles Ave, Los Angeles",DC Fast Charger,0.18,9:00-18:00,4.51,38,Greenlots,150,Type 2,2016,Yes,4.6,9,Monthly
EVS00434,"6889 Sydney Ave, Sydney",AC Level 1,0.45,9:00-18:00,9.95,51,Ionity,22,"Tesla, CCS",2019,No,3.9,5,Annually
EVS00435,"2738 Moscow Ave, Moscow",AC Level 1,0.37,6:00-22:00,10.44,28,ChargePoint,150,"CHAdeMO, Type 2",2018,Yes,3.7,4,Annually
EVS00436,"9195 Mumbai Ave, Mumbai",AC Level 2,0.37,6:00-22:00,9.64,66,Tesla,22,CHAdeMO,2015,No,5.0,1,Annually
EVS00437,"4873 São Paulo Ave, São Paulo",DC Fast Charger,0.47,9:00-18:00,13.99,44,Tesla,50,CHAdeMO,2017,Yes,4.4,2,Quarterly
EVS00438,"8869 Seoul Ave, Seoul",AC Level 2,0.49,6:00-22:00,2.47,97,Greenlots,22,CHAdeMO,2014,No,4.3,1,Monthly
EVS00439,"5136 Seoul Ave, Seoul",AC Level 2,0.36,6:00-22:00,1.93,97,Greenlots,350,CHAdeMO,2012,Yes,3.0,3,Annually
EVS00440,"1782 Moscow Ave, Moscow",AC Level 1,0.27,6:00-22:00,15.98,76,EVgo,22,"CHAdeMO, Type 2",2011,No,3.1,3,Quarterly
EVS00441,"529 Random Rd, City 491, Country",AC Level 1,0.43,9:00-18:00,8.68,59,Ionity,50,"CHAdeMO, CCS",2016,No,4.5,1,Monthly
EVS00442,"3578 Bangkok Ave, Bangkok",AC Level 2,0.17,24/7,6.64,13,Ionity,50,CHAdeMO,2013,No,3.9,2,Quarterly
EVS00443,"4977 Beijing Ave, Beijing",AC Level 2,0.42,24/7,6.18,91,Tesla,22,"Tesla, CCS",2013,No,3.5,4,Monthly
EVS00444,"3929 Cape Town Ave, Cape Town",AC Level 2,0.16,9:00-18:00,10.01,15,Tesla,50,Tesla,2021,Yes,3.3,5,Annually
EVS00445,"5717 Toronto Ave, Toronto",AC Level 2,0.16,24/7,18.24,85,Greenlots,350,"Type 2, CHAdeMO",2020,Yes,4.9,10,Quarterly
EVS00446,"1382 Chicago Ave, Chicago",DC Fast Charger,0.47,9:00-18:00,3.32,87,ChargePoint,150,"CHAdeMO, CCS",2019,Yes,3.1,7,Quarterly
EVS00447,"5475 Moscow Ave, Moscow",DC Fast Charger,0.18,24/7,12.27,89,ChargePoint,150,CCS,2021,No,4.1,2,Monthly
EVS00448,"5917 Berlin Ave, Berlin",AC Level 2,0.14,6:00-22:00,10.41,10,Ionity,50,CHAdeMO,2021,No,3.5,4,Monthly
EVS00449,"2542 Beijing Ave, Beijing",AC Level 2,0.11,24/7,18.32,70,Tesla,22,"CCS, Type 2",2020,Yes,3.1,4,Monthly
EVS00450,"4701 Beijing Ave, Beijing",DC Fast Charger,0.43,6:00-22:00,14.53,97,Tesla,350,CCS,2021,Yes,4.7,10,Quarterly
EVS00451,"4727 Random Rd, City 355, Country",AC Level 1,0.25,9:00-18:00,11.76,56,Tesla,350,CHAdeMO,2012,No,4.5,10,Annually
EVS00452,"2066 Seoul Ave, Seoul",AC Level 1,0.46,24/7,6.59,19,EVgo,150,"CCS, CHAdeMO",2018,Yes,3.6,5,Quarterly
EVS00453,"862 Mumbai Ave, Mumbai",AC Level 1,0.47,9:00-18:00,1.24,14,Ionity,22,"CCS, Tesla",2022,Yes,3.5,10,Monthly
EVS00454,"5133 Los Angeles Ave, Los Angeles",AC Level 1,0.18,9:00-18:00,7.80,69,ChargePoint,50,CHAdeMO,2016,Yes,3.8,7,Quarterly
EVS00455,"9807 Cape Town Ave, Cape Town",DC Fast Charger,0.44,24/7,5.24,29,Ionity,50,"CHAdeMO, Tesla",2018,No,4.0,9,Monthly
EVS00456,"8431 Dubai Ave, Dubai",AC Level 2,0.21,6:00-22:00,15.37,13,ChargePoint,150,Tesla,2018,No,4.3,8,Monthly
EVS00457,"9468 Bangkok Ave, Bangkok",AC Level 2,0.24,24/7,7.51,29,Greenlots,350,"CHAdeMO, Tesla",2022,Yes,4.6,9,Annually
EVS00458,"1181 Cape Town Ave, Cape Town",DC Fast Charger,0.22,24/7,4.18,29,Greenlots,350,CCS,2014,Yes,3.4,4,Monthly
EVS00459,"2886 Mexico City Ave, Mexico City",AC Level 1,0.38,6:00-22:00,14.63,71,ChargePoint,50,Tesla,2016,Yes,4.5,10,Monthly
EVS00460,"1546 Beijing Ave, Beijing",AC Level 2,0.40,9:00-18:00,14.31,80,Ionity,22,"Tesla, Type 2",2012,Yes,4.4,4,Quarterly
EVS00461,"1747 Random Rd, City 346, Country",AC Level 1,0.19,6:00-22:00,19.69,14,Greenlots,22,Tesla,2014,Yes,4.8,6,Quarterly
EVS00462,"4234 Seoul Ave, Seoul",DC Fast Charger,0.41,6:00-22:00,20.00,75,Greenlots,50,"Type 2, CCS",2014,No,3.7,10,Quarterly
EVS00463,"3091 Chicago Ave, Chicago",AC Level 2,0.39,24/7,0.84,55,Ionity,50,CCS,2019,No,3.9,2,Quarterly
EVS00464,"1557 Chicago Ave, Chicago",DC Fast Charger,0.47,24/7,19.80,70,Tesla,22,"Type 2, Tesla",2015,No,3.0,8,Quarterly
EVS00465,"8550 Los Angeles Ave, Los Angeles",AC Level 1,0.45,9:00-18:00,13.49,49,ChargePoint,350,"CCS, Type 2",2021,Yes,4.2,10,Annually
EVS00466,"2225 Moscow Ave, Moscow",AC Level 2,0.34,9:00-18:00,9.98,75,ChargePoint,50,CHAdeMO,2020,No,4.7,2,Quarterly
EVS00467,"3261 Dubai Ave, Dubai",AC Level 1,0.47,6:00-22:00,17.74,20,Tesla,22,"CHAdeMO, Tesla",2015,No,4.3,10,Monthly
EVS00468,"4353 Mumbai Ave, Mumbai",DC Fast Charger,0.50,24/7,10.60,60,Tesla,350,"Type 2, Tesla",2018,No,3.8,5,Monthly
EVS00469,"3169 Berlin Ave, Berlin",DC Fast Charger,0.38,24/7,7.59,66,ChargePoint,22,"Type 2, Tesla",2015,No,4.4,6,Annually
EVS00470,"8995 Toronto Ave, Toronto",AC Level 1,0.28,24/7,9.26,36,EVgo,150,Type 2,2010,Yes,4.3,7,Quarterly
EVS00471,"6659 Random Rd, City 47, Country",AC Level 1,0.35,9:00-18:00,8.01,99,Greenlots,350,Type 2,2014,Yes,4.8,4,Annually
EVS00472,"3032 Chicago Ave, Chicago",AC Level 2,0.23,24/7,16.38,66,EVgo,22,"CCS, Tesla",2016,No,4.7,9,Monthly
EVS00473,"5292 Los Angeles Ave, Los Angeles",AC Level 2,0.18,9:00-18:00,8.71,19,Ionity,350,"Tesla, Type 2",2022,No,3.3,2,Quarterly
EVS00474,"1744 Toronto Ave, Toronto",AC Level 2,0.14,24/7,9.66,100,Greenlots,22,"Type 2, Tesla",2021,Yes,3.8,9,Quarterly
EVS00475,"4042 Chicago Ave, Chicago",AC Level 2,0.23,24/7,18.97,93,Tesla,50,"CHAdeMO, CCS",2023,No,4.9,10,Monthly
EVS00476,"9085 Chicago Ave, Chicago",AC Level 2,0.14,6:00-22:00,1.48,85,Greenlots,350,CCS,2016,Yes,3.9,2,Quarterly
EVS00477,"100 Mexico City Ave, Mexico City",AC Level 1,0.35,6:00-22:00,12.67,92,EVgo,150,CCS,2020,No,3.2,3,Quarterly
EVS00478,"2550 Dubai Ave, Dubai",AC Level 1,0.50,6:00-22:00,7.49,43,Greenlots,350,CCS,2020,No,3.1,2,Monthly
EVS00479,"1874 Sydney Ave, Sydney",DC Fast Charger,0.49,24/7,12.78,16,EVgo,150,Type 2,2019,No,4.7,8,Annually
EVS00480,"2397 Chicago Ave, Chicago",AC Level 2,0.34,9:00-18:00,4.94,89,Ionity,350,Tesla,2023,Yes,3.4,5,Annually
EVS00481,"3548 Random Rd, City 4, Country",AC Level 2,0.40,24/7,19.28,88,ChargePoint,22,CHAdeMO,2013,No,3.7,5,Monthly
EVS00482,"1065 Moscow Ave, Moscow",AC Level 1,0.36,9:00-18:00,16.14,11,ChargePoint,22,"CHAdeMO, Type 2",2010,Yes,3.0,10,Quarterly
EVS00483,"2581 Mumbai Ave, Mumbai",AC Level 1,0.43,24/7,0.90,29,Greenlots,350,Tesla,2014,Yes,3.5,2,Monthly
EVS00484,"9994 Sydney Ave, Sydney",AC Level 2,0.31,9:00-18:00,0.65,77,ChargePoint,350,"CCS, CHAdeMO",2016,Yes,3.3,8,Annually
EVS00485,"7602 Beijing Ave, Beijing",AC Level 1,0.12,6:00-22:00,2.25,32,Greenlots,50,Tesla,2012,No,4.5,5,Monthly
EVS00486,"2295 Dubai Ave, Dubai",AC Level 1,0.19,24/7,16.12,86,Tesla,150,CCS,2023,Yes,3.7,7,Quarterly
EVS00487,"2195 São Paulo Ave, São Paulo",DC Fast Charger,0.14,24/7,7.92,12,Tesla,350,Tesla,2021,Yes,3.3,6,Annually
EVS00488,"8707 Cape Town Ave, Cape Town",AC Level 1,0.10,9:00-18:00,7.39,84,EVgo,350,"Tesla, CCS",2016,Yes,4.6,10,Annually
EVS00489,"5261 Sydney Ave, Sydney",AC Level 1,0.40,6:00-22:00,1.30,91,Tesla,50,"Type 2, CCS",2018,No,4.4,3,Monthly
EVS00490,"5128 Cape Town Ave, Cape Town",AC Level 1,0.15,24/7,9.87,47,Ionity,50,CCS,2017,No,3.9,8,Annually
EVS00491,"7062 Random Rd, City 239, Country",AC Level 2,0.22,24/7,13.65,37,Tesla,350,CCS,2020,No,3.3,10,Quarterly
EVS00492,"185 Los Angeles Ave, Los Angeles",AC Level 1,0.31,6:00-22:00,13.03,36,Ionity,350,"Tesla, Type 2",2015,Yes,3.1,3,Monthly
EVS00493,"7741 Toronto Ave, Toronto",AC Level 2,0.31,6:00-22:00,7.20,68,Tesla,22,Type 2,2023,No,4.9,9,Annually
EVS00494,"5308 San Francisco Ave, San Francisco",DC Fast Charger,0.31,6:00-22:00,15.34,65,Tesla,350,"Type 2, CHAdeMO",2015,Yes,4.9,6,Quarterly
EVS00495,"8262 Mumbai Ave, Mumbai",AC Level 2,0.29,6:00-22:00,8.11,94,Ionity,22,CHAdeMO,2020,No,3.1,10,Annually
EVS00496,"6128 Mexico City Ave, Mexico City",AC Level 2,0.35,24/7,8.14,32,EVgo,50,"Tesla, CCS",2014,No,4.8,4,Annually
EVS00497,"6022 Sydney Ave, Sydney",DC Fast Charger,0.49,24/7,10.95,20,ChargePoint,150,"CHAdeMO, CCS",2022,Yes,5.0,10,Quarterly
EVS00498,"9224 Toronto Ave, Toronto",AC Level 1,0.14,24/7,0.77,55,EVgo,50,Type 2,2019,No,4.9,7,Monthly
EVS00499,"8474 Mexico City Ave, Mexico City",DC Fast Charger,0.39,24/7,3.11,86,ChargePoint,22,"CCS, Type 2",2016,Yes,3.8,10,Monthly
EVS00500,"732 Mexico City Ave, Mexico City",AC Level 2,0.41,24/7,13.73,75,Greenlots,50,"CCS, Type 2",2016,No,4.0,8,Monthly
EVS00501,"9132 Random Rd, City 321, Country",DC Fast Charger,0.45,24/7,12.04,51,EVgo,22,CHAdeMO,2010,Yes,3.3,5,Monthly
EVS00502,"2028 Sydney Ave, Sydney",AC Level 2,0.41,24/7,18.14,67,Ionity,150,Tesla,2011,Yes,4.4,8,Annually
EVS00503,"7258 Bangkok Ave, Bangkok",AC Level 1,0.23,24/7,11.52,26,EVgo,50,CCS,2015,No,3.0,8,Annually
EVS00504,"1640 Toronto Ave, Toronto",AC Level 2,0.10,6:00-22:00,10.29,86,Greenlots,350,"CHAdeMO, Tesla",2020,No,3.9,7,Monthly
EVS00505,"4165 Seoul Ave, Seoul",DC Fast Charger,0.45,9:00-18:00,17.80,22,EVgo,22,"CHAdeMO, CCS",2014,No,3.5,9,Quarterly
EVS00506,"5377 Berlin Ave, Berlin",AC Level 1,0.49,6:00-22:00,17.12,36,Ionity,22,Type 2,2013,No,4.3,1,Annually
EVS00507,"1251 Sydney Ave, Sydney",AC Level 2,0.39,9:00-18:00,17.82,59,Ionity,22,Type 2,2011,Yes,4.8,1,Monthly
EVS00508,"4596 São Paulo Ave, São Paulo",DC Fast Charger,0.21,6:00-22:00,11.84,67,Tesla,150,"Type 2, CHAdeMO",2021,Yes,4.5,6,Quarterly
EVS00509,"3263 Bangkok Ave, Bangkok",AC Level 2,0.42,24/7,3.10,37,Tesla,50,Type 2,2013,Yes,3.1,7,Annually
EVS00510,"6209 Cape Town Ave, Cape Town",DC Fast Charger,0.42,9:00-18:00,7.03,60,ChargePoint,350,"Type 2, CHAdeMO",2016,No,3.7,10,Annually
EVS00511,"9405 Random Rd, City 16, Country",DC Fast Charger,0.32,9:00-18:00,17.47,92,Greenlots,350,"Type 2, CCS",2023,No,3.9,10,Annually
EVS00512,"6840 Moscow Ave, Moscow",AC Level 1,0.19,9:00-18:00,16.81,57,Ionity,150,"CCS, Type 2",2016,No,4.2,3,Annually
EVS00513,"1098 Mumbai Ave, Mumbai",AC Level 2,0.46,24/7,16.82,44,EVgo,150,Tesla,2021,Yes,4.8,4,Monthly
EVS00514,"8754 Toronto Ave, Toronto",AC Level 2,0.18,9:00-18:00,12.96,26,Tesla,150,"CHAdeMO, Type 2",2020,No,4.0,6,Monthly
EVS00515,"9347 Cape Town Ave, Cape Town",AC Level 2,0.27,9:00-18:00,18.44,89,Ionity,22,Tesla,2012,No,4.7,8,Monthly
EVS00516,"9434 Beijing Ave, Beijing",DC Fast Charger,0.19,24/7,5.46,88,ChargePoint,150,Tesla,2019,No,3.1,6,Monthly
EVS00517,"9129 Dubai Ave, Dubai",DC Fast Charger,0.16,9:00-18:00,18.70,37,EVgo,50,CHAdeMO,2022,Yes,4.8,6,Quarterly
EVS00518,"1517 Sydney Ave, Sydney",DC Fast Charger,0.22,6:00-22:00,18.29,69,ChargePoint,22,CCS,2019,Yes,4.4,5,Annually
EVS00519,"3704 Toronto Ave, Toronto",DC Fast Charger,0.41,6:00-22:00,18.05,15,EVgo,22,Type 2,2022,No,4.7,8,Annually
EVS00520,"5632 Dubai Ave, Dubai",AC Level 2,0.19,6:00-22:00,19.24,59,Greenlots,350,CCS,2023,Yes,3.4,7,Monthly
EVS00521,"4323 Random Rd, City 261, Country",AC Level 1,0.27,6:00-22:00,18.25,48,EVgo,22,"CHAdeMO, Tesla",2017,Yes,4.0,7,Quarterly
EVS00522,"2191 Cape Town Ave, Cape Town",AC Level 2,0.43,24/7,5.79,99,Greenlots,50,Type 2,2016,No,4.5,8,Quarterly
EVS00523,"9412 Mumbai Ave, Mumbai",AC Level 1,0.44,9:00-18:00,17.65,11,EVgo,150,"Type 2, Tesla",2012,Yes,3.4,8,Quarterly
EVS00524,"1534 Bangkok Ave, Bangkok",AC Level 1,0.27,6:00-22:00,10.05,32,Greenlots,22,"CCS, CHAdeMO",2018,No,3.1,10,Annually
EVS00525,"6598 Bangkok Ave, Bangkok",AC Level 1,0.39,24/7,19.51,100,ChargePoint,150,Type 2,2018,No,4.9,9,Annually
EVS00526,"2760 San Francisco Ave, San Francisco",AC Level 1,0.42,24/7,15.18,93,EVgo,50,CHAdeMO,2021,No,4.9,7,Monthly
EVS00527,"1368 Seoul Ave, Seoul",AC Level 2,0.12,24/7,3.66,63,Tesla,350,CHAdeMO,2021,No,3.6,7,Monthly
EVS00528,"1693 Chicago Ave, Chicago",AC Level 2,0.42,6:00-22:00,15.28,29,ChargePoint,22,"Type 2, Tesla",2016,No,4.3,7,Annually
EVS00529,"3715 Seoul Ave, Seoul",AC Level 2,0.36,9:00-18:00,10.87,34,Ionity,50,"CCS, CHAdeMO",2018,Yes,3.3,9,Quarterly
EVS00530,"9970 Los Angeles Ave, Los Angeles",AC Level 1,0.42,6:00-22:00,8.43,58,Ionity,350,"Tesla, CCS",2014,No,3.8,10,Quarterly
EVS00531,"1424 Random Rd, City 425, Country",DC Fast Charger,0.37,24/7,9.91,86,Greenlots,22,"CHAdeMO, CCS",2018,Yes,4.8,4,Annually
EVS00532,"9714 Seoul Ave, Seoul",DC Fast Charger,0.23,6:00-22:00,1.59,73,Tesla,350,"Type 2, CHAdeMO",2022,No,3.3,1,Quarterly
EVS00533,"6904 Toronto Ave, Toronto",AC Level 2,0.25,24/7,17.86,66,ChargePoint,50,CHAdeMO,2017,No,3.3,7,Quarterly
EVS00534,"6487 San Francisco Ave, San Francisco",DC Fast Charger,0.41,24/7,4.15,60,EVgo,150,Tesla,2022,Yes,3.3,2,Annually
EVS00535,"219 Beijing Ave, Beijing",AC Level 1,0.37,9:00-18:00,19.39,29,EVgo,150,Type 2,2015,No,3.9,2,Monthly
EVS00536,"6926 Sydney Ave, Sydney",DC Fast Charger,0.21,9:00-18:00,7.96,38,ChargePoint,50,"Type 2, Tesla",2011,No,4.1,2,Monthly
EVS00537,"9123 Cape Town Ave, Cape Town",AC Level 1,0.18,9:00-18:00,8.94,62,Tesla,50,"CCS, Type 2",2010,Yes,3.7,9,Annually
EVS00538,"9500 Toronto Ave, Toronto",AC Level 1,0.13,6:00-22:00,19.96,59,Tesla,22,CHAdeMO,2016,Yes,4.0,8,Quarterly
EVS00539,"2594 Sydney Ave, Sydney",AC Level 2,0.38,9:00-18:00,11.82,68,EVgo,350,"CCS, Tesla",2014,Yes,4.7,8,Quarterly
EVS00540,"334 Los Angeles Ave, Los Angeles",AC Level 1,0.27,6:00-22:00,5.38,76,ChargePoint,50,"Type 2, Tesla",2015,Yes,3.4,10,Monthly
EVS00541,"583 Random Rd, City 493, Country",DC Fast Charger,0.48,9:00-18:00,3.95,68,EVgo,22,"Type 2, Tesla",2015,No,4.7,8,Quarterly
EVS00542,"8927 Bangkok Ave, Bangkok",AC Level 1,0.33,9:00-18:00,4.61,65,EVgo,150,"Type 2, CCS",2014,No,3.6,2,Monthly
EVS00543,"9465 Dubai Ave, Dubai",DC Fast Charger,0.18,24/7,16.63,26,EVgo,150,"CCS, CHAdeMO",2013,Yes,4.0,8,Monthly
EVS00544,"3100 Seoul Ave, Seoul",AC Level 2,0.25,6:00-22:00,18.28,10,Greenlots,22,CCS,2022,No,3.2,8,Annually
EVS00545,"9638 Toronto Ave, Toronto",AC Level 2,0.32,24/7,15.71,44,ChargePoint,22,"CHAdeMO, CCS",2020,Yes,3.4,6,Quarterly
EVS00546,"8954 Bangkok Ave, Bangkok",AC Level 1,0.26,6:00-22:00,12.43,71,Ionity,22,"Type 2, CHAdeMO",2019,Yes,4.6,10,Quarterly
EVS00547,"747 Cape Town Ave, Cape Town",DC Fast Charger,0.40,24/7,16.99,15,EVgo,150,CHAdeMO,2012,No,4.0,4,Monthly
EVS00548,"2001 Seoul Ave, Seoul",AC Level 2,0.11,24/7,4.80,33,Greenlots,150,Type 2,2019,No,4.0,1,Annually
EVS00549,"8868 Chicago Ave, Chicago",AC Level 2,0.29,9:00-18:00,18.69,34,Tesla,50,Type 2,2013,Yes,4.0,9,Annually
EVS00550,"8721 Beijing Ave, Beijing",AC Level 2,0.22,24/7,16.72,96,Greenlots,22,Type 2,2020,Yes,4.7,3,Monthly
EVS00551,"4455 Random Rd, City 82, Country",DC Fast Charger,0.15,24/7,15.32,75,EVgo,350,Type 2,2015,No,4.3,1,Quarterly
EVS00552,"6529 San Francisco Ave, San Francisco",AC Level 2,0.27,6:00-22:00,12.45,97,ChargePoint,50,Type 2,2023,Yes,4.4,4,Quarterly
EVS00553,"2191 São Paulo Ave, São Paulo",AC Level 1,0.15,24/7,11.42,18,Greenlots,22,"CCS, CHAdeMO",2015,No,4.3,9,Quarterly
EVS00554,"1450 Sydney Ave, Sydney",AC Level 2,0.36,6:00-22:00,2.39,98,Ionity,50,CCS,2016,No,3.8,7,Monthly
EVS00555,"3069 Cape Town Ave, Cape Town",AC Level 2,0.11,6:00-22:00,13.14,85,ChargePoint,22,CCS,2017,Yes,3.4,7,Quarterly
EVS00556,"5803 Seoul Ave, Seoul",AC Level 2,0.20,9:00-18:00,4.77,54,EVgo,150,Tesla,2016,Yes,4.0,6,Monthly
EVS00557,"7365 Berlin Ave, Berlin",DC Fast Charger,0.22,9:00-18:00,13.00,84,Ionity,350,"CCS, CHAdeMO",2015,Yes,3.5,3,Annually
EVS00558,"4855 Chicago Ave, Chicago",DC Fast Charger,0.43,9:00-18:00,11.10,38,Tesla,50,"CCS, Tesla",2018,Yes,4.0,5,Quarterly
EVS00559,"9359 Mexico City Ave, Mexico City",AC Level 2,0.33,9:00-18:00,14.78,38,Tesla,350,"Tesla, CCS",2010,Yes,4.0,8,Quarterly
EVS00560,"9248 Dubai Ave, Dubai",AC Level 2,0.16,9:00-18:00,8.67,43,Greenlots,350,"CHAdeMO, Tesla",2012,No,3.2,9,Quarterly
EVS00561,"2851 Random Rd, City 447, Country",AC Level 2,0.40,6:00-22:00,17.39,58,EVgo,350,Type 2,2019,Yes,3.9,6,Quarterly
EVS00562,"1340 Dubai Ave, Dubai",AC Level 2,0.17,24/7,14.32,34,Tesla,150,Type 2,2020,No,3.7,5,Quarterly
EVS00563,"4196 Toronto Ave, Toronto",AC Level 1,0.49,6:00-22:00,5.46,67,ChargePoint,150,"CCS, CHAdeMO",2014,Yes,4.4,2,Monthly
EVS00564,"8120 Los Angeles Ave, Los Angeles",DC Fast Charger,0.18,9:00-18:00,1.22,20,ChargePoint,22,"CCS, Tesla",2021,No,4.5,1,Quarterly
EVS00565,"6254 São Paulo Ave, São Paulo",AC Level 1,0.26,6:00-22:00,15.91,22,Ionity,50,CCS,2020,Yes,3.4,7,Annually
EVS00566,"5704 Seoul Ave, Seoul",AC Level 1,0.42,9:00-18:00,8.83,96,EVgo,50,"Tesla, CCS",2018,Yes,4.5,2,Annually
EVS00567,"1058 Moscow Ave, Moscow",AC Level 2,0.34,9:00-18:00,6.66,25,ChargePoint,350,"Tesla, CCS",2020,No,3.8,6,Annually
EVS00568,"3377 Mexico City Ave, Mexico City",AC Level 2,0.26,9:00-18:00,14.56,45,Ionity,22,CHAdeMO,2018,No,3.4,3,Annually
EVS00569,"819 Seoul Ave, Seoul",AC Level 2,0.11,9:00-18:00,9.63,57,EVgo,22,Tesla,2014,Yes,3.9,1,Annually
EVS00570,"4194 San Francisco Ave, San Francisco",AC Level 2,0.31,9:00-18:00,7.65,78,ChargePoint,22,"CCS, Type 2",2023,No,4.7,9,Quarterly
EVS00571,"5571 Random Rd, City 321, Country",DC Fast Charger,0.17,6:00-22:00,19.21,48,ChargePoint,350,CCS,2017,No,4.1,9,Monthly
EVS00572,"620 São Paulo Ave, São Paulo",DC Fast Charger,0.32,6:00-22:00,12.84,100,Tesla,350,"Tesla, Type 2",2011,Yes,3.6,1,Quarterly
EVS00573,"6089 Mexico City Ave, Mexico City",AC Level 1,0.10,24/7,14.33,90,Ionity,350,"CCS, Type 2",2012,Yes,3.3,7,Quarterly
EVS00574,"5415 Moscow Ave, Moscow",AC Level 2,0.37,9:00-18:00,10.04,55,EVgo,150,"Type 2, CCS",2016,Yes,4.6,7,Annually
EVS00575,"2676 Berlin Ave, Berlin",AC Level 2,0.50,24/7,17.04,14,ChargePoint,150,"Tesla, CHAdeMO",2013,No,3.3,4,Annually
EVS00576,"5373 Sydney Ave, Sydney",AC Level 1,0.42,9:00-18:00,5.39,37,Greenlots,22,CCS,2019,Yes,3.7,10,Monthly
EVS00577,"1871 Seoul Ave, Seoul",AC Level 2,0.23,6:00-22:00,19.61,46,ChargePoint,22,Tesla,2010,No,3.5,1,Quarterly
EVS00578,"6788 Chicago Ave, Chicago",AC Level 1,0.37,6:00-22:00,15.12,69,EVgo,50,Type 2,2013,Yes,4.5,3,Quarterly
EVS00579,"4432 São Paulo Ave, São Paulo",AC Level 2,0.47,9:00-18:00,8.78,61,Greenlots,350,"Tesla, CCS",2020,No,3.1,9,Annually
EVS00580,"297 Chicago Ave, Chicago",AC Level 2,0.18,6:00-22:00,6.81,49,Ionity,150,CCS,2016,Yes,3.6,8,Monthly
EVS00581,"1643 Random Rd, City 188, Country",AC Level 2,0.49,6:00-22:00,0.62,32,EVgo,150,Type 2,2011,No,3.3,10,Monthly
EVS00582,"538 Toronto Ave, Toronto",AC Level 1,0.25,24/7,4.22,46,EVgo,50,Tesla,2015,No,3.1,7,Quarterly
EVS00583,"6905 Berlin Ave, Berlin",AC Level 1,0.11,9:00-18:00,7.30,100,Ionity,22,"CCS, Type 2",2020,No,4.4,8,Annually
EVS00584,"9888 Dubai Ave, Dubai",DC Fast Charger,0.13,24/7,3.70,29,Tesla,50,"Type 2, Tesla",2022,Yes,4.2,8,Annually
EVS00585,"4451 Toronto Ave, Toronto",AC Level 2,0.39,24/7,3.14,80,Tesla,50,"CCS, Tesla",2010,No,4.9,6,Quarterly
EVS00586,"9450 Moscow Ave, Moscow",AC Level 1,0.40,24/7,16.16,52,Ionity,150,CCS,2010,Yes,3.7,8,Monthly
EVS00587,"9409 Berlin Ave, Berlin",DC Fast Charger,0.37,24/7,16.10,60,Greenlots,150,Tesla,2015,Yes,4.9,1,Annually
EVS00588,"9655 Berlin Ave, Berlin",DC Fast Charger,0.45,24/7,18.59,83,ChargePoint,150,"CHAdeMO, Type 2",2013,Yes,3.5,3,Annually
EVS00589,"6333 Bangkok Ave, Bangkok",AC Level 1,0.31,6:00-22:00,2.59,24,ChargePoint,350,"Tesla, CHAdeMO",2016,Yes,4.0,6,Quarterly
EVS00590,"1598 Mumbai Ave, Mumbai",AC Level 1,0.46,9:00-18:00,9.43,89,EVgo,22,Type 2,2010,No,3.8,6,Annually
EVS00591,"8907 Random Rd, City 240, Country",AC Level 1,0.26,24/7,13.33,42,Greenlots,150,"CHAdeMO, CCS",2022,No,3.7,6,Quarterly
EVS00592,"6104 Cape Town Ave, Cape Town",DC Fast Charger,0.46,24/7,14.91,14,EVgo,150,Type 2,2021,Yes,3.6,4,Annually
EVS00593,"739 Moscow Ave, Moscow",AC Level 1,0.20,6:00-22:00,16.28,57,Greenlots,22,Tesla,2017,Yes,4.2,10,Annually
EVS00594,"8836 Los Angeles Ave, Los Angeles",AC Level 1,0.26,6:00-22:00,18.78,65,Ionity,50,Type 2,2022,Yes,4.2,9,Monthly
EVS00595,"6530 Cape Town Ave, Cape Town",AC Level 2,0.31,24/7,16.24,23,EVgo,50,Type 2,2021,No,4.1,7,Annually
EVS00596,"3852 Mexico City Ave, Mexico City",AC Level 1,0.49,6:00-22:00,17.91,77,Tesla,150,Tesla,2012,Yes,3.9,1,Annually
EVS00597,"4521 Berlin Ave, Berlin",DC Fast Charger,0.35,24/7,11.55,93,Tesla,350,CCS,2018,Yes,4.6,4,Quarterly
EVS00598,"4751 Berlin Ave, Berlin",DC Fast Charger,0.16,6:00-22:00,10.57,63,Tesla,50,"CHAdeMO, Tesla",2021,Yes,4.6,4,Monthly
EVS00599,"186 Seoul Ave, Seoul",AC Level 2,0.49,24/7,8.14,87,ChargePoint,150,"CCS, Type 2",2019,Yes,3.3,10,Annually
EVS00600,"5749 Cape Town Ave, Cape Town",DC Fast Charger,0.28,6:00-22:00,7.59,59,Greenlots,50,"CCS, CHAdeMO",2013,Yes,5.0,4,Annually
EVS00601,"3002 Random Rd, City 19, Country",AC Level 2,0.18,24/7,18.25,75,Greenlots,50,"CHAdeMO, Tesla",2014,Yes,4.3,9,Quarterly
EVS00602,"7346 Chicago Ave, Chicago",AC Level 2,0.28,9:00-18:00,5.69,50,ChargePoint,350,"Tesla, CCS",2022,No,4.3,3,Annually
EVS00603,"7128 Cape Town Ave, Cape Town",AC Level 2,0.29,6:00-22:00,19.58,30,Ionity,350,"CHAdeMO, CCS",2022,Yes,4.3,10,Monthly
EVS00604,"906 Dubai Ave, Dubai",DC Fast Charger,0.11,6:00-22:00,10.71,54,Tesla,22,CCS,2021,No,4.2,9,Monthly
EVS00605,"9922 Beijing Ave, Beijing",AC Level 1,0.39,6:00-22:00,3.68,28,Greenlots,350,CCS,2022,Yes,3.1,4,Monthly
EVS00606,"2259 Mexico City Ave, Mexico City",AC Level 2,0.11,6:00-22:00,13.09,90,ChargePoint,50,"CCS, Type 2",2023,No,4.6,1,Monthly
EVS00607,"6177 Mexico City Ave, Mexico City",AC Level 1,0.10,24/7,5.82,70,Greenlots,50,CCS,2016,No,4.8,10,Annually
EVS00608,"4828 Beijing Ave, Beijing",DC Fast Charger,0.50,24/7,12.86,23,Ionity,22,CCS,2010,Yes,4.2,3,Quarterly
EVS00609,"8621 Cape Town Ave, Cape Town",AC Level 2,0.30,24/7,3.67,18,EVgo,22,Type 2,2017,No,3.4,1,Annually
EVS00610,"8013 São Paulo Ave, São Paulo",AC Level 2,0.28,9:00-18:00,18.63,46,Ionity,22,"CHAdeMO, CCS",2023,Yes,3.3,10,Monthly
EVS00611,"9809 Random Rd, City 237, Country",AC Level 2,0.12,6:00-22:00,13.09,14,Ionity,350,"Tesla, Type 2",2023,Yes,4.3,8,Monthly
EVS00612,"8946 Beijing Ave, Beijing",AC Level 2,0.15,6:00-22:00,9.29,53,ChargePoint,350,"Type 2, CCS",2011,No,3.3,4,Monthly
EVS00613,"3090 Mumbai Ave, Mumbai",DC Fast Charger,0.42,9:00-18:00,3.59,29,Tesla,50,"CHAdeMO, Type 2",2010,No,3.2,2,Quarterly
EVS00614,"9458 Cape Town Ave, Cape Town",DC Fast Charger,0.22,6:00-22:00,18.15,40,EVgo,350,CHAdeMO,2012,Yes,4.1,3,Monthly
EVS00615,"7486 São Paulo Ave, São Paulo",AC Level 2,0.32,6:00-22:00,19.80,76,ChargePoint,50,CHAdeMO,2014,Yes,4.2,8,Monthly
EVS00616,"5037 Mexico City Ave, Mexico City",DC Fast Charger,0.49,6:00-22:00,6.68,77,EVgo,22,"CCS, CHAdeMO",2013,No,4.5,3,Annually
EVS00617,"4076 Berlin Ave, Berlin",AC Level 2,0.15,9:00-18:00,11.34,94,EVgo,150,CCS,2012,No,3.5,7,Annually
EVS00618,"9627 Cape Town Ave, Cape Town",AC Level 1,0.34,24/7,11.78,21,Ionity,150,CHAdeMO,2013,No,3.2,5,Annually
EVS00619,"5493 Bangkok Ave, Bangkok",AC Level 2,0.12,9:00-18:00,0.71,84,Tesla,350,"Tesla, Type 2",2017,No,4.0,1,Monthly
EVS00620,"7832 Mumbai Ave, Mumbai",AC Level 1,0.31,6:00-22:00,4.59,61,Tesla,150,Type 2,2017,Yes,3.8,10,Quarterly
EVS00621,"51 Random Rd, City 224, Country",DC Fast Charger,0.48,6:00-22:00,11.47,74,Tesla,22,Tesla,2018,Yes,3.1,10,Annually
EVS00622,"1201 São Paulo Ave, São Paulo",AC Level 2,0.42,9:00-18:00,15.43,18,Tesla,50,"Tesla, CCS",2011,Yes,4.8,4,Monthly
EVS00623,"386 Bangkok Ave, Bangkok",AC Level 2,0.48,24/7,2.35,17,EVgo,50,"Tesla, CHAdeMO",2017,No,4.4,1,Monthly
EVS00624,"5280 Los Angeles Ave, Los Angeles",AC Level 2,0.45,9:00-18:00,5.81,16,EVgo,150,"CCS, Type 2",2017,Yes,3.4,1,Monthly
EVS00625,"4268 Seoul Ave, Seoul",DC Fast Charger,0.13,9:00-18:00,4.40,11,ChargePoint,150,Type 2,2020,No,3.1,3,Annually
EVS00626,"2144 Berlin Ave, Berlin",AC Level 2,0.33,6:00-22:00,4.96,24,Greenlots,50,"CCS, Tesla",2019,Yes,4.5,3,Monthly
EVS00627,"5750 Moscow Ave, Moscow",AC Level 2,0.48,9:00-18:00,12.90,61,Greenlots,50,CCS,2020,No,3.4,6,Monthly
EVS00628,"3345 São Paulo Ave, São Paulo",AC Level 2,0.43,9:00-18:00,8.74,18,Tesla,22,"Tesla, CCS",2017,Yes,3.1,7,Quarterly
EVS00629,"8849 Dubai Ave, Dubai",AC Level 2,0.11,6:00-22:00,6.71,13,EVgo,22,CCS,2023,Yes,3.6,5,Quarterly
EVS00630,"1149 Seoul Ave, Seoul",AC Level 1,0.40,9:00-18:00,5.36,33,ChargePoint,50,"Type 2, CHAdeMO",2016,No,3.1,10,Monthly
EVS00631,"8416 Random Rd, City 428, Country",DC Fast Charger,0.25,6:00-22:00,4.83,81,Ionity,350,CCS,2022,No,3.6,3,Quarterly
EVS00632,"6417 São Paulo Ave, São Paulo",AC Level 1,0.22,6:00-22:00,6.26,66,Greenlots,350,"CCS, CHAdeMO",2021,No,4.0,10,Quarterly
EVS00633,"5738 Toronto Ave, Toronto",AC Level 1,0.24,6:00-22:00,17.49,38,Greenlots,150,"Type 2, Tesla",2011,No,3.9,4,Quarterly
EVS00634,"2438 San Francisco Ave, San Francisco",DC Fast Charger,0.29,9:00-18:00,11.21,67,Tesla,22,"Type 2, Tesla",2022,No,4.6,8,Annually
EVS00635,"8069 Beijing Ave, Beijing",AC Level 2,0.32,24/7,17.98,28,ChargePoint,150,"Tesla, CHAdeMO",2020,Yes,4.1,7,Monthly
EVS00636,"8849 Seoul Ave, Seoul",AC Level 1,0.38,6:00-22:00,18.43,18,EVgo,50,"CHAdeMO, CCS",2018,No,3.6,1,Annually
EVS00637,"831 Seoul Ave, Seoul",DC Fast Charger,0.21,9:00-18:00,7.46,54,Tesla,22,CCS,2020,Yes,4.5,1,Monthly
EVS00638,"1277 Mumbai Ave, Mumbai",AC Level 2,0.13,24/7,2.73,12,Tesla,22,CCS,2015,Yes,3.9,4,Annually
EVS00639,"8575 Beijing Ave, Beijing",AC Level 2,0.21,24/7,3.16,35,Tesla,50,CHAdeMO,2021,Yes,4.6,2,Quarterly
EVS00640,"8799 Chicago Ave, Chicago",AC Level 1,0.12,9:00-18:00,19.38,76,EVgo,150,Type 2,2022,No,3.2,8,Quarterly
EVS00641,"826 Random Rd, City 378, Country",AC Level 2,0.14,9:00-18:00,4.19,22,EVgo,150,"CCS, CHAdeMO",2020,No,4.8,9,Annually
EVS00642,"9874 Cape Town Ave, Cape Town",DC Fast Charger,0.12,9:00-18:00,16.96,50,Ionity,50,Tesla,2013,Yes,4.1,7,Annually
EVS00643,"9288 Mexico City Ave, Mexico City",AC Level 1,0.21,24/7,10.97,27,Greenlots,350,"Type 2, Tesla",2017,No,4.0,1,Quarterly
EVS00644,"5095 Mumbai Ave, Mumbai",AC Level 2,0.38,24/7,13.22,70,Tesla,50,Type 2,2017,Yes,3.8,8,Quarterly
EVS00645,"9740 San Francisco Ave, San Francisco",AC Level 2,0.41,6:00-22:00,2.88,52,Greenlots,350,Type 2,2014,No,3.2,8,Annually
EVS00646,"1258 Los Angeles Ave, Los Angeles",AC Level 2,0.21,6:00-22:00,9.34,24,Tesla,150,Type 2,2011,Yes,4.2,2,Annually
EVS00647,"2728 Mumbai Ave, Mumbai",AC Level 2,0.44,24/7,0.99,98,Greenlots,50,CHAdeMO,2010,Yes,4.1,7,Quarterly
EVS00648,"6647 San Francisco Ave, San Francisco",AC Level 2,0.27,6:00-22:00,2.60,89,Greenlots,50,CHAdeMO,2011,No,3.7,7,Monthly
EVS00649,"7494 San Francisco Ave, San Francisco",DC Fast Charger,0.27,24/7,1.79,91,Tesla,150,CHAdeMO,2016,No,4.6,9,Monthly
EVS00650,"5538 Berlin Ave, Berlin",AC Level 1,0.29,24/7,7.91,31,ChargePoint,350,"CHAdeMO, CCS",2017,Yes,3.8,6,Annually
EVS00651,"6747 Random Rd, City 92, Country",DC Fast Charger,0.15,9:00-18:00,10.16,39,Tesla,50,CHAdeMO,2022,No,4.3,3,Annually
EVS00652,"9820 Los Angeles Ave, Los Angeles",AC Level 2,0.16,9:00-18:00,7.02,31,Ionity,50,"Tesla, Type 2",2017,No,4.3,9,Quarterly
EVS00653,"422 San Francisco Ave, San Francisco",AC Level 2,0.13,6:00-22:00,6.44,91,Tesla,50,Type 2,2010,No,4.0,6,Annually
EVS00654,"8425 Toronto Ave, Toronto",AC Level 2,0.35,9:00-18:00,6.01,36,Tesla,50,Type 2,2012,No,4.5,9,Quarterly
EVS00655,"3530 Beijing Ave, Beijing",AC Level 2,0.10,9:00-18:00,11.89,85,ChargePoint,350,"CHAdeMO, Type 2",2023,No,3.1,4,Monthly
EVS00656,"10 Sydney Ave, Sydney",AC Level 2,0.13,9:00-18:00,7.07,85,Tesla,150,"Tesla, CCS",2021,Yes,4.9,1,Annually
EVS00657,"810 San Francisco Ave, San Francisco",AC Level 2,0.42,24/7,18.62,40,Tesla,350,CHAdeMO,2014,No,4.4,6,Quarterly
EVS00658,"1142 Bangkok Ave, Bangkok",AC Level 2,0.27,6:00-22:00,14.19,79,Ionity,22,Tesla,2018,No,4.0,9,Monthly
EVS00659,"4645 Beijing Ave, Beijing",AC Level 1,0.29,6:00-22:00,10.75,63,ChargePoint,22,"Tesla, CHAdeMO",2013,Yes,3.3,1,Annually
EVS00660,"1787 Chicago Ave, Chicago",AC Level 2,0.27,6:00-22:00,11.93,53,EVgo,150,"CHAdeMO, CCS",2012,Yes,3.2,3,Monthly
EVS00661,"9591 Random Rd, City 452, Country",AC Level 1,0.16,9:00-18:00,10.37,42,EVgo,50,"Tesla, CHAdeMO",2021,No,4.7,5,Monthly
EVS00662,"8458 Mexico City Ave, Mexico City",DC Fast Charger,0.47,9:00-18:00,9.73,55,Greenlots,50,Tesla,2015,Yes,4.7,6,Quarterly
EVS00663,"844 Seoul Ave, Seoul",DC Fast Charger,0.49,24/7,2.17,87,EVgo,350,CHAdeMO,2012,No,3.7,7,Monthly
EVS00664,"6138 Dubai Ave, Dubai",DC Fast Charger,0.34,6:00-22:00,15.96,48,Ionity,22,"Tesla, CHAdeMO",2011,Yes,4.2,7,Monthly
EVS00665,"482 Beijing Ave, Beijing",AC Level 2,0.46,6:00-22:00,3.57,18,Ionity,350,"CCS, Type 2",2016,Yes,3.3,4,Monthly
EVS00666,"3856 Mumbai Ave, Mumbai",DC Fast Charger,0.14,24/7,16.46,13,Ionity,150,"Tesla, Type 2",2023,No,3.7,1,Quarterly
EVS00667,"6112 Sydney Ave, Sydney",AC Level 1,0.28,6:00-22:00,14.51,70,Ionity,150,"Tesla, CHAdeMO",2021,Yes,3.2,2,Monthly
EVS00668,"8121 Mumbai Ave, Mumbai",AC Level 2,0.22,6:00-22:00,10.97,49,ChargePoint,50,Tesla,2019,Yes,3.1,7,Monthly
EVS00669,"1042 Mexico City Ave, Mexico City",AC Level 2,0.11,24/7,7.70,59,Tesla,50,"CHAdeMO, CCS",2014,No,4.1,2,Quarterly
EVS00670,"63 Cape Town Ave, Cape Town",AC Level 2,0.46,6:00-22:00,15.63,12,ChargePoint,50,"CCS, CHAdeMO",2021,Yes,3.7,2,Quarterly
EVS00671,"2766 Random Rd, City 69, Country",DC Fast Charger,0.41,24/7,19.35,67,Ionity,350,CCS,2010,Yes,4.7,9,Annually
EVS00672,"9585 Los Angeles Ave, Los Angeles",DC Fast Charger,0.20,6:00-22:00,18.06,74,Ionity,22,Tesla,2011,Yes,4.7,6,Annually
EVS00673,"5959 Moscow Ave, Moscow",DC Fast Charger,0.48,9:00-18:00,11.91,45,Greenlots,350,CCS,2020,Yes,3.4,7,Quarterly
EVS00674,"5034 Berlin Ave, Berlin",AC Level 1,0.34,9:00-18:00,13.45,45,Tesla,50,"Type 2, CCS",2023,Yes,4.8,2,Quarterly
EVS00675,"2939 Berlin Ave, Berlin",AC Level 1,0.28,24/7,2.70,100,Greenlots,50,CHAdeMO,2019,No,3.6,3,Quarterly
EVS00676,"4834 Mexico City Ave, Mexico City",AC Level 1,0.11,9:00-18:00,17.73,63,EVgo,22,"CCS, CHAdeMO",2015,No,4.7,4,Monthly
EVS00677,"5174 Bangkok Ave, Bangkok",AC Level 2,0.20,6:00-22:00,11.53,56,Tesla,50,"Type 2, CHAdeMO",2012,Yes,3.5,7,Annually
EVS00678,"870 Sydney Ave, Sydney",AC Level 2,0.37,9:00-18:00,3.79,74,EVgo,150,Tesla,2018,Yes,4.3,7,Monthly
EVS00679,"2474 Bangkok Ave, Bangkok",AC Level 1,0.46,24/7,6.73,95,Greenlots,50,"CHAdeMO, Tesla",2022,Yes,3.3,3,Monthly
EVS00680,"9442 Chicago Ave, Chicago",AC Level 2,0.24,9:00-18:00,4.09,49,Tesla,22,"Type 2, CHAdeMO",2015,Yes,4.3,5,Monthly
EVS00681,"6231 Random Rd, City 229, Country",AC Level 1,0.16,6:00-22:00,11.20,46,Tesla,350,"Type 2, CCS",2023,Yes,4.8,1,Quarterly
EVS00682,"5916 San Francisco Ave, San Francisco",DC Fast Charger,0.50,6:00-22:00,4.09,17,Ionity,350,Type 2,2012,No,5.0,4,Monthly
EVS00683,"270 Mexico City Ave, Mexico City",DC Fast Charger,0.38,24/7,18.87,26,EVgo,22,"CHAdeMO, CCS",2014,Yes,5.0,4,Monthly
EVS00684,"3593 Dubai Ave, Dubai",DC Fast Charger,0.21,6:00-22:00,7.08,60,ChargePoint,150,Tesla,2012,Yes,3.8,3,Annually
EVS00685,"3717 San Francisco Ave, San Francisco",AC Level 2,0.19,6:00-22:00,14.34,76,Ionity,50,"CHAdeMO, Type 2",2010,Yes,3.4,3,Monthly
EVS00686,"9567 Cape Town Ave, Cape Town",AC Level 2,0.45,6:00-22:00,18.33,81,EVgo,50,CHAdeMO,2015,No,3.2,9,Annually
EVS00687,"2924 Sydney Ave, Sydney",AC Level 1,0.34,9:00-18:00,14.81,25,Greenlots,150,"CHAdeMO, Tesla",2020,No,4.9,5,Annually
EVS00688,"6541 Seoul Ave, Seoul",AC Level 1,0.28,9:00-18:00,7.60,56,Tesla,150,Tesla,2023,Yes,4.3,10,Annually
EVS00689,"9843 Mumbai Ave, Mumbai",AC Level 2,0.19,6:00-22:00,3.53,94,Greenlots,350,Tesla,2011,Yes,4.8,8,Monthly
EVS00690,"8140 Dubai Ave, Dubai",AC Level 1,0.24,9:00-18:00,1.66,96,Greenlots,150,Type 2,2015,Yes,3.8,7,Annually
EVS00691,"6605 Random Rd, City 437, Country",AC Level 2,0.17,6:00-22:00,18.04,24,Tesla,50,CCS,2021,Yes,4.6,8,Annually
EVS00692,"998 San Francisco Ave, San Francisco",DC Fast Charger,0.11,6:00-22:00,6.75,31,Tesla,22,"CHAdeMO, Type 2",2023,Yes,4.9,5,Quarterly
EVS00693,"220 Bangkok Ave, Bangkok",AC Level 1,0.39,6:00-22:00,2.71,21,ChargePoint,350,Tesla,2012,Yes,4.5,4,Monthly
EVS00694,"2481 Moscow Ave, Moscow",AC Level 2,0.42,6:00-22:00,5.47,49,Ionity,150,CHAdeMO,2020,No,3.2,3,Monthly
EVS00695,"2999 Beijing Ave, Beijing",AC Level 1,0.46,24/7,14.19,41,ChargePoint,150,"Tesla, CHAdeMO",2013,No,4.8,5,Monthly
EVS00696,"227 Mexico City Ave, Mexico City",DC Fast Charger,0.40,6:00-22:00,1.72,73,Greenlots,22,Tesla,2017,No,3.7,4,Monthly
EVS00697,"1545 Berlin Ave, Berlin",DC Fast Charger,0.29,6:00-22:00,10.95,98,Ionity,50,Tesla,2010,No,4.8,5,Annually
EVS00698,"9416 Seoul Ave, Seoul",DC Fast Charger,0.19,9:00-18:00,7.44,80,Greenlots,150,"CHAdeMO, CCS",2021,No,3.5,6,Annually
EVS00699,"2730 Chicago Ave, Chicago",AC Level 2,0.43,9:00-18:00,8.72,42,ChargePoint,350,"CHAdeMO, CCS",2016,Yes,3.8,2,Monthly
EVS00700,"223 Mumbai Ave, Mumbai",DC Fast Charger,0.25,24/7,12.11,54,EVgo,50,"CHAdeMO, CCS",2018,No,3.6,7,Quarterly
EVS00701,"9726 Random Rd, City 164, Country",AC Level 1,0.49,24/7,1.87,85,Greenlots,50,Tesla,2022,No,4.8,1,Monthly
EVS00702,"2970 Chicago Ave, Chicago",DC Fast Charger,0.22,9:00-18:00,15.63,63,Tesla,150,"CHAdeMO, Type 2",2020,Yes,4.9,1,Quarterly
EVS00703,"400 Mexico City Ave, Mexico City",AC Level 2,0.50,9:00-18:00,6.05,53,Tesla,22,"CHAdeMO, Tesla",2022,No,3.4,10,Monthly
EVS00704,"7310 Cape Town Ave, Cape Town",AC Level 1,0.49,6:00-22:00,2.62,92,EVgo,350,CHAdeMO,2023,Yes,3.9,7,Monthly
EVS00705,"7870 Los Angeles Ave, Los Angeles",AC Level 1,0.32,6:00-22:00,12.80,95,Greenlots,50,Tesla,2011,No,5.0,10,Quarterly
EVS00706,"3411 Chicago Ave, Chicago",DC Fast Charger,0.22,6:00-22:00,7.59,73,Tesla,22,Tesla,2018,No,3.2,8,Annually
EVS00707,"409 Moscow Ave, Moscow",AC Level 2,0.47,6:00-22:00,17.21,93,Tesla,150,CHAdeMO,2019,Yes,3.7,3,Quarterly
EVS00708,"988 Moscow Ave, Moscow",AC Level 2,0.26,24/7,11.06,40,Tesla,50,"CHAdeMO, Tesla",2018,Yes,3.8,3,Monthly
EVS00709,"4221 Berlin Ave, Berlin",DC Fast Charger,0.44,24/7,4.63,37,Tesla,50,CHAdeMO,2022,Yes,4.1,1,Annually
EVS00710,"8055 Cape Town Ave, Cape Town",AC Level 1,0.41,9:00-18:00,2.50,71,Ionity,22,"CHAdeMO, Tesla",2022,No,4.0,1,Monthly
EVS00711,"9899 Random Rd, City 245, Country",AC Level 2,0.17,6:00-22:00,6.44,15,Tesla,22,Tesla,2011,No,4.1,5,Monthly
EVS00712,"1044 Chicago Ave, Chicago",AC Level 2,0.20,6:00-22:00,1.15,91,ChargePoint,50,CHAdeMO,2010,Yes,4.6,1,Monthly
EVS00713,"4875 Toronto Ave, Toronto",DC Fast Charger,0.50,9:00-18:00,2.99,67,Greenlots,350,"Type 2, Tesla",2019,Yes,4.1,6,Annually
EVS00714,"1748 Beijing Ave, Beijing",AC Level 2,0.23,9:00-18:00,13.58,84,Tesla,50,"Tesla, CCS",2013,No,4.7,1,Monthly
EVS00715,"4537 Los Angeles Ave, Los Angeles",DC Fast Charger,0.10,6:00-22:00,3.76,56,Ionity,22,CHAdeMO,2023,Yes,4.3,2,Annually
EVS00716,"2730 Bangkok Ave, Bangkok",DC Fast Charger,0.30,6:00-22:00,2.68,65,Greenlots,350,CCS,2017,No,4.3,4,Quarterly
EVS00717,"7564 Toronto Ave, Toronto",AC Level 1,0.36,9:00-18:00,12.59,96,Ionity,150,CCS,2020,No,3.8,5,Quarterly
EVS00718,"1371 Chicago Ave, Chicago",AC Level 2,0.46,9:00-18:00,12.31,97,Tesla,50,"CHAdeMO, Type 2",2020,No,3.6,8,Quarterly
EVS00719,"7122 Bangkok Ave, Bangkok",AC Level 2,0.31,6:00-22:00,9.24,48,EVgo,350,CHAdeMO,2013,Yes,5.0,8,Quarterly
EVS00720,"9356 Chicago Ave, Chicago",AC Level 2,0.13,9:00-18:00,7.48,17,Tesla,150,"Tesla, CCS",2015,Yes,3.3,4,Monthly
EVS00721,"1220 Random Rd, City 311, Country",DC Fast Charger,0.10,24/7,14.00,74,ChargePoint,50,"CCS, CHAdeMO",2019,Yes,3.4,1,Monthly
EVS00722,"2342 Toronto Ave, Toronto",DC Fast Charger,0.29,9:00-18:00,1.49,81,Tesla,150,Type 2,2011,Yes,3.6,8,Quarterly
EVS00723,"1689 Berlin Ave, Berlin",AC Level 1,0.45,24/7,10.39,39,Ionity,150,"CHAdeMO, Tesla",2023,No,4.8,8,Quarterly
EVS00724,"6132 Seoul Ave, Seoul",AC Level 1,0.44,24/7,2.98,41,ChargePoint,150,"CHAdeMO, CCS",2017,Yes,3.3,2,Annually
EVS00725,"5619 Toronto Ave, Toronto",AC Level 1,0.48,6:00-22:00,1.90,84,EVgo,22,"Tesla, Type 2",2022,No,3.9,6,Monthly
EVS00726,"3809 Moscow Ave, Moscow",AC Level 1,0.27,24/7,9.84,71,Ionity,50,"CCS, Type 2",2015,No,4.1,8,Quarterly
EVS00727,"560 Moscow Ave, Moscow",AC Level 2,0.40,9:00-18:00,13.32,44,EVgo,50,"Tesla, Type 2",2011,No,4.6,7,Annually
EVS00728,"8930 Moscow Ave, Moscow",AC Level 2,0.28,6:00-22:00,0.71,23,Tesla,350,CCS,2017,Yes,4.5,5,Monthly
EVS00729,"1882 Moscow Ave, Moscow",AC Level 1,0.47,24/7,7.90,46,Ionity,150,"Tesla, CHAdeMO",2011,Yes,3.5,1,Monthly
EVS00730,"284 Cape Town Ave, Cape Town",DC Fast Charger,0.26,24/7,7.08,48,EVgo,350,CHAdeMO,2021,Yes,4.2,9,Annually
EVS00731,"4434 Random Rd, City 403, Country",DC Fast Charger,0.36,9:00-18:00,8.39,20,Ionity,50,"Type 2, CCS",2014,No,3.9,10,Quarterly
EVS00732,"1756 Los Angeles Ave, Los Angeles",AC Level 2,0.12,6:00-22:00,7.96,26,Tesla,50,"CCS, Tesla",2021,Yes,4.9,6,Quarterly
EVS00733,"5244 Seoul Ave, Seoul",AC Level 1,0.40,9:00-18:00,4.15,72,ChargePoint,50,Type 2,2022,Yes,4.6,10,Quarterly
EVS00734,"4610 Seoul Ave, Seoul",AC Level 2,0.37,6:00-22:00,2.25,49,Greenlots,22,CCS,2011,No,3.8,6,Annually
EVS00735,"1876 Moscow Ave, Moscow",AC Level 2,0.45,9:00-18:00,10.00,63,Tesla,50,"Type 2, CHAdeMO",2021,No,3.4,6,Quarterly
EVS00736,"4408 Berlin Ave, Berlin",AC Level 1,0.29,9:00-18:00,16.58,89,Tesla,350,Tesla,2020,Yes,3.6,2,Monthly
EVS00737,"1136 San Francisco Ave, San Francisco",AC Level 1,0.18,6:00-22:00,2.10,85,Ionity,350,Tesla,2010,Yes,4.0,8,Quarterly
EVS00738,"7735 Seoul Ave, Seoul",AC Level 2,0.42,6:00-22:00,7.00,54,Ionity,22,"CCS, Tesla",2011,No,3.6,4,Monthly
EVS00739,"6946 Mumbai Ave, Mumbai",AC Level 1,0.29,6:00-22:00,8.09,89,Greenlots,22,"CCS, Tesla",2021,Yes,3.5,5,Quarterly
EVS00740,"3484 Chicago Ave, Chicago",AC Level 2,0.45,9:00-18:00,9.03,18,Greenlots,150,"Type 2, Tesla",2021,No,4.1,3,Quarterly
EVS00741,"3219 Random Rd, City 257, Country",AC Level 1,0.35,9:00-18:00,6.71,14,Greenlots,350,"CHAdeMO, Type 2",2021,No,4.5,10,Monthly
EVS00742,"7600 Berlin Ave, Berlin",AC Level 1,0.17,9:00-18:00,14.21,20,Tesla,150,"Tesla, Type 2",2020,Yes,4.3,1,Monthly
EVS00743,"1294 Los Angeles Ave, Los Angeles",DC Fast Charger,0.29,9:00-18:00,8.08,98,EVgo,22,CHAdeMO,2015,Yes,3.4,7,Quarterly
EVS00744,"8550 Berlin Ave, Berlin",DC Fast Charger,0.33,24/7,14.94,41,Greenlots,50,CHAdeMO,2020,Yes,3.8,5,Quarterly
EVS00745,"7270 Bangkok Ave, Bangkok",DC Fast Charger,0.17,6:00-22:00,6.51,61,EVgo,350,"CHAdeMO, CCS",2014,No,3.8,7,Quarterly
EVS00746,"6412 San Francisco Ave, San Francisco",DC Fast Charger,0.25,6:00-22:00,17.95,69,ChargePoint,22,"Type 2, CCS",2018,Yes,3.7,7,Quarterly
EVS00747,"9183 Toronto Ave, Toronto",AC Level 2,0.26,24/7,11.18,19,Ionity,22,Tesla,2020,Yes,3.1,4,Annually
EVS00748,"6135 Los Angeles Ave, Los Angeles",AC Level 2,0.15,9:00-18:00,16.05,96,Greenlots,350,"Tesla, CHAdeMO",2012,No,4.8,3,Monthly
EVS00749,"4237 Bangkok Ave, Bangkok",AC Level 2,0.13,24/7,10.78,88,ChargePoint,50,CCS,2023,No,4.5,4,Quarterly
EVS00750,"7398 Moscow Ave, Moscow",DC Fast Charger,0.23,24/7,10.72,33,Ionity,22,CCS,2019,No,3.9,3,Annually
EVS00751,"5270 Random Rd, City 355, Country",DC Fast Charger,0.48,24/7,1.21,81,ChargePoint,150,Tesla,2017,No,3.9,5,Quarterly
EVS00752,"7211 Chicago Ave, Chicago",AC Level 2,0.20,9:00-18:00,7.34,22,ChargePoint,350,CHAdeMO,2022,No,3.6,9,Quarterly
EVS00753,"9964 Toronto Ave, Toronto",AC Level 1,0.38,9:00-18:00,19.15,88,Greenlots,150,CCS,2013,Yes,3.6,9,Monthly
EVS00754,"1258 San Francisco Ave, San Francisco",DC Fast Charger,0.33,24/7,4.97,57,ChargePoint,50,"CCS, Tesla",2021,No,3.8,10,Monthly
EVS00755,"8636 Berlin Ave, Berlin",AC Level 1,0.16,6:00-22:00,6.09,34,Greenlots,150,Tesla,2021,Yes,5.0,1,Monthly
EVS00756,"4543 Berlin Ave, Berlin",AC Level 1,0.28,24/7,14.69,91,EVgo,350,"Type 2, CCS",2016,Yes,3.2,5,Annually
EVS00757,"1007 Chicago Ave, Chicago",DC Fast Charger,0.37,9:00-18:00,7.69,75,Tesla,50,"Type 2, CHAdeMO",2010,Yes,3.7,5,Quarterly
EVS00758,"603 Cape Town Ave, Cape Town",AC Level 2,0.33,9:00-18:00,2.63,39,ChargePoint,50,"CHAdeMO, Type 2",2019,Yes,3.4,3,Monthly
EVS00759,"5646 Mumbai Ave, Mumbai",DC Fast Charger,0.37,6:00-22:00,10.19,19,ChargePoint,350,Tesla,2016,Yes,3.9,8,Monthly
EVS00760,"886 Toronto Ave, Toronto",AC Level 1,0.33,9:00-18:00,17.85,11,Tesla,22,"CCS, Tesla",2020,Yes,4.0,5,Monthly
EVS00761,"6072 Random Rd, City 65, Country",AC Level 2,0.28,6:00-22:00,19.37,86,Tesla,350,"CHAdeMO, CCS",2013,No,3.9,10,Annually
EVS00762,"7786 Seoul Ave, Seoul",AC Level 2,0.20,24/7,10.72,26,Greenlots,350,CCS,2015,Yes,4.9,8,Monthly
EVS00763,"5059 Moscow Ave, Moscow",AC Level 2,0.46,24/7,17.73,43,ChargePoint,50,"Tesla, CCS",2018,No,3.8,4,Annually
EVS00764,"8882 Seoul Ave, Seoul",AC Level 2,0.41,24/7,8.18,45,EVgo,50,Tesla,2011,Yes,4.2,3,Annually
EVS00765,"2996 Cape Town Ave, Cape Town",DC Fast Charger,0.16,6:00-22:00,14.76,41,Tesla,150,Type 2,2015,Yes,4.9,8,Monthly
EVS00766,"6936 Los Angeles Ave, Los Angeles",AC Level 2,0.49,9:00-18:00,9.80,63,Greenlots,150,Type 2,2019,No,3.6,2,Annually
EVS00767,"9051 Bangkok Ave, Bangkok",AC Level 2,0.36,6:00-22:00,4.83,74,EVgo,150,Tesla,2013,No,3.1,2,Monthly
EVS00768,"8606 Mexico City Ave, Mexico City",AC Level 1,0.42,24/7,18.70,24,ChargePoint,22,"CHAdeMO, CCS",2020,Yes,4.1,10,Annually
EVS00769,"9100 Mexico City Ave, Mexico City",AC Level 2,0.41,24/7,1.03,34,ChargePoint,22,"CHAdeMO, Type 2",2021,Yes,3.8,7,Monthly
EVS00770,"468 Beijing Ave, Beijing",AC Level 2,0.27,6:00-22:00,8.61,59,EVgo,22,"Type 2, Tesla",2017,No,4.9,8,Quarterly
EVS00771,"5713 Random Rd, City 88, Country",AC Level 1,0.45,9:00-18:00,9.83,78,EVgo,350,Type 2,2012,No,3.9,10,Quarterly
EVS00772,"7483 Los Angeles Ave, Los Angeles",AC Level 1,0.31,9:00-18:00,16.56,43,Greenlots,22,CCS,2023,No,4.4,5,Monthly
EVS00773,"2976 Mexico City Ave, Mexico City",AC Level 2,0.42,6:00-22:00,19.43,95,Ionity,50,Type 2,2020,Yes,4.8,2,Monthly
EVS00774,"278 Sydney Ave, Sydney",AC Level 2,0.37,24/7,5.60,18,EVgo,50,Type 2,2012,Yes,4.3,9,Monthly
EVS00775,"2031 Beijing Ave, Beijing",DC Fast Charger,0.44,9:00-18:00,10.64,38,Greenlots,350,"CCS, Type 2",2018,No,4.9,2,Quarterly
EVS00776,"9918 Mumbai Ave, Mumbai",AC Level 2,0.24,24/7,13.82,19,ChargePoint,150,CHAdeMO,2019,Yes,4.0,8,Quarterly
EVS00777,"2841 Chicago Ave, Chicago",DC Fast Charger,0.15,24/7,9.31,54,EVgo,50,"CHAdeMO, CCS",2016,No,3.2,9,Annually
EVS00778,"6612 Chicago Ave, Chicago",AC Level 2,0.37,24/7,6.31,76,ChargePoint,150,CCS,2013,No,3.2,2,Monthly
EVS00779,"2634 Cape Town Ave, Cape Town",AC Level 1,0.32,24/7,10.69,19,ChargePoint,50,"CCS, Type 2",2017,No,3.2,7,Monthly
EVS00780,"6193 Seoul Ave, Seoul",DC Fast Charger,0.41,9:00-18:00,18.80,41,Greenlots,50,CCS,2017,Yes,4.9,8,Annually
EVS00781,"6681 Random Rd, City 132, Country",AC Level 2,0.26,9:00-18:00,5.26,19,Greenlots,150,"CHAdeMO, Type 2",2014,No,3.1,3,Monthly
EVS00782,"9996 Sydney Ave, Sydney",AC Level 1,0.11,9:00-18:00,18.46,57,Greenlots,22,Tesla,2017,No,4.7,9,Quarterly
EVS00783,"8198 Sydney Ave, Sydney",AC Level 1,0.26,6:00-22:00,1.24,13,EVgo,150,Type 2,2019,Yes,4.4,5,Annually
EVS00784,"4991 Toronto Ave, Toronto",AC Level 2,0.19,9:00-18:00,17.95,33,ChargePoint,150,"Tesla, CHAdeMO",2016,Yes,4.6,5,Monthly
EVS00785,"4042 Moscow Ave, Moscow",AC Level 2,0.19,9:00-18:00,5.25,57,EVgo,350,CHAdeMO,2022,No,4.9,5,Monthly
EVS00786,"460 Seoul Ave, Seoul",AC Level 2,0.43,6:00-22:00,4.71,14,EVgo,22,"Tesla, CCS",2013,Yes,4.2,6,Quarterly
EVS00787,"4589 Beijing Ave, Beijing",DC Fast Charger,0.44,6:00-22:00,12.93,46,ChargePoint,150,"CHAdeMO, Tesla",2023,No,4.6,8,Monthly
EVS00788,"1655 Berlin Ave, Berlin",AC Level 1,0.25,9:00-18:00,11.53,71,Ionity,22,Type 2,2023,Yes,4.9,2,Monthly
EVS00789,"9303 Beijing Ave, Beijing",DC Fast Charger,0.14,6:00-22:00,15.09,98,EVgo,150,Tesla,2020,Yes,3.4,8,Annually
EVS00790,"9063 Mumbai Ave, Mumbai",DC Fast Charger,0.15,9:00-18:00,7.66,84,ChargePoint,350,"Tesla, CHAdeMO",2023,No,4.5,10,Quarterly
EVS00791,"9478 Random Rd, City 114, Country",AC Level 2,0.48,9:00-18:00,1.64,65,Ionity,50,Tesla,2022,No,4.5,1,Quarterly
EVS00792,"4213 Moscow Ave, Moscow",AC Level 1,0.20,9:00-18:00,12.65,55,Tesla,22,Tesla,2014,No,4.3,7,Monthly
EVS00793,"4159 Mexico City Ave, Mexico City",DC Fast Charger,0.28,24/7,3.41,51,ChargePoint,350,CHAdeMO,2011,Yes,4.8,2,Quarterly
EVS00794,"1668 Beijing Ave, Beijing",AC Level 2,0.26,24/7,7.41,60,Tesla,50,"Type 2, CCS",2014,Yes,3.4,8,Monthly
EVS00795,"4294 Mexico City Ave, Mexico City",AC Level 2,0.19,24/7,14.84,39,Ionity,22,"Type 2, CCS",2015,Yes,4.8,8,Annually
EVS00796,"5689 Dubai Ave, Dubai",AC Level 2,0.11,6:00-22:00,9.86,77,Ionity,50,CCS,2016,No,3.0,1,Monthly
EVS00797,"410 Berlin Ave, Berlin",AC Level 2,0.47,9:00-18:00,2.54,64,Ionity,150,Type 2,2013,No,3.8,4,Quarterly
EVS00798,"264 Berlin Ave, Berlin",DC Fast Charger,0.43,6:00-22:00,8.89,87,Greenlots,150,CHAdeMO,2015,No,4.4,6,Quarterly
EVS00799,"9384 Dubai Ave, Dubai",AC Level 2,0.41,24/7,10.99,45,Tesla,350,"CHAdeMO, Tesla",2019,Yes,5.0,1,Annually
EVS00800,"74 Bangkok Ave, Bangkok",AC Level 2,0.42,9:00-18:00,17.20,68,Tesla,22,"Type 2, CCS",2011,Yes,4.2,9,Monthly
EVS00801,"9326 Random Rd, City 47, Country",DC Fast Charger,0.38,24/7,5.86,55,Greenlots,50,CCS,2011,No,4.6,7,Annually
EVS00802,"8124 Seoul Ave, Seoul",AC Level 1,0.22,24/7,14.05,59,EVgo,150,"Tesla, CHAdeMO",2022,Yes,3.5,6,Annually
EVS00803,"218 Toronto Ave, Toronto",AC Level 1,0.27,24/7,7.93,80,ChargePoint,350,Tesla,2018,Yes,3.0,9,Monthly
EVS00804,"1657 Berlin Ave, Berlin",AC Level 2,0.15,6:00-22:00,19.25,50,ChargePoint,350,CHAdeMO,2023,Yes,4.5,9,Monthly
EVS00805,"2198 Sydney Ave, Sydney",AC Level 2,0.24,6:00-22:00,19.12,25,Greenlots,50,Type 2,2018,Yes,4.6,1,Quarterly
EVS00806,"8725 São Paulo Ave, São Paulo",AC Level 2,0.43,24/7,12.75,56,ChargePoint,350,"Tesla, CCS",2017,No,3.4,5,Annually
EVS00807,"1486 Bangkok Ave, Bangkok",AC Level 1,0.38,24/7,17.18,69,ChargePoint,50,Tesla,2015,Yes,4.7,8,Quarterly
EVS00808,"5429 Dubai Ave, Dubai",AC Level 1,0.32,6:00-22:00,2.86,61,EVgo,22,"CHAdeMO, Type 2",2022,Yes,3.4,1,Monthly
EVS00809,"2931 Bangkok Ave, Bangkok",DC Fast Charger,0.44,6:00-22:00,3.50,68,Ionity,350,Tesla,2018,No,3.7,4,Quarterly
EVS00810,"2472 San Francisco Ave, San Francisco",DC Fast Charger,0.32,6:00-22:00,18.75,81,ChargePoint,150,CHAdeMO,2014,Yes,4.6,1,Quarterly
EVS00811,"9096 Random Rd, City 366, Country",AC Level 2,0.31,9:00-18:00,18.96,79,ChargePoint,150,"CCS, Tesla",2017,No,3.7,7,Annually
EVS00812,"5328 Mumbai Ave, Mumbai",DC Fast Charger,0.11,6:00-22:00,19.47,68,EVgo,350,"CCS, Tesla",2013,Yes,4.8,2,Monthly
EVS00813,"7916 Seoul Ave, Seoul",DC Fast Charger,0.37,24/7,18.81,10,Ionity,50,"CHAdeMO, Tesla",2013,Yes,3.2,9,Quarterly
EVS00814,"6424 Cape Town Ave, Cape Town",AC Level 2,0.42,24/7,7.95,52,ChargePoint,150,"CCS, CHAdeMO",2012,No,3.4,7,Quarterly
EVS00815,"2495 Mexico City Ave, Mexico City",AC Level 2,0.13,24/7,10.90,77,Greenlots,22,"CCS, CHAdeMO",2022,Yes,3.6,6,Monthly
EVS00816,"8860 Mumbai Ave, Mumbai",AC Level 2,0.34,6:00-22:00,16.00,94,EVgo,150,CCS,2012,No,4.2,7,Annually
EVS00817,"4608 Bangkok Ave, Bangkok",DC Fast Charger,0.15,6:00-22:00,12.60,13,Tesla,150,"CCS, Type 2",2012,No,4.7,7,Quarterly
EVS00818,"1049 Sydney Ave, Sydney",AC Level 2,0.30,9:00-18:00,3.00,66,ChargePoint,350,"Type 2, CHAdeMO",2016,Yes,3.2,2,Annually
EVS00819,"291 Cape Town Ave, Cape Town",AC Level 1,0.24,24/7,10.01,31,EVgo,150,CCS,2023,Yes,4.4,4,Annually
EVS00820,"8440 Cape Town Ave, Cape Town",AC Level 1,0.15,24/7,16.00,83,EVgo,350,CCS,2012,Yes,4.5,2,Quarterly
EVS00821,"5675 Random Rd, City 415, Country",AC Level 2,0.49,6:00-22:00,7.10,48,Ionity,150,CHAdeMO,2012,No,3.1,1,Quarterly
EVS00822,"4487 Seoul Ave, Seoul",AC Level 2,0.29,9:00-18:00,10.69,23,EVgo,150,Tesla,2020,No,4.5,9,Quarterly
EVS00823,"9224 Los Angeles Ave, Los Angeles",AC Level 1,0.16,24/7,14.81,72,Greenlots,22,"Type 2, CCS",2014,Yes,4.4,1,Quarterly
EVS00824,"9080 Los Angeles Ave, Los Angeles",AC Level 1,0.37,9:00-18:00,1.92,18,Tesla,22,"Type 2, CHAdeMO",2019,Yes,3.9,9,Monthly
EVS00825,"7187 Berlin Ave, Berlin",DC Fast Charger,0.26,9:00-18:00,13.73,89,Greenlots,350,Type 2,2010,No,3.2,6,Quarterly
EVS00826,"4890 San Francisco Ave, San Francisco",AC Level 1,0.33,24/7,8.14,93,Ionity,150,Tesla,2015,Yes,4.3,9,Monthly
EVS00827,"9255 Bangkok Ave, Bangkok",AC Level 1,0.47,6:00-22:00,2.02,59,Greenlots,50,"CHAdeMO, Tesla",2023,Yes,4.6,3,Annually
EVS00828,"2284 Cape Town Ave, Cape Town",DC Fast Charger,0.27,24/7,13.76,56,ChargePoint,50,Type 2,2014,Yes,3.4,4,Monthly
EVS00829,"2958 Mumbai Ave, Mumbai",AC Level 2,0.31,24/7,15.84,100,ChargePoint,50,Tesla,2022,Yes,3.3,4,Quarterly
EVS00830,"4619 Sydney Ave, Sydney",AC Level 1,0.27,6:00-22:00,0.81,92,ChargePoint,350,Type 2,2022,No,3.9,6,Annually
EVS00831,"2039 Random Rd, City 45, Country",DC Fast Charger,0.25,24/7,14.62,70,Ionity,350,"CHAdeMO, CCS",2023,Yes,4.1,1,Annually
EVS00832,"388 Mexico City Ave, Mexico City",DC Fast Charger,0.29,9:00-18:00,7.13,41,Tesla,50,CCS,2017,Yes,3.6,2,Annually
EVS00833,"9680 Toronto Ave, Toronto",AC Level 1,0.28,9:00-18:00,7.47,46,Tesla,50,"Tesla, CCS",2019,No,3.5,7,Monthly
EVS00834,"4630 Mumbai Ave, Mumbai",AC Level 1,0.48,9:00-18:00,11.49,10,Tesla,350,"CCS, Type 2",2019,Yes,3.6,2,Monthly
EVS00835,"7300 São Paulo Ave, São Paulo",AC Level 1,0.44,24/7,9.02,50,Greenlots,50,"Tesla, Type 2",2010,No,4.7,1,Annually
EVS00836,"9439 Cape Town Ave, Cape Town",AC Level 2,0.27,6:00-22:00,14.85,67,EVgo,350,"Tesla, Type 2",2017,No,4.2,4,Quarterly
EVS00837,"625 Sydney Ave, Sydney",AC Level 1,0.15,24/7,12.91,84,Tesla,22,"Tesla, CHAdeMO",2016,Yes,4.3,2,Quarterly
EVS00838,"1695 Mexico City Ave, Mexico City",AC Level 1,0.38,6:00-22:00,1.89,75,ChargePoint,50,CCS,2019,No,4.2,4,Annually
EVS00839,"7560 Los Angeles Ave, Los Angeles",AC Level 1,0.48,6:00-22:00,0.59,10,Tesla,150,"CCS, Type 2",2013,No,4.6,2,Annually
EVS00840,"5408 Sydney Ave, Sydney",DC Fast Charger,0.47,6:00-22:00,1.46,39,EVgo,22,"CHAdeMO, Type 2",2017,Yes,3.2,4,Quarterly
EVS00841,"4738 Random Rd, City 17, Country",AC Level 1,0.13,24/7,2.26,50,Greenlots,150,"CCS, CHAdeMO",2013,No,3.7,5,Monthly
EVS00842,"2167 Chicago Ave, Chicago",AC Level 2,0.29,24/7,6.56,10,EVgo,50,"Tesla, Type 2",2018,No,4.7,9,Monthly
EVS00843,"4495 Seoul Ave, Seoul",DC Fast Charger,0.18,9:00-18:00,13.16,75,Ionity,50,CCS,2018,No,3.7,9,Quarterly
EVS00844,"4868 São Paulo Ave, São Paulo",AC Level 1,0.32,24/7,2.88,62,Ionity,50,Type 2,2012,Yes,3.9,10,Annually
EVS00845,"7809 Moscow Ave, Moscow",AC Level 1,0.35,9:00-18:00,17.31,20,Greenlots,350,Tesla,2022,No,3.7,7,Quarterly
EVS00846,"9118 Sydney Ave, Sydney",AC Level 1,0.39,6:00-22:00,6.59,13,Greenlots,50,CCS,2013,No,4.6,8,Monthly
EVS00847,"5787 Los Angeles Ave, Los Angeles",DC Fast Charger,0.14,9:00-18:00,15.64,76,ChargePoint,22,"CCS, CHAdeMO",2014,Yes,3.8,8,Monthly
EVS00848,"3834 Moscow Ave, Moscow",DC Fast Charger,0.41,6:00-22:00,19.70,43,Ionity,50,"CHAdeMO, CCS",2021,Yes,3.3,5,Monthly
EVS00849,"6042 Mumbai Ave, Mumbai",DC Fast Charger,0.41,24/7,6.18,78,ChargePoint,150,"CHAdeMO, Type 2",2012,No,4.6,1,Monthly
EVS00850,"7497 Sydney Ave, Sydney",DC Fast Charger,0.35,24/7,18.06,82,ChargePoint,50,Tesla,2017,Yes,4.9,3,Quarterly
EVS00851,"2585 Random Rd, City 89, Country",AC Level 1,0.12,9:00-18:00,12.94,97,Greenlots,22,"CCS, Tesla",2011,Yes,3.2,2,Annually
EVS00852,"5100 Chicago Ave, Chicago",DC Fast Charger,0.28,24/7,8.98,100,Tesla,150,"Type 2, CHAdeMO",2010,Yes,4.2,4,Quarterly
EVS00853,"2969 Sydney Ave, Sydney",DC Fast Charger,0.41,6:00-22:00,0.98,19,ChargePoint,50,CCS,2015,Yes,3.2,7,Annually
EVS00854,"1256 Dubai Ave, Dubai",AC Level 2,0.16,6:00-22:00,3.84,37,ChargePoint,350,"CHAdeMO, CCS",2010,Yes,3.4,4,Annually
EVS00855,"6327 Moscow Ave, Moscow",AC Level 2,0.13,9:00-18:00,2.05,59,Greenlots,150,CHAdeMO,2022,Yes,4.8,5,Quarterly
EVS00856,"1469 Mumbai Ave, Mumbai",AC Level 2,0.32,9:00-18:00,4.34,84,Ionity,150,"Type 2, CHAdeMO",2019,No,4.3,8,Annually
EVS00857,"3735 Mexico City Ave, Mexico City",DC Fast Charger,0.39,6:00-22:00,13.31,19,Tesla,150,CCS,2023,No,4.6,7,Monthly
EVS00858,"5657 Bangkok Ave, Bangkok",DC Fast Charger,0.23,24/7,0.71,73,ChargePoint,350,"CHAdeMO, Tesla",2015,Yes,4.9,9,Annually
EVS00859,"7083 Seoul Ave, Seoul",AC Level 1,0.41,6:00-22:00,10.43,15,EVgo,150,"CCS, CHAdeMO",2012,Yes,3.7,4,Quarterly
EVS00860,"3895 Los Angeles Ave, Los Angeles",DC Fast Charger,0.12,24/7,0.68,44,Ionity,22,"Type 2, Tesla",2011,No,3.4,9,Quarterly
EVS00861,"3783 Random Rd, City 477, Country",AC Level 1,0.20,24/7,19.52,98,Greenlots,150,Type 2,2012,No,4.8,4,Monthly
EVS00862,"1895 Seoul Ave, Seoul",AC Level 2,0.48,9:00-18:00,13.95,74,EVgo,50,Type 2,2014,Yes,4.2,7,Quarterly
EVS00863,"9868 Dubai Ave, Dubai",AC Level 2,0.39,6:00-22:00,9.53,39,Greenlots,50,CHAdeMO,2013,Yes,3.9,6,Quarterly
EVS00864,"3534 Berlin Ave, Berlin",DC Fast Charger,0.19,9:00-18:00,0.72,76,ChargePoint,150,CHAdeMO,2017,No,4.3,8,Monthly
EVS00865,"5162 Cape Town Ave, Cape Town",AC Level 2,0.24,6:00-22:00,3.14,71,ChargePoint,22,"CCS, CHAdeMO",2020,No,3.5,3,Quarterly
EVS00866,"3094 São Paulo Ave, São Paulo",DC Fast Charger,0.31,24/7,15.48,18,Greenlots,150,"CCS, Type 2",2017,No,3.1,5,Monthly
EVS00867,"8449 Sydney Ave, Sydney",DC Fast Charger,0.43,9:00-18:00,3.73,75,EVgo,50,"CCS, Type 2",2016,No,4.1,4,Annually
EVS00868,"8169 Seoul Ave, Seoul",DC Fast Charger,0.41,24/7,14.11,23,EVgo,50,"Type 2, CHAdeMO",2010,Yes,4.4,6,Annually
EVS00869,"6484 San Francisco Ave, San Francisco",DC Fast Charger,0.12,24/7,6.85,93,Ionity,350,CHAdeMO,2010,No,3.2,9,Annually
EVS00870,"4370 Mumbai Ave, Mumbai",DC Fast Charger,0.34,24/7,9.85,33,Tesla,350,CHAdeMO,2015,No,3.2,7,Annually
EVS00871,"5488 Random Rd, City 118, Country",AC Level 1,0.40,24/7,17.99,86,Greenlots,350,"Tesla, Type 2",2019,No,4.4,1,Annually
EVS00872,"9468 Berlin Ave, Berlin",AC Level 1,0.24,6:00-22:00,2.21,64,EVgo,50,CHAdeMO,2012,Yes,3.9,6,Monthly
EVS00873,"5971 Seoul Ave, Seoul",AC Level 1,0.37,6:00-22:00,17.13,28,ChargePoint,22,"Tesla, CHAdeMO",2015,Yes,3.1,9,Monthly
EVS00874,"2188 São Paulo Ave, São Paulo",AC Level 1,0.46,9:00-18:00,3.57,28,Ionity,150,"Type 2, Tesla",2021,Yes,4.7,9,Monthly
EVS00875,"4993 Berlin Ave, Berlin",AC Level 1,0.20,6:00-22:00,9.20,18,EVgo,50,"Tesla, Type 2",2015,Yes,3.2,2,Annually
EVS00876,"1795 Mexico City Ave, Mexico City",DC Fast Charger,0.39,9:00-18:00,3.65,23,ChargePoint,22,"CHAdeMO, CCS",2016,No,4.9,1,Annually
EVS00877,"3458 San Francisco Ave, San Francisco",AC Level 1,0.16,6:00-22:00,12.70,88,Tesla,22,Type 2,2012,Yes,4.5,2,Annually
EVS00878,"4739 Beijing Ave, Beijing",AC Level 1,0.38,6:00-22:00,7.12,80,ChargePoint,22,"CHAdeMO, CCS",2013,Yes,3.5,4,Annually
EVS00879,"7541 San Francisco Ave, San Francisco",AC Level 2,0.23,24/7,13.21,33,ChargePoint,22,CHAdeMO,2022,Yes,3.6,8,Monthly
EVS00880,"6777 Mexico City Ave, Mexico City",DC Fast Charger,0.16,9:00-18:00,18.93,98,Greenlots,150,"Type 2, CCS",2014,No,4.1,4,Annually
EVS00881,"2943 Random Rd, City 27, Country",DC Fast Charger,0.29,6:00-22:00,4.03,75,Ionity,50,CHAdeMO,2016,No,3.1,5,Quarterly
EVS00882,"87 São Paulo Ave, São Paulo",AC Level 2,0.38,9:00-18:00,1.46,61,Tesla,22,Tesla,2017,No,4.0,10,Quarterly
EVS00883,"8174 Chicago Ave, Chicago",DC Fast Charger,0.41,6:00-22:00,11.77,87,Ionity,150,"CCS, CHAdeMO",2010,Yes,4.1,8,Annually
EVS00884,"8387 Mumbai Ave, Mumbai",AC Level 2,0.37,24/7,1.38,13,EVgo,350,"CHAdeMO, Type 2",2021,No,4.6,5,Annually
EVS00885,"2418 Dubai Ave, Dubai",AC Level 2,0.46,6:00-22:00,3.27,100,Tesla,22,"CCS, Type 2",2021,No,4.7,1,Quarterly
EVS00886,"7699 San Francisco Ave, San Francisco",AC Level 1,0.18,6:00-22:00,5.27,24,Tesla,50,CHAdeMO,2017,No,4.5,7,Quarterly
EVS00887,"5249 Toronto Ave, Toronto",AC Level 1,0.41,24/7,17.68,95,ChargePoint,150,Tesla,2023,Yes,4.6,6,Monthly
EVS00888,"5949 Cape Town Ave, Cape Town",DC Fast Charger,0.24,6:00-22:00,10.74,97,Ionity,350,CCS,2013,No,4.0,7,Quarterly
EVS00889,"1734 Sydney Ave, Sydney",DC Fast Charger,0.41,24/7,13.45,96,ChargePoint,22,"Type 2, Tesla",2020,No,3.8,4,Annually
EVS00890,"5355 Sydney Ave, Sydney",AC Level 1,0.47,9:00-18:00,16.41,68,Ionity,22,CCS,2012,No,3.2,4,Annually
EVS00891,"1904 Random Rd, City 158, Country",DC Fast Charger,0.40,9:00-18:00,2.82,78,ChargePoint,150,"CCS, Type 2",2016,Yes,4.5,2,Annually
EVS00892,"7146 Moscow Ave, Moscow",DC Fast Charger,0.28,24/7,13.68,89,Tesla,50,"CCS, CHAdeMO",2013,Yes,4.6,4,Monthly
EVS00893,"9095 Mexico City Ave, Mexico City",AC Level 2,0.15,9:00-18:00,15.61,56,Tesla,50,Type 2,2017,Yes,3.6,4,Quarterly
EVS00894,"3948 Moscow Ave, Moscow",AC Level 1,0.44,24/7,16.12,79,Ionity,50,Type 2,2015,No,3.6,2,Annually
EVS00895,"1712 Seoul Ave, Seoul",DC Fast Charger,0.27,9:00-18:00,16.39,49,EVgo,150,Type 2,2016,No,4.6,9,Monthly
EVS00896,"4551 Bangkok Ave, Bangkok",AC Level 2,0.30,24/7,8.97,100,Ionity,350,CHAdeMO,2020,Yes,4.9,4,Annually
EVS00897,"1548 Dubai Ave, Dubai",AC Level 1,0.36,9:00-18:00,13.16,57,Tesla,350,"Tesla, CHAdeMO",2023,Yes,4.6,4,Monthly
EVS00898,"1998 Berlin Ave, Berlin",DC Fast Charger,0.36,24/7,17.97,58,Greenlots,350,"Type 2, CCS",2011,Yes,5.0,9,Annually
EVS00899,"4061 Cape Town Ave, Cape Town",AC Level 1,0.31,9:00-18:00,19.33,91,ChargePoint,350,Tesla,2016,No,3.3,7,Annually
EVS00900,"1556 Mumbai Ave, Mumbai",AC Level 1,0.38,9:00-18:00,0.67,62,ChargePoint,22,CCS,2022,Yes,3.9,3,Monthly
EVS00901,"6039 Random Rd, City 65, Country",AC Level 2,0.16,24/7,12.39,68,Tesla,50,"CCS, CHAdeMO",2019,Yes,4.7,9,Quarterly
EVS00902,"9538 Bangkok Ave, Bangkok",AC Level 1,0.40,9:00-18:00,11.93,97,Greenlots,50,Tesla,2014,No,4.1,1,Monthly
EVS00903,"5169 San Francisco Ave, San Francisco",AC Level 1,0.32,9:00-18:00,8.34,84,Greenlots,150,"CCS, CHAdeMO",2021,No,4.0,8,Quarterly
EVS00904,"3846 São Paulo Ave, São Paulo",AC Level 2,0.12,6:00-22:00,7.51,66,Tesla,50,"CHAdeMO, Type 2",2011,No,3.3,3,Quarterly
EVS00905,"8628 São Paulo Ave, São Paulo",AC Level 1,0.46,9:00-18:00,9.03,98,Ionity,350,CHAdeMO,2019,Yes,4.3,1,Monthly
EVS00906,"7694 Berlin Ave, Berlin",AC Level 1,0.24,24/7,8.96,37,Ionity,350,"Type 2, CCS",2015,Yes,4.9,3,Annually
EVS00907,"7155 Los Angeles Ave, Los Angeles",AC Level 2,0.32,24/7,11.10,94,Tesla,350,Type 2,2010,Yes,4.1,6,Monthly
EVS00908,"8368 Seoul Ave, Seoul",AC Level 2,0.10,9:00-18:00,13.52,22,Greenlots,22,"Tesla, CHAdeMO",2010,No,3.6,5,Monthly
EVS00909,"2431 Dubai Ave, Dubai",AC Level 1,0.34,24/7,5.65,93,Greenlots,150,CHAdeMO,2010,No,4.8,5,Annually
EVS00910,"7489 Moscow Ave, Moscow",AC Level 1,0.38,24/7,15.34,67,EVgo,22,Type 2,2021,No,4.5,5,Annually
EVS00911,"8969 Random Rd, City 330, Country",AC Level 2,0.46,6:00-22:00,18.41,80,Tesla,50,Type 2,2017,Yes,4.9,10,Monthly
EVS00912,"216 Cape Town Ave, Cape Town",AC Level 1,0.21,9:00-18:00,12.64,87,Greenlots,50,Tesla,2012,No,3.6,4,Monthly
EVS00913,"4722 Los Angeles Ave, Los Angeles",AC Level 1,0.15,24/7,15.97,16,EVgo,350,"Type 2, CHAdeMO",2022,Yes,4.5,5,Annually
EVS00914,"1527 Sydney Ave, Sydney",AC Level 2,0.31,6:00-22:00,8.45,38,EVgo,350,"Type 2, CCS",2012,Yes,5.0,10,Monthly
EVS00915,"3619 Moscow Ave, Moscow",DC Fast Charger,0.35,9:00-18:00,5.03,42,EVgo,50,Tesla,2020,Yes,4.7,4,Monthly
EVS00916,"2942 Berlin Ave, Berlin",AC Level 1,0.46,9:00-18:00,19.17,50,ChargePoint,150,CCS,2021,No,4.1,4,Annually
EVS00917,"8244 Cape Town Ave, Cape Town",AC Level 2,0.14,9:00-18:00,6.78,15,Tesla,22,"CCS, Tesla",2019,No,3.0,10,Monthly
EVS00918,"3179 Chicago Ave, Chicago",AC Level 1,0.23,24/7,6.46,72,EVgo,22,Tesla,2013,No,3.2,10,Quarterly
EVS00919,"7764 Moscow Ave, Moscow",AC Level 1,0.20,24/7,6.06,58,Greenlots,350,"Tesla, CCS",2013,Yes,3.9,2,Monthly
EVS00920,"5443 Toronto Ave, Toronto",DC Fast Charger,0.30,6:00-22:00,9.21,57,ChargePoint,150,Type 2,2023,Yes,3.0,7,Quarterly
EVS00921,"1671 Random Rd, City 37, Country",AC Level 1,0.38,6:00-22:00,17.12,81,Tesla,350,"CHAdeMO, CCS",2020,Yes,4.4,6,Annually
EVS00922,"6858 San Francisco Ave, San Francisco",DC Fast Charger,0.10,9:00-18:00,6.13,40,Tesla,150,Tesla,2018,Yes,3.3,9,Monthly
EVS00923,"992 San Francisco Ave, San Francisco",DC Fast Charger,0.12,24/7,2.26,31,Tesla,150,Type 2,2014,No,5.0,2,Monthly
EVS00924,"7350 São Paulo Ave, São Paulo",DC Fast Charger,0.12,9:00-18:00,3.51,86,Greenlots,50,CHAdeMO,2016,Yes,3.4,7,Monthly
EVS00925,"3496 São Paulo Ave, São Paulo",DC Fast Charger,0.34,9:00-18:00,18.00,72,EVgo,350,"Type 2, Tesla",2013,Yes,3.6,3,Monthly
EVS00926,"5363 Mumbai Ave, Mumbai",AC Level 2,0.16,9:00-18:00,11.98,68,EVgo,350,"Type 2, CHAdeMO",2016,Yes,4.1,10,Monthly
EVS00927,"6195 Dubai Ave, Dubai",DC Fast Charger,0.32,24/7,14.33,55,EVgo,150,Type 2,2014,No,4.0,10,Annually
EVS00928,"8274 Los Angeles Ave, Los Angeles",AC Level 2,0.38,9:00-18:00,14.38,24,Greenlots,50,"CCS, CHAdeMO",2021,No,3.2,3,Monthly
EVS00929,"8201 São Paulo Ave, São Paulo",AC Level 2,0.27,6:00-22:00,6.08,52,EVgo,22,"CHAdeMO, Tesla",2016,Yes,3.4,5,Quarterly
EVS00930,"9633 Seoul Ave, Seoul",AC Level 2,0.50,6:00-22:00,0.65,59,ChargePoint,350,Tesla,2023,No,3.2,5,Annually
EVS00931,"274 Random Rd, City 287, Country",AC Level 1,0.34,6:00-22:00,2.85,99,ChargePoint,50,"Type 2, CHAdeMO",2013,Yes,3.2,1,Quarterly
EVS00932,"9001 Bangkok Ave, Bangkok",AC Level 1,0.21,24/7,12.17,65,EVgo,150,CHAdeMO,2023,Yes,3.2,3,Monthly
EVS00933,"7276 Mumbai Ave, Mumbai",AC Level 1,0.50,24/7,10.41,30,Tesla,22,Type 2,2017,No,3.9,10,Quarterly
EVS00934,"8356 Seoul Ave, Seoul",AC Level 1,0.28,9:00-18:00,14.77,71,EVgo,22,CCS,2023,No,3.7,9,Quarterly
EVS00935,"3638 Bangkok Ave, Bangkok",DC Fast Charger,0.47,24/7,2.02,83,Greenlots,350,"Type 2, Tesla",2014,No,4.7,7,Annually
EVS00936,"4084 Seoul Ave, Seoul",AC Level 2,0.21,6:00-22:00,6.70,64,ChargePoint,22,CHAdeMO,2016,Yes,4.8,10,Monthly
EVS00937,"1265 Sydney Ave, Sydney",AC Level 2,0.14,9:00-18:00,4.24,46,ChargePoint,50,"CCS, Type 2",2015,No,3.1,3,Annually
EVS00938,"315 Mexico City Ave, Mexico City",AC Level 1,0.20,6:00-22:00,15.40,44,ChargePoint,150,Tesla,2015,Yes,4.1,4,Monthly
EVS00939,"4299 Seoul Ave, Seoul",AC Level 2,0.27,6:00-22:00,9.00,37,EVgo,50,Type 2,2022,No,4.3,8,Annually
EVS00940,"9343 Mexico City Ave, Mexico City",DC Fast Charger,0.27,24/7,4.19,16,Ionity,22,CHAdeMO,2023,No,4.7,6,Quarterly
EVS00941,"9185 Random Rd, City 377, Country",DC Fast Charger,0.16,24/7,4.82,10,Greenlots,50,Type 2,2023,Yes,4.3,7,Quarterly
EVS00942,"7182 Seoul Ave, Seoul",AC Level 1,0.28,24/7,9.86,61,Tesla,50,Tesla,2018,No,4.2,3,Quarterly
EVS00943,"9921 Los Angeles Ave, Los Angeles",AC Level 1,0.11,24/7,14.73,67,Greenlots,150,CCS,2019,No,4.8,3,Monthly
EVS00944,"6599 Sydney Ave, Sydney",AC Level 2,0.26,6:00-22:00,10.16,61,Ionity,350,"Tesla, CCS",2017,Yes,4.6,2,Annually
EVS00945,"9223 Seoul Ave, Seoul",DC Fast Charger,0.39,24/7,19.73,25,ChargePoint,50,Type 2,2022,No,4.1,9,Annually
EVS00946,"3808 Mexico City Ave, Mexico City",DC Fast Charger,0.25,24/7,1.27,90,Greenlots,50,CCS,2023,No,4.0,9,Monthly
EVS00947,"4297 São Paulo Ave, São Paulo",DC Fast Charger,0.29,6:00-22:00,11.28,17,Tesla,150,"Type 2, Tesla",2017,No,4.3,1,Monthly
EVS00948,"9213 São Paulo Ave, São Paulo",DC Fast Charger,0.46,24/7,13.63,20,Ionity,50,"CHAdeMO, Type 2",2014,No,4.9,5,Quarterly
EVS00949,"2813 Bangkok Ave, Bangkok",DC Fast Charger,0.12,9:00-18:00,4.97,11,ChargePoint,150,Type 2,2011,Yes,4.0,8,Annually
EVS00950,"4705 Berlin Ave, Berlin",AC Level 1,0.28,24/7,5.76,61,Ionity,50,CCS,2013,Yes,3.2,2,Quarterly
EVS00951,"7586 Random Rd, City 234, Country",DC Fast Charger,0.39,9:00-18:00,12.83,68,Tesla,50,CHAdeMO,2013,No,4.4,5,Quarterly
EVS00952,"5422 Beijing Ave, Beijing",AC Level 2,0.27,9:00-18:00,9.79,32,Greenlots,22,"Tesla, Type 2",2016,No,3.2,2,Quarterly
EVS00953,"7109 San Francisco Ave, San Francisco",DC Fast Charger,0.41,6:00-22:00,3.43,48,Tesla,150,"CCS, Type 2",2011,No,3.8,6,Annually
EVS00954,"1558 Toronto Ave, Toronto",DC Fast Charger,0.32,6:00-22:00,5.29,44,ChargePoint,22,"CCS, Type 2",2010,Yes,4.2,7,Quarterly
EVS00955,"8680 Toronto Ave, Toronto",AC Level 1,0.31,6:00-22:00,3.42,65,Tesla,150,"Type 2, Tesla",2021,Yes,3.7,7,Monthly
EVS00956,"5232 Beijing Ave, Beijing",DC Fast Charger,0.47,6:00-22:00,5.40,39,EVgo,50,"CCS, CHAdeMO",2018,No,3.6,7,Monthly
EVS00957,"1103 San Francisco Ave, San Francisco",AC Level 2,0.47,9:00-18:00,14.29,99,Tesla,350,"CCS, Type 2",2020,No,5.0,8,Quarterly
EVS00958,"4521 Berlin Ave, Berlin",AC Level 2,0.33,6:00-22:00,11.73,52,Tesla,150,"Type 2, Tesla",2010,Yes,3.3,2,Annually
EVS00959,"7206 Moscow Ave, Moscow",AC Level 2,0.34,6:00-22:00,8.24,16,ChargePoint,150,"Type 2, CHAdeMO",2016,No,4.8,10,Quarterly
EVS00960,"8675 São Paulo Ave, São Paulo",AC Level 1,0.18,6:00-22:00,12.77,74,Greenlots,150,Type 2,2017,No,3.0,10,Monthly
EVS00961,"5928 Random Rd, City 350, Country",DC Fast Charger,0.22,9:00-18:00,4.76,31,Ionity,150,"CCS, Tesla",2019,No,3.2,6,Quarterly
EVS00962,"7868 San Francisco Ave, San Francisco",AC Level 1,0.15,9:00-18:00,14.87,89,Ionity,22,CHAdeMO,2015,No,3.4,4,Quarterly
EVS00963,"4590 Seoul Ave, Seoul",AC Level 2,0.34,24/7,0.59,86,EVgo,150,Type 2,2019,Yes,3.6,6,Annually
EVS00964,"9067 Mexico City Ave, Mexico City",AC Level 1,0.34,9:00-18:00,5.92,15,ChargePoint,150,"Type 2, CHAdeMO",2011,Yes,3.8,5,Annually
EVS00965,"6409 Mexico City Ave, Mexico City",DC Fast Charger,0.24,9:00-18:00,1.36,58,Greenlots,350,CHAdeMO,2013,No,4.1,8,Monthly
EVS00966,"7535 Seoul Ave, Seoul",AC Level 2,0.49,24/7,10.04,73,Greenlots,150,Type 2,2019,Yes,3.1,8,Annually
EVS00967,"6177 Mexico City Ave, Mexico City",DC Fast Charger,0.36,6:00-22:00,9.38,50,Ionity,350,Tesla,2010,Yes,3.8,9,Quarterly
EVS00968,"8580 Los Angeles Ave, Los Angeles",AC Level 2,0.25,9:00-18:00,9.68,87,Tesla,22,CHAdeMO,2011,No,4.6,9,Monthly
EVS00969,"5334 Toronto Ave, Toronto",DC Fast Charger,0.42,6:00-22:00,0.96,31,Ionity,22,"CHAdeMO, Tesla",2018,No,4.4,4,Quarterly
EVS00970,"2780 Bangkok Ave, Bangkok",AC Level 2,0.31,6:00-22:00,13.72,95,EVgo,150,"Type 2, Tesla",2011,No,3.1,10,Annually
EVS00971,"668 Random Rd, City 378, Country",DC Fast Charger,0.37,9:00-18:00,8.52,77,Ionity,150,Type 2,2011,No,4.7,9,Monthly
EVS00972,"7130 Bangkok Ave, Bangkok",DC Fast Charger,0.21,24/7,19.23,90,Ionity,22,"CCS, Type 2",2010,No,4.5,9,Quarterly
EVS00973,"140 Dubai Ave, Dubai",AC Level 1,0.38,24/7,14.72,40,Tesla,22,"CHAdeMO, Type 2",2014,Yes,3.7,8,Monthly
EVS00974,"4085 San Francisco Ave, San Francisco",DC Fast Charger,0.17,9:00-18:00,2.42,26,Tesla,350,"CCS, Type 2",2019,No,3.2,10,Quarterly
EVS00975,"4769 Mexico City Ave, Mexico City",AC Level 1,0.23,9:00-18:00,11.24,21,Greenlots,150,Tesla,2019,No,4.4,10,Quarterly
EVS00976,"3263 São Paulo Ave, São Paulo",DC Fast Charger,0.34,6:00-22:00,16.45,35,Tesla,350,"CCS, Tesla",2014,Yes,3.4,9,Quarterly
EVS00977,"4857 Los Angeles Ave, Los Angeles",DC Fast Charger,0.27,24/7,10.75,95,Greenlots,150,Type 2,2012,Yes,4.0,7,Annually
EVS00978,"7975 Moscow Ave, Moscow",DC Fast Charger,0.47,9:00-18:00,10.44,89,Greenlots,50,CHAdeMO,2011,Yes,3.2,9,Monthly
EVS00979,"6451 Berlin Ave, Berlin",AC Level 1,0.14,6:00-22:00,7.88,40,Tesla,22,Type 2,2022,No,4.2,10,Monthly
EVS00980,"6253 San Francisco Ave, San Francisco",AC Level 1,0.33,6:00-22:00,10.35,99,Ionity,350,"Type 2, CHAdeMO",2012,No,5.0,1,Monthly
EVS00981,"2081 Random Rd, City 181, Country",AC Level 2,0.36,9:00-18:00,5.08,58,Tesla,150,Tesla,2023,Yes,5.0,1,Quarterly
EVS00982,"9144 Dubai Ave, Dubai",AC Level 2,0.40,9:00-18:00,8.67,56,Greenlots,150,Type 2,2018,Yes,3.2,5,Annually
EVS00983,"4001 Cape Town Ave, Cape Town",AC Level 2,0.45,6:00-22:00,13.65,83,Greenlots,350,"CHAdeMO, Tesla",2023,No,4.3,3,Monthly
EVS00984,"4565 Toronto Ave, Toronto",DC Fast Charger,0.36,24/7,9.04,32,Greenlots,150,CCS,2018,No,3.9,5,Annually
EVS00985,"5456 Seoul Ave, Seoul",DC Fast Charger,0.13,24/7,8.72,69,Tesla,150,Tesla,2020,Yes,3.0,4,Quarterly
EVS00986,"8426 Moscow Ave, Moscow",DC Fast Charger,0.37,24/7,1.46,75,ChargePoint,350,Tesla,2018,No,3.9,8,Annually
EVS00987,"1186 Chicago Ave, Chicago",DC Fast Charger,0.24,9:00-18:00,12.72,98,Greenlots,22,CHAdeMO,2018,No,4.0,2,Quarterly
EVS00988,"6207 Mexico City Ave, Mexico City",DC Fast Charger,0.48,6:00-22:00,13.41,48,Greenlots,22,"Tesla, CHAdeMO",2018,No,3.4,8,Monthly
EVS00989,"9452 Los Angeles Ave, Los Angeles",AC Level 2,0.38,24/7,3.76,53,EVgo,22,"CHAdeMO, CCS",2020,Yes,3.1,3,Quarterly
EVS00990,"2019 Beijing Ave, Beijing",AC Level 2,0.20,6:00-22:00,5.24,15,EVgo,22,"CCS, Tesla",2014,No,3.3,1,Monthly
EVS00991,"2118 Random Rd, City 223, Country",AC Level 2,0.24,9:00-18:00,5.97,85,EVgo,150,CCS,2023,No,5.0,3,Monthly
EVS00992,"7941 Cape Town Ave, Cape Town",AC Level 2,0.41,9:00-18:00,14.21,62,Tesla,50,CCS,2019,Yes,3.4,1,Quarterly
EVS00993,"3714 Mexico City Ave, Mexico City",AC Level 1,0.35,9:00-18:00,15.19,10,Ionity,150,"CCS, Type 2",2013,Yes,4.8,4,Quarterly
EVS00994,"9132 Seoul Ave, Seoul",DC Fast Charger,0.35,24/7,17.76,87,Ionity,22,"CHAdeMO, CCS",2020,Yes,3.4,3,Monthly
EVS00995,"5328 Los Angeles Ave, Los Angeles",DC Fast Charger,0.35,24/7,9.48,33,ChargePoint,150,"Type 2, CHAdeMO",2020,No,3.5,7,Quarterly
EVS00996,"1582 Chicago Ave, Chicago",DC Fast Charger,0.49,24/7,14.60,22,ChargePoint,350,"Tesla, CCS",2022,Yes,4.6,3,Monthly
EVS00997,"5690 São Paulo Ave, São Paulo",AC Level 1,0.47,6:00-22:00,6.94,51,Greenlots,150,"CHAdeMO, CCS",2022,Yes,5.0,2,Quarterly
EVS00998,"5941 Dubai Ave, Dubai",DC Fast Charger,0.35,24/7,6.29,12,Ionity,50,CHAdeMO,2018,Yes,4.5,7,Quarterly
EVS00999,"9879 Moscow Ave, Moscow",AC Level 1,0.40,9:00-18:00,10.29,83,Greenlots,50,CHAdeMO,2022,Yes,4.0,10,Quarterly
EVS01000,"8052 Moscow Ave, Moscow",DC Fast Charger,0.34,24/7,7.79,95,EVgo,22,Tesla,2015,No,3.6,5,Monthly
EVS01001,"8354 Random Rd, City 493, Country",AC Level 2,0.28,9:00-18:00,2.07,30,EVgo,150,CCS,2017,No,3.2,10,Annually
EVS01002,"9829 Chicago Ave, Chicago",DC Fast Charger,0.31,24/7,1.28,92,Greenlots,350,CHAdeMO,2019,No,3.3,6,Quarterly
EVS01003,"7419 Dubai Ave, Dubai",AC Level 1,0.15,24/7,16.18,100,Greenlots,350,Type 2,2020,No,4.1,5,Quarterly
EVS01004,"876 Berlin Ave, Berlin",AC Level 2,0.40,6:00-22:00,2.69,99,EVgo,22,"Type 2, Tesla",2015,No,4.1,10,Monthly
EVS01005,"8065 Beijing Ave, Beijing",AC Level 1,0.31,9:00-18:00,16.39,19,ChargePoint,150,Tesla,2011,No,3.0,5,Annually
EVS01006,"8901 Dubai Ave, Dubai",DC Fast Charger,0.26,24/7,2.57,18,Tesla,50,CCS,2013,Yes,4.3,3,Quarterly
EVS01007,"3827 Dubai Ave, Dubai",DC Fast Charger,0.15,9:00-18:00,16.01,89,Greenlots,22,"Type 2, CHAdeMO",2018,Yes,3.8,7,Quarterly
EVS01008,"1609 Chicago Ave, Chicago",AC Level 1,0.50,24/7,2.31,78,EVgo,350,CCS,2013,No,3.5,7,Monthly
EVS01009,"3202 Toronto Ave, Toronto",AC Level 2,0.16,24/7,8.81,93,Ionity,350,"CCS, Type 2",2019,Yes,4.4,8,Annually
EVS01010,"7554 Mexico City Ave, Mexico City",AC Level 2,0.10,9:00-18:00,10.14,78,EVgo,350,"Type 2, CHAdeMO",2014,No,3.1,7,Monthly
EVS01011,"2171 Random Rd, City 221, Country",AC Level 2,0.15,9:00-18:00,0.75,52,Ionity,150,"CHAdeMO, Tesla",2017,No,3.9,2,Annually
EVS01012,"4137 Chicago Ave, Chicago",AC Level 1,0.47,24/7,16.08,95,Greenlots,22,"Type 2, CCS",2022,Yes,3.5,4,Quarterly
EVS01013,"3260 Beijing Ave, Beijing",DC Fast Charger,0.18,24/7,9.66,99,EVgo,22,"Type 2, Tesla",2013,Yes,4.5,4,Monthly
EVS01014,"6001 San Francisco Ave, San Francisco",DC Fast Charger,0.38,6:00-22:00,17.31,65,EVgo,50,CHAdeMO,2018,Yes,3.8,2,Quarterly
EVS01015,"7770 Seoul Ave, Seoul",AC Level 2,0.49,9:00-18:00,14.12,40,Tesla,22,"CCS, Type 2",2019,Yes,4.3,7,Quarterly
EVS01016,"2582 Mumbai Ave, Mumbai",AC Level 1,0.42,9:00-18:00,6.86,61,ChargePoint,22,"Tesla, CCS",2012,Yes,4.9,3,Monthly
EVS01017,"1452 Los Angeles Ave, Los Angeles",AC Level 1,0.42,9:00-18:00,6.82,59,ChargePoint,50,Type 2,2013,Yes,3.5,9,Quarterly
EVS01018,"4573 São Paulo Ave, São Paulo",AC Level 1,0.37,6:00-22:00,12.66,45,Ionity,150,"Tesla, Type 2",2012,No,4.9,3,Quarterly
EVS01019,"2528 Berlin Ave, Berlin",AC Level 1,0.37,24/7,9.96,58,Ionity,50,"CHAdeMO, CCS",2021,No,4.3,5,Monthly
EVS01020,"3607 Cape Town Ave, Cape Town",DC Fast Charger,0.32,24/7,16.01,85,Ionity,50,CCS,2012,Yes,3.2,1,Quarterly
EVS01021,"705 Random Rd, City 295, Country",DC Fast Charger,0.27,9:00-18:00,7.79,98,EVgo,50,"CHAdeMO, Type 2",2013,No,3.8,10,Annually
EVS01022,"3398 Berlin Ave, Berlin",DC Fast Charger,0.32,6:00-22:00,5.42,61,ChargePoint,22,"CCS, Tesla",2015,Yes,4.6,9,Quarterly
EVS01023,"1893 Beijing Ave, Beijing",AC Level 2,0.15,9:00-18:00,7.90,88,Tesla,150,"Tesla, CHAdeMO",2014,Yes,3.4,8,Monthly
EVS01024,"2279 Dubai Ave, Dubai",AC Level 2,0.17,24/7,12.08,35,Tesla,350,"CHAdeMO, CCS",2011,Yes,4.3,7,Quarterly
EVS01025,"2645 Bangkok Ave, Bangkok",DC Fast Charger,0.33,9:00-18:00,0.59,88,ChargePoint,50,CHAdeMO,2016,Yes,4.3,7,Annually
EVS01026,"2487 Berlin Ave, Berlin",AC Level 1,0.14,6:00-22:00,16.63,67,EVgo,350,"CHAdeMO, Type 2",2013,No,4.3,5,Monthly
EVS01027,"1173 Mexico City Ave, Mexico City",AC Level 2,0.13,24/7,7.66,14,ChargePoint,350,CHAdeMO,2014,No,3.6,4,Monthly
EVS01028,"4596 Mexico City Ave, Mexico City",AC Level 1,0.20,24/7,8.41,43,Greenlots,150,CHAdeMO,2010,No,4.0,9,Monthly
EVS01029,"107 Beijing Ave, Beijing",AC Level 1,0.37,6:00-22:00,13.34,52,Greenlots,150,Tesla,2014,No,4.7,5,Annually
EVS01030,"2667 Bangkok Ave, Bangkok",AC Level 2,0.11,6:00-22:00,12.20,70,Tesla,50,"CHAdeMO, Type 2",2021,Yes,3.2,7,Annually
EVS01031,"7446 Random Rd, City 82, Country",DC Fast Charger,0.17,6:00-22:00,4.53,57,Greenlots,50,"CCS, CHAdeMO",2010,Yes,4.9,3,Monthly
EVS01032,"3923 Beijing Ave, Beijing",DC Fast Charger,0.49,24/7,14.71,87,Greenlots,50,"Type 2, CCS",2014,No,4.2,5,Quarterly
EVS01033,"4848 Cape Town Ave, Cape Town",DC Fast Charger,0.44,24/7,3.98,38,Ionity,150,Tesla,2015,Yes,3.4,8,Quarterly
EVS01034,"6289 São Paulo Ave, São Paulo",AC Level 1,0.23,6:00-22:00,7.07,96,Ionity,50,Tesla,2011,No,3.4,7,Quarterly
EVS01035,"1662 Mumbai Ave, Mumbai",DC Fast Charger,0.44,24/7,7.14,41,Ionity,50,Type 2,2011,No,4.6,8,Annually
EVS01036,"9976 Beijing Ave, Beijing",DC Fast Charger,0.49,24/7,3.39,82,ChargePoint,350,CHAdeMO,2019,Yes,4.7,4,Quarterly
EVS01037,"5807 Mumbai Ave, Mumbai",AC Level 1,0.17,6:00-22:00,8.18,74,ChargePoint,22,CCS,2017,No,4.2,6,Quarterly
EVS01038,"1356 San Francisco Ave, San Francisco",AC Level 1,0.27,9:00-18:00,11.11,23,ChargePoint,50,Type 2,2017,Yes,4.3,4,Quarterly
EVS01039,"7456 Sydney Ave, Sydney",DC Fast Charger,0.36,24/7,7.75,58,Greenlots,50,"CHAdeMO, CCS",2021,Yes,4.5,9,Annually
EVS01040,"5592 Berlin Ave, Berlin",DC Fast Charger,0.23,6:00-22:00,11.68,51,Tesla,50,Tesla,2015,Yes,4.9,2,Quarterly
EVS01041,"293 Random Rd, City 128, Country",AC Level 2,0.27,24/7,12.61,57,Ionity,50,Type 2,2011,Yes,3.7,7,Annually
EVS01042,"7001 Beijing Ave, Beijing",DC Fast Charger,0.39,9:00-18:00,13.09,29,ChargePoint,50,"CCS, CHAdeMO",2013,No,4.7,6,Annually
EVS01043,"8937 Seoul Ave, Seoul",AC Level 1,0.37,9:00-18:00,14.45,68,Tesla,350,CHAdeMO,2011,Yes,4.2,1,Annually
EVS01044,"2698 Moscow Ave, Moscow",AC Level 2,0.28,6:00-22:00,19.40,25,Tesla,50,"Tesla, CCS",2015,No,3.9,9,Monthly
EVS01045,"4307 Beijing Ave, Beijing",AC Level 2,0.32,9:00-18:00,8.31,61,Greenlots,22,"CHAdeMO, CCS",2022,No,3.0,6,Annually
EVS01046,"2931 Bangkok Ave, Bangkok",AC Level 2,0.32,9:00-18:00,5.59,53,Ionity,350,CCS,2011,Yes,3.7,9,Annually
EVS01047,"1328 Cape Town Ave, Cape Town",AC Level 1,0.41,6:00-22:00,18.32,62,Tesla,350,CHAdeMO,2012,Yes,4.5,9,Annually
EVS01048,"2705 Sydney Ave, Sydney",DC Fast Charger,0.42,9:00-18:00,19.94,14,Tesla,22,"Type 2, CCS",2017,No,3.4,3,Quarterly
EVS01049,"4526 Berlin Ave, Berlin",AC Level 1,0.41,9:00-18:00,14.13,70,Tesla,50,CCS,2014,Yes,3.5,4,Quarterly
EVS01050,"5956 Bangkok Ave, Bangkok",AC Level 1,0.43,9:00-18:00,1.06,30,Ionity,150,CHAdeMO,2017,No,3.1,4,Monthly
EVS01051,"8629 Random Rd, City 442, Country",AC Level 1,0.37,9:00-18:00,6.12,100,Ionity,50,Tesla,2014,Yes,4.4,7,Annually
EVS01052,"9710 Berlin Ave, Berlin",DC Fast Charger,0.12,6:00-22:00,19.60,16,EVgo,22,Type 2,2021,Yes,3.8,4,Annually
EVS01053,"8158 Bangkok Ave, Bangkok",AC Level 2,0.33,9:00-18:00,6.77,14,ChargePoint,350,Type 2,2021,No,4.6,6,Quarterly
EVS01054,"8103 Los Angeles Ave, Los Angeles",DC Fast Charger,0.41,6:00-22:00,1.26,99,EVgo,350,"CHAdeMO, Tesla",2020,Yes,3.7,6,Monthly
EVS01055,"5842 Cape Town Ave, Cape Town",DC Fast Charger,0.48,9:00-18:00,10.60,12,Greenlots,22,Type 2,2017,Yes,4.6,3,Annually
EVS01056,"2751 Bangkok Ave, Bangkok",AC Level 1,0.33,9:00-18:00,2.16,91,Ionity,22,"Tesla, Type 2",2020,No,3.6,9,Quarterly
EVS01057,"3125 San Francisco Ave, San Francisco",AC Level 1,0.37,6:00-22:00,2.61,44,Ionity,150,"CCS, Tesla",2023,Yes,4.0,5,Quarterly
EVS01058,"1487 Berlin Ave, Berlin",AC Level 1,0.18,24/7,8.78,51,Ionity,350,Type 2,2015,No,3.3,7,Annually
EVS01059,"4999 Beijing Ave, Beijing",DC Fast Charger,0.31,6:00-22:00,10.18,92,Tesla,50,CCS,2015,Yes,4.6,10,Quarterly
EVS01060,"1298 Toronto Ave, Toronto",AC Level 2,0.20,6:00-22:00,8.18,36,Greenlots,150,CCS,2018,No,3.3,1,Monthly
EVS01061,"3589 Random Rd, City 87, Country",AC Level 2,0.44,9:00-18:00,8.21,86,Greenlots,50,Tesla,2021,Yes,4.1,7,Quarterly
EVS01062,"3122 São Paulo Ave, São Paulo",AC Level 1,0.29,9:00-18:00,16.49,58,Greenlots,50,"CHAdeMO, CCS",2011,Yes,3.0,8,Quarterly
EVS01063,"2671 Mumbai Ave, Mumbai",AC Level 1,0.42,6:00-22:00,4.41,14,EVgo,150,"CHAdeMO, Type 2",2015,Yes,4.3,7,Annually
EVS01064,"946 Mumbai Ave, Mumbai",AC Level 1,0.24,6:00-22:00,13.81,11,Ionity,150,"Tesla, Type 2",2020,Yes,4.2,3,Quarterly
EVS01065,"5997 Sydney Ave, Sydney",AC Level 2,0.37,9:00-18:00,8.51,40,Greenlots,22,CCS,2018,Yes,4.3,5,Annually
EVS01066,"2613 Berlin Ave, Berlin",AC Level 1,0.39,9:00-18:00,11.54,34,EVgo,350,Tesla,2018,Yes,3.7,6,Monthly
EVS01067,"1246 Berlin Ave, Berlin",AC Level 2,0.12,9:00-18:00,7.36,29,ChargePoint,22,Type 2,2011,Yes,3.6,6,Quarterly
EVS01068,"1719 Bangkok Ave, Bangkok",AC Level 1,0.39,6:00-22:00,3.32,92,Ionity,350,"Tesla, Type 2",2010,No,3.7,3,Annually
EVS01069,"7498 Mexico City Ave, Mexico City",DC Fast Charger,0.27,6:00-22:00,11.20,12,Greenlots,22,"Type 2, CCS",2018,Yes,4.5,2,Quarterly
EVS01070,"4048 São Paulo Ave, São Paulo",DC Fast Charger,0.22,6:00-22:00,4.56,71,Tesla,22,Tesla,2020,Yes,4.2,10,Monthly
EVS01071,"9724 Random Rd, City 190, Country",AC Level 2,0.32,24/7,17.33,47,ChargePoint,22,CCS,2015,Yes,3.7,6,Annually
EVS01072,"9182 Bangkok Ave, Bangkok",AC Level 1,0.20,6:00-22:00,14.21,45,EVgo,350,"Type 2, CCS",2023,Yes,3.2,4,Monthly
EVS01073,"9252 Moscow Ave, Moscow",AC Level 1,0.26,6:00-22:00,8.12,15,Tesla,150,"Type 2, CHAdeMO",2020,Yes,4.5,6,Monthly
EVS01074,"6108 Toronto Ave, Toronto",AC Level 2,0.42,9:00-18:00,18.05,10,Tesla,150,CHAdeMO,2015,No,4.4,4,Quarterly
EVS01075,"4945 Beijing Ave, Beijing",AC Level 2,0.44,24/7,7.69,94,Greenlots,22,"Tesla, CHAdeMO",2019,No,3.2,9,Monthly
EVS01076,"680 San Francisco Ave, San Francisco",DC Fast Charger,0.41,9:00-18:00,10.50,69,ChargePoint,350,"Type 2, CCS",2010,Yes,4.1,4,Annually
EVS01077,"2049 Seoul Ave, Seoul",AC Level 2,0.22,24/7,16.99,66,Greenlots,150,CHAdeMO,2017,No,3.9,10,Annually
EVS01078,"6687 Moscow Ave, Moscow",AC Level 1,0.33,9:00-18:00,13.36,42,Ionity,50,Tesla,2016,Yes,4.3,2,Monthly
EVS01079,"1611 Mexico City Ave, Mexico City",DC Fast Charger,0.29,24/7,14.73,86,EVgo,350,"CCS, CHAdeMO",2021,Yes,4.1,8,Quarterly
EVS01080,"1944 Berlin Ave, Berlin",AC Level 1,0.25,6:00-22:00,4.06,80,Greenlots,350,CCS,2023,Yes,3.2,9,Monthly
EVS01081,"1657 Random Rd, City 231, Country",DC Fast Charger,0.38,24/7,12.68,24,Ionity,150,Type 2,2017,Yes,4.4,1,Monthly
EVS01082,"3783 Moscow Ave, Moscow",AC Level 1,0.29,24/7,17.82,50,Tesla,22,Type 2,2012,No,3.8,10,Annually
EVS01083,"276 Chicago Ave, Chicago",AC Level 1,0.12,6:00-22:00,18.09,86,Ionity,50,"CHAdeMO, CCS",2010,No,3.3,3,Annually
EVS01084,"30 Mumbai Ave, Mumbai",DC Fast Charger,0.23,9:00-18:00,16.54,59,EVgo,150,CCS,2022,No,3.1,5,Quarterly
EVS01085,"9219 Cape Town Ave, Cape Town",AC Level 1,0.37,24/7,3.64,25,ChargePoint,350,Tesla,2014,Yes,4.1,3,Monthly
EVS01086,"5178 São Paulo Ave, São Paulo",AC Level 2,0.25,9:00-18:00,8.96,19,Ionity,22,CCS,2022,No,4.5,2,Annually
EVS01087,"1652 Moscow Ave, Moscow",AC Level 2,0.39,6:00-22:00,0.61,84,ChargePoint,50,Type 2,2022,Yes,4.5,8,Quarterly
EVS01088,"9216 Mumbai Ave, Mumbai",DC Fast Charger,0.38,6:00-22:00,18.77,69,ChargePoint,150,Type 2,2020,No,4.6,5,Quarterly
EVS01089,"1561 Los Angeles Ave, Los Angeles",AC Level 1,0.37,6:00-22:00,5.61,50,ChargePoint,22,"Type 2, CHAdeMO",2016,No,4.0,9,Annually
EVS01090,"464 Mexico City Ave, Mexico City",AC Level 2,0.22,9:00-18:00,13.86,62,ChargePoint,150,CCS,2013,No,3.4,5,Monthly
EVS01091,"678 Random Rd, City 408, Country",AC Level 2,0.35,6:00-22:00,11.50,23,ChargePoint,150,Type 2,2022,No,3.4,1,Monthly
EVS01092,"3476 Dubai Ave, Dubai",AC Level 1,0.38,9:00-18:00,8.01,44,ChargePoint,22,"CCS, Tesla",2022,Yes,4.0,9,Quarterly
EVS01093,"26 Cape Town Ave, Cape Town",AC Level 2,0.18,9:00-18:00,7.16,92,Ionity,50,Type 2,2010,No,4.2,8,Annually
EVS01094,"6127 Seoul Ave, Seoul",AC Level 1,0.42,24/7,10.32,36,Ionity,22,"CCS, CHAdeMO",2013,No,4.0,8,Monthly
EVS01095,"2437 Dubai Ave, Dubai",AC Level 1,0.23,9:00-18:00,7.45,18,EVgo,22,"CHAdeMO, Tesla",2011,No,4.2,3,Quarterly
EVS01096,"8588 Moscow Ave, Moscow",AC Level 1,0.41,6:00-22:00,16.89,50,Tesla,22,Type 2,2017,No,3.5,7,Annually
EVS01097,"2593 Cape Town Ave, Cape Town",AC Level 1,0.31,9:00-18:00,16.67,41,Ionity,50,Tesla,2013,No,3.1,8,Monthly
EVS01098,"5131 Bangkok Ave, Bangkok",AC Level 2,0.41,6:00-22:00,1.46,20,Tesla,22,CCS,2013,Yes,4.1,10,Annually
EVS01099,"7924 Berlin Ave, Berlin",AC Level 2,0.48,24/7,2.85,21,ChargePoint,50,"CCS, Type 2",2021,No,4.0,2,Quarterly
EVS01100,"8508 Mexico City Ave, Mexico City",DC Fast Charger,0.20,9:00-18:00,13.12,78,ChargePoint,22,CCS,2013,No,3.2,3,Quarterly
EVS01101,"7263 Random Rd, City 76, Country",AC Level 2,0.19,9:00-18:00,3.99,60,EVgo,22,CCS,2019,No,3.7,10,Quarterly
EVS01102,"9099 Mumbai Ave, Mumbai",DC Fast Charger,0.16,6:00-22:00,6.13,70,EVgo,350,Tesla,2018,Yes,4.8,7,Annually
EVS01103,"8220 Seoul Ave, Seoul",DC Fast Charger,0.22,6:00-22:00,2.83,38,Greenlots,350,CHAdeMO,2021,No,4.1,3,Quarterly
EVS01104,"8604 Moscow Ave, Moscow",AC Level 2,0.44,9:00-18:00,4.32,20,ChargePoint,50,Type 2,2010,Yes,4.5,2,Annually
EVS01105,"5707 Mumbai Ave, Mumbai",DC Fast Charger,0.25,24/7,14.46,62,Greenlots,22,"Tesla, CCS",2011,Yes,4.3,2,Quarterly
EVS01106,"3982 Los Angeles Ave, Los Angeles",AC Level 2,0.45,6:00-22:00,14.71,75,Greenlots,150,Type 2,2023,Yes,4.6,8,Annually
EVS01107,"7646 Toronto Ave, Toronto",AC Level 1,0.43,24/7,14.29,38,Greenlots,350,Type 2,2014,Yes,5.0,4,Monthly
EVS01108,"1501 Chicago Ave, Chicago",DC Fast Charger,0.13,9:00-18:00,9.54,87,ChargePoint,50,Tesla,2017,No,3.1,10,Annually
EVS01109,"6052 Cape Town Ave, Cape Town",DC Fast Charger,0.17,9:00-18:00,5.46,14,Greenlots,350,CCS,2020,Yes,3.8,1,Monthly
EVS01110,"6145 Mumbai Ave, Mumbai",AC Level 2,0.29,9:00-18:00,6.49,91,Ionity,150,"CCS, CHAdeMO",2015,Yes,3.6,8,Monthly
EVS01111,"1129 Random Rd, City 254, Country",DC Fast Charger,0.38,24/7,18.90,80,Ionity,350,"Type 2, CHAdeMO",2020,No,5.0,2,Monthly
EVS01112,"6925 Beijing Ave, Beijing",AC Level 1,0.50,6:00-22:00,2.62,17,EVgo,350,Type 2,2010,No,3.8,2,Quarterly
EVS01113,"3929 Berlin Ave, Berlin",AC Level 2,0.46,24/7,13.82,77,ChargePoint,350,Type 2,2022,Yes,3.3,6,Quarterly
EVS01114,"5612 Cape Town Ave, Cape Town",AC Level 2,0.25,6:00-22:00,7.56,98,Ionity,22,CCS,2013,Yes,5.0,4,Annually
EVS01115,"1225 Seoul Ave, Seoul",AC Level 2,0.47,9:00-18:00,8.57,40,Tesla,50,CHAdeMO,2023,No,3.5,8,Annually
EVS01116,"903 Seoul Ave, Seoul",DC Fast Charger,0.27,9:00-18:00,2.92,87,EVgo,150,CHAdeMO,2012,Yes,3.7,6,Quarterly
EVS01117,"2611 Sydney Ave, Sydney",DC Fast Charger,0.44,6:00-22:00,19.32,87,Greenlots,22,Type 2,2010,No,4.8,9,Annually
EVS01118,"4643 São Paulo Ave, São Paulo",AC Level 2,0.25,6:00-22:00,1.71,82,EVgo,22,CHAdeMO,2010,Yes,3.5,5,Annually
EVS01119,"8431 Cape Town Ave, Cape Town",DC Fast Charger,0.24,9:00-18:00,9.93,33,Greenlots,350,"Type 2, CCS",2018,Yes,4.4,5,Quarterly
EVS01120,"4383 Dubai Ave, Dubai",AC Level 2,0.36,9:00-18:00,6.22,86,ChargePoint,150,CCS,2017,No,4.2,6,Monthly
EVS01121,"7884 Random Rd, City 50, Country",DC Fast Charger,0.14,9:00-18:00,4.67,81,Ionity,350,CCS,2016,Yes,3.1,10,Quarterly
EVS01122,"3125 Los Angeles Ave, Los Angeles",AC Level 2,0.44,6:00-22:00,7.81,71,Tesla,50,"Type 2, CCS",2016,No,3.3,1,Annually
EVS01123,"6393 Sydney Ave, Sydney",DC Fast Charger,0.38,6:00-22:00,17.89,35,Tesla,50,CHAdeMO,2014,No,4.5,2,Annually
EVS01124,"790 San Francisco Ave, San Francisco",AC Level 1,0.36,6:00-22:00,6.82,80,Greenlots,150,"Type 2, CHAdeMO",2016,No,4.9,5,Annually
EVS01125,"7562 Sydney Ave, Sydney",AC Level 2,0.27,9:00-18:00,6.18,70,ChargePoint,50,CHAdeMO,2012,Yes,4.2,5,Quarterly
EVS01126,"5587 Sydney Ave, Sydney",AC Level 1,0.34,24/7,9.09,46,EVgo,350,"Tesla, CCS",2014,Yes,3.3,5,Quarterly
EVS01127,"457 Dubai Ave, Dubai",AC Level 2,0.31,9:00-18:00,6.85,78,Tesla,150,CCS,2016,Yes,4.5,10,Quarterly
EVS01128,"1941 Sydney Ave, Sydney",DC Fast Charger,0.27,6:00-22:00,19.98,28,Ionity,22,"Type 2, CHAdeMO",2022,No,3.4,5,Annually
EVS01129,"7403 Chicago Ave, Chicago",DC Fast Charger,0.39,9:00-18:00,19.79,71,ChargePoint,350,"CHAdeMO, Type 2",2015,Yes,4.9,3,Annually
EVS01130,"7715 Moscow Ave, Moscow",DC Fast Charger,0.14,24/7,15.54,75,ChargePoint,350,Tesla,2012,No,4.5,9,Monthly
EVS01131,"7252 Random Rd, City 204, Country",AC Level 2,0.22,6:00-22:00,13.98,49,EVgo,350,CCS,2013,No,4.4,8,Monthly
EVS01132,"8785 Los Angeles Ave, Los Angeles",AC Level 2,0.47,9:00-18:00,5.59,42,EVgo,22,"CCS, Tesla",2019,Yes,4.6,1,Quarterly
EVS01133,"5182 Dubai Ave, Dubai",AC Level 1,0.26,9:00-18:00,15.27,85,EVgo,150,"Tesla, CHAdeMO",2017,No,3.4,2,Quarterly
EVS01134,"9611 Sydney Ave, Sydney",AC Level 1,0.17,24/7,10.58,60,EVgo,50,"Tesla, CHAdeMO",2016,No,4.0,1,Annually
EVS01135,"2569 Mumbai Ave, Mumbai",AC Level 1,0.10,9:00-18:00,3.10,31,Tesla,22,"CHAdeMO, CCS",2022,No,5.0,2,Quarterly
EVS01136,"4375 Bangkok Ave, Bangkok",DC Fast Charger,0.25,9:00-18:00,3.03,92,Greenlots,350,"Type 2, CCS",2019,No,4.7,9,Quarterly
EVS01137,"5572 Mumbai Ave, Mumbai",AC Level 1,0.20,24/7,1.48,51,ChargePoint,150,Tesla,2016,No,4.8,10,Quarterly
EVS01138,"8939 Dubai Ave, Dubai",DC Fast Charger,0.18,24/7,12.87,38,Tesla,350,CCS,2015,No,3.9,1,Monthly
EVS01139,"8109 Cape Town Ave, Cape Town",AC Level 2,0.48,6:00-22:00,13.86,77,ChargePoint,150,Type 2,2023,No,4.9,4,Monthly
EVS01140,"5355 Moscow Ave, Moscow",DC Fast Charger,0.18,6:00-22:00,0.94,90,Greenlots,150,CCS,2022,No,3.4,3,Annually
EVS01141,"2228 Random Rd, City 249, Country",DC Fast Charger,0.24,9:00-18:00,19.70,37,ChargePoint,150,CHAdeMO,2018,Yes,3.6,5,Annually
EVS01142,"8130 Beijing Ave, Beijing",AC Level 2,0.47,9:00-18:00,3.51,84,EVgo,22,Type 2,2017,Yes,4.7,7,Monthly
EVS01143,"4698 Beijing Ave, Beijing",DC Fast Charger,0.20,24/7,19.62,57,Greenlots,50,CHAdeMO,2013,Yes,4.2,9,Quarterly
EVS01144,"8473 Chicago Ave, Chicago",DC Fast Charger,0.40,9:00-18:00,0.93,12,Ionity,50,Type 2,2014,No,4.1,10,Quarterly
EVS01145,"6789 Moscow Ave, Moscow",AC Level 2,0.46,24/7,0.76,27,Ionity,350,"Type 2, CHAdeMO",2022,Yes,3.6,9,Quarterly
EVS01146,"7406 Cape Town Ave, Cape Town",DC Fast Charger,0.20,6:00-22:00,15.69,40,Ionity,350,CCS,2011,Yes,3.5,9,Monthly
EVS01147,"8929 Beijing Ave, Beijing",DC Fast Charger,0.39,24/7,17.75,60,Ionity,350,Type 2,2019,No,4.7,9,Annually
EVS01148,"1403 Toronto Ave, Toronto",AC Level 1,0.33,9:00-18:00,5.31,97,Greenlots,50,"Tesla, CHAdeMO",2013,Yes,3.3,2,Monthly
EVS01149,"4319 Cape Town Ave, Cape Town",AC Level 2,0.28,9:00-18:00,15.62,63,EVgo,50,Type 2,2013,No,4.7,2,Quarterly
EVS01150,"7783 Berlin Ave, Berlin",DC Fast Charger,0.45,9:00-18:00,11.57,81,EVgo,22,Type 2,2010,Yes,3.9,2,Annually
EVS01151,"3842 Random Rd, City 393, Country",AC Level 2,0.24,24/7,7.41,92,ChargePoint,150,"CHAdeMO, Tesla",2014,Yes,4.6,3,Annually
EVS01152,"6087 Dubai Ave, Dubai",DC Fast Charger,0.43,9:00-18:00,10.51,79,ChargePoint,22,CCS,2015,No,3.7,6,Monthly
EVS01153,"4944 Dubai Ave, Dubai",AC Level 1,0.21,24/7,9.54,33,EVgo,22,"CCS, Type 2",2018,No,3.5,10,Quarterly
EVS01154,"8324 Cape Town Ave, Cape Town",DC Fast Charger,0.12,6:00-22:00,16.74,44,EVgo,22,"CCS, Tesla",2019,No,4.5,10,Monthly
EVS01155,"6277 Mexico City Ave, Mexico City",AC Level 1,0.15,24/7,14.13,70,Tesla,22,CHAdeMO,2020,Yes,4.1,9,Annually
EVS01156,"533 Cape Town Ave, Cape Town",AC Level 1,0.31,6:00-22:00,16.26,94,EVgo,350,CHAdeMO,2017,No,3.8,4,Annually
EVS01157,"1842 Mexico City Ave, Mexico City",AC Level 2,0.30,6:00-22:00,17.43,70,Ionity,150,CHAdeMO,2011,No,3.1,7,Quarterly
EVS01158,"3693 Mexico City Ave, Mexico City",AC Level 1,0.22,6:00-22:00,0.77,17,EVgo,150,Type 2,2013,Yes,4.7,5,Annually
EVS01159,"3151 Mexico City Ave, Mexico City",AC Level 1,0.33,6:00-22:00,8.20,96,Greenlots,22,"Tesla, Type 2",2015,No,4.2,6,Quarterly
EVS01160,"3994 Berlin Ave, Berlin",AC Level 1,0.18,24/7,11.80,59,Ionity,350,"CHAdeMO, Type 2",2016,No,3.2,5,Quarterly
EVS01161,"2368 Random Rd, City 50, Country",DC Fast Charger,0.25,6:00-22:00,13.77,65,EVgo,350,CCS,2019,No,3.3,3,Annually
EVS01162,"277 Los Angeles Ave, Los Angeles",AC Level 1,0.46,9:00-18:00,17.69,83,Ionity,50,"Type 2, CCS",2016,Yes,4.6,3,Monthly
EVS01163,"3563 Seoul Ave, Seoul",AC Level 1,0.40,9:00-18:00,7.22,34,EVgo,50,Tesla,2011,Yes,3.2,1,Annually
EVS01164,"4421 Los Angeles Ave, Los Angeles",AC Level 2,0.32,9:00-18:00,3.75,19,ChargePoint,50,Tesla,2019,No,4.6,10,Annually
EVS01165,"2657 Beijing Ave, Beijing",AC Level 1,0.40,6:00-22:00,5.57,48,Greenlots,50,CHAdeMO,2013,No,3.9,9,Annually
EVS01166,"2241 São Paulo Ave, São Paulo",AC Level 2,0.28,24/7,12.38,50,Greenlots,50,Type 2,2015,No,4.2,1,Monthly
EVS01167,"1049 Seoul Ave, Seoul",DC Fast Charger,0.42,24/7,1.85,22,Greenlots,150,"CHAdeMO, CCS",2015,Yes,4.2,9,Annually
EVS01168,"9089 Toronto Ave, Toronto",AC Level 2,0.21,6:00-22:00,4.69,91,EVgo,350,"CHAdeMO, Type 2",2022,No,3.9,2,Annually
EVS01169,"158 Beijing Ave, Beijing",AC Level 2,0.44,9:00-18:00,1.68,31,Ionity,50,Tesla,2023,Yes,4.9,7,Quarterly
EVS01170,"5944 Sydney Ave, Sydney",DC Fast Charger,0.11,6:00-22:00,16.34,65,ChargePoint,22,"CCS, CHAdeMO",2012,No,3.2,10,Monthly
EVS01171,"9313 Random Rd, City 235, Country",AC Level 2,0.13,6:00-22:00,12.12,86,Greenlots,150,"Tesla, CHAdeMO",2011,No,3.4,6,Monthly
EVS01172,"8322 Cape Town Ave, Cape Town",DC Fast Charger,0.32,9:00-18:00,16.60,37,Tesla,50,Tesla,2023,Yes,4.4,9,Annually
EVS01173,"7534 Dubai Ave, Dubai",AC Level 1,0.25,24/7,8.23,61,Tesla,50,"Tesla, CHAdeMO",2010,No,4.0,8,Monthly
EVS01174,"5258 Chicago Ave, Chicago",AC Level 2,0.48,9:00-18:00,4.18,28,ChargePoint,50,"CHAdeMO, Type 2",2018,Yes,3.1,2,Annually
EVS01175,"8022 San Francisco Ave, San Francisco",AC Level 1,0.12,24/7,12.66,79,EVgo,150,"Type 2, Tesla",2023,No,4.7,3,Monthly
EVS01176,"9562 San Francisco Ave, San Francisco",AC Level 1,0.22,9:00-18:00,8.45,48,Greenlots,50,"CHAdeMO, Tesla",2020,No,4.6,9,Quarterly
EVS01177,"3677 Toronto Ave, Toronto",AC Level 1,0.19,24/7,16.58,63,Greenlots,150,"CHAdeMO, Tesla",2023,No,4.0,4,Annually
EVS01178,"5195 Los Angeles Ave, Los Angeles",AC Level 1,0.42,9:00-18:00,11.49,34,Ionity,22,Type 2,2013,No,4.1,10,Quarterly
EVS01179,"2153 Moscow Ave, Moscow",AC Level 2,0.47,9:00-18:00,8.73,39,Tesla,150,"Tesla, Type 2",2014,No,4.9,4,Quarterly
EVS01180,"5321 Cape Town Ave, Cape Town",DC Fast Charger,0.31,6:00-22:00,11.24,36,Ionity,50,Tesla,2019,Yes,3.7,2,Annually
EVS01181,"320 Random Rd, City 325, Country",DC Fast Charger,0.28,24/7,11.82,68,ChargePoint,22,Type 2,2023,Yes,4.2,3,Monthly
EVS01182,"6064 Bangkok Ave, Bangkok",AC Level 2,0.37,24/7,18.26,72,Greenlots,50,CCS,2018,Yes,3.2,6,Annually
EVS01183,"5202 Moscow Ave, Moscow",AC Level 2,0.25,9:00-18:00,9.87,51,Greenlots,150,"CCS, Type 2",2020,No,4.9,9,Monthly
EVS01184,"898 Dubai Ave, Dubai",AC Level 1,0.32,6:00-22:00,10.33,96,Greenlots,22,CHAdeMO,2023,Yes,3.1,6,Monthly
EVS01185,"7197 Sydney Ave, Sydney",AC Level 2,0.26,24/7,13.89,57,Tesla,50,"Type 2, Tesla",2023,No,4.1,2,Annually
EVS01186,"3038 Bangkok Ave, Bangkok",AC Level 2,0.13,9:00-18:00,15.04,50,Greenlots,50,Tesla,2022,Yes,4.8,3,Annually
EVS01187,"1865 Mumbai Ave, Mumbai",DC Fast Charger,0.21,9:00-18:00,12.91,36,Ionity,22,"Type 2, Tesla",2013,Yes,4.7,2,Annually
EVS01188,"5183 Chicago Ave, Chicago",AC Level 1,0.17,24/7,16.34,18,Ionity,22,"Tesla, CHAdeMO",2019,No,4.0,7,Monthly
EVS01189,"9505 Los Angeles Ave, Los Angeles",DC Fast Charger,0.15,24/7,3.80,80,EVgo,150,CHAdeMO,2014,Yes,4.6,4,Annually
EVS01190,"4317 Berlin Ave, Berlin",AC Level 2,0.24,9:00-18:00,17.44,65,Ionity,50,CHAdeMO,2017,Yes,3.4,2,Monthly
EVS01191,"1475 Random Rd, City 458, Country",DC Fast Charger,0.47,9:00-18:00,3.93,61,Tesla,22,"Tesla, CCS",2023,No,3.9,4,Monthly
EVS01192,"7506 San Francisco Ave, San Francisco",AC Level 1,0.30,9:00-18:00,5.70,59,ChargePoint,22,CCS,2012,Yes,3.0,1,Monthly
EVS01193,"9735 Mexico City Ave, Mexico City",AC Level 2,0.47,24/7,0.58,39,ChargePoint,350,"CHAdeMO, Tesla",2022,No,3.7,5,Annually
EVS01194,"6688 Mexico City Ave, Mexico City",DC Fast Charger,0.31,6:00-22:00,8.00,87,Ionity,22,"Type 2, CCS",2020,Yes,4.9,7,Monthly
EVS01195,"6977 Mexico City Ave, Mexico City",DC Fast Charger,0.38,6:00-22:00,7.13,67,Ionity,22,"Type 2, Tesla",2012,No,4.7,10,Annually
EVS01196,"3966 Mumbai Ave, Mumbai",AC Level 1,0.49,6:00-22:00,14.69,50,Ionity,22,Tesla,2020,No,4.5,9,Annually
EVS01197,"1383 Dubai Ave, Dubai",DC Fast Charger,0.33,24/7,9.84,15,Ionity,150,"Tesla, CCS",2011,No,4.6,7,Annually
EVS01198,"175 Moscow Ave, Moscow",DC Fast Charger,0.43,9:00-18:00,5.78,58,EVgo,150,CCS,2014,Yes,3.2,3,Quarterly
EVS01199,"8115 Cape Town Ave, Cape Town",AC Level 1,0.48,24/7,14.04,69,Tesla,22,"CHAdeMO, CCS",2011,Yes,3.3,10,Annually
EVS01200,"3770 Chicago Ave, Chicago",AC Level 1,0.43,24/7,9.54,27,Greenlots,50,Tesla,2010,Yes,4.2,10,Annually
EVS01201,"7599 Random Rd, City 415, Country",AC Level 2,0.31,6:00-22:00,18.72,89,ChargePoint,50,"Tesla, CCS",2015,No,3.3,5,Monthly
EVS01202,"813 Dubai Ave, Dubai",DC Fast Charger,0.12,24/7,17.27,82,Tesla,22,"Type 2, CCS",2019,Yes,4.1,1,Monthly
EVS01203,"4066 Cape Town Ave, Cape Town",AC Level 2,0.46,6:00-22:00,8.56,55,Greenlots,50,CHAdeMO,2018,Yes,3.3,4,Quarterly
EVS01204,"2451 Mumbai Ave, Mumbai",AC Level 2,0.42,24/7,1.52,35,Ionity,50,CCS,2012,No,3.9,5,Quarterly
EVS01205,"4039 Moscow Ave, Moscow",AC Level 1,0.15,6:00-22:00,10.93,10,Tesla,50,"CCS, Tesla",2018,Yes,4.0,3,Monthly
EVS01206,"5077 Sydney Ave, Sydney",AC Level 2,0.43,24/7,4.43,66,Tesla,22,"CHAdeMO, Tesla",2020,Yes,3.0,5,Annually
EVS01207,"3096 San Francisco Ave, San Francisco",AC Level 2,0.18,9:00-18:00,9.60,44,EVgo,150,"Type 2, Tesla",2020,No,4.5,9,Quarterly
EVS01208,"8085 Chicago Ave, Chicago",DC Fast Charger,0.38,9:00-18:00,16.11,11,Greenlots,350,CCS,2017,Yes,3.7,6,Quarterly
EVS01209,"9172 San Francisco Ave, San Francisco",AC Level 1,0.25,6:00-22:00,19.89,52,Greenlots,22,"CHAdeMO, Tesla",2012,No,3.8,9,Quarterly
EVS01210,"1808 Moscow Ave, Moscow",AC Level 2,0.45,24/7,14.46,27,ChargePoint,350,"CHAdeMO, Tesla",2017,No,3.2,9,Quarterly
EVS01211,"729 Random Rd, City 163, Country",AC Level 2,0.17,9:00-18:00,16.97,44,Tesla,50,CHAdeMO,2010,Yes,4.1,1,Monthly
EVS01212,"9865 Beijing Ave, Beijing",AC Level 1,0.10,9:00-18:00,12.45,73,EVgo,150,Tesla,2011,No,3.9,1,Quarterly
EVS01213,"111 Mumbai Ave, Mumbai",DC Fast Charger,0.19,9:00-18:00,2.91,44,Ionity,22,"Type 2, CHAdeMO",2012,Yes,3.9,1,Annually
EVS01214,"1402 Cape Town Ave, Cape Town",DC Fast Charger,0.23,6:00-22:00,13.45,31,ChargePoint,50,CHAdeMO,2016,No,4.0,9,Monthly
EVS01215,"8725 Chicago Ave, Chicago",DC Fast Charger,0.26,24/7,2.19,60,EVgo,50,CHAdeMO,2019,No,3.2,6,Quarterly
EVS01216,"3476 Berlin Ave, Berlin",DC Fast Charger,0.47,6:00-22:00,1.32,64,Greenlots,150,Type 2,2013,No,4.0,6,Quarterly
EVS01217,"347 Toronto Ave, Toronto",DC Fast Charger,0.21,9:00-18:00,2.74,19,Ionity,150,"Tesla, CHAdeMO",2011,No,3.2,4,Quarterly
EVS01218,"1157 Toronto Ave, Toronto",AC Level 1,0.43,9:00-18:00,17.56,42,ChargePoint,350,CHAdeMO,2010,No,4.7,9,Quarterly
EVS01219,"5705 Beijing Ave, Beijing",AC Level 1,0.46,6:00-22:00,16.47,93,Tesla,22,Tesla,2020,No,3.7,1,Quarterly
EVS01220,"3604 Cape Town Ave, Cape Town",AC Level 1,0.38,9:00-18:00,17.37,20,Tesla,50,"Type 2, CCS",2014,No,3.5,10,Annually
EVS01221,"3957 Random Rd, City 14, Country",AC Level 2,0.15,24/7,15.51,50,Greenlots,50,"Tesla, CCS",2023,No,3.7,7,Annually
EVS01222,"3338 Sydney Ave, Sydney",AC Level 2,0.41,24/7,7.46,59,Tesla,350,"CCS, Tesla",2017,Yes,3.1,2,Quarterly
EVS01223,"1131 Chicago Ave, Chicago",DC Fast Charger,0.16,24/7,8.91,37,Ionity,150,CCS,2014,No,3.5,6,Quarterly
EVS01224,"5000 Bangkok Ave, Bangkok",DC Fast Charger,0.42,24/7,10.30,90,EVgo,350,"Type 2, Tesla",2014,No,3.1,10,Annually
EVS01225,"5850 Berlin Ave, Berlin",DC Fast Charger,0.46,9:00-18:00,8.08,27,Ionity,150,"Tesla, CHAdeMO",2020,Yes,3.5,2,Annually
EVS01226,"8934 Beijing Ave, Beijing",AC Level 2,0.47,9:00-18:00,19.55,13,ChargePoint,22,CHAdeMO,2018,Yes,4.1,9,Annually
EVS01227,"9422 São Paulo Ave, São Paulo",AC Level 2,0.25,24/7,9.38,67,Greenlots,150,"CHAdeMO, Type 2",2017,Yes,3.1,1,Monthly
EVS01228,"7801 Seoul Ave, Seoul",DC Fast Charger,0.28,6:00-22:00,9.13,72,EVgo,50,"Type 2, CHAdeMO",2011,Yes,3.5,3,Annually
EVS01229,"1838 Mexico City Ave, Mexico City",DC Fast Charger,0.23,24/7,7.92,97,Greenlots,22,Type 2,2014,Yes,3.1,4,Monthly
EVS01230,"3094 Mumbai Ave, Mumbai",DC Fast Charger,0.32,24/7,13.47,83,ChargePoint,350,"CCS, Type 2",2021,No,4.2,1,Quarterly
EVS01231,"7290 Random Rd, City 314, Country",AC Level 2,0.32,9:00-18:00,16.90,69,Tesla,50,"Type 2, CHAdeMO",2017,No,3.3,4,Annually
EVS01232,"3047 Cape Town Ave, Cape Town",AC Level 1,0.48,24/7,6.17,19,Ionity,50,CCS,2019,No,4.2,1,Monthly
EVS01233,"5082 Bangkok Ave, Bangkok",DC Fast Charger,0.17,24/7,4.56,12,Ionity,22,CHAdeMO,2018,Yes,4.3,8,Quarterly
EVS01234,"1231 Sydney Ave, Sydney",AC Level 1,0.50,6:00-22:00,16.50,92,Tesla,150,"CCS, Tesla",2018,Yes,3.2,9,Monthly
EVS01235,"9119 Mexico City Ave, Mexico City",AC Level 1,0.19,9:00-18:00,5.71,11,Greenlots,150,CHAdeMO,2023,Yes,4.0,5,Annually
EVS01236,"1779 Seoul Ave, Seoul",AC Level 1,0.21,24/7,14.49,92,Ionity,50,"Type 2, CCS",2020,No,3.7,5,Quarterly
EVS01237,"3698 Seoul Ave, Seoul",AC Level 2,0.49,6:00-22:00,16.58,63,Ionity,50,Type 2,2022,Yes,4.0,10,Quarterly
EVS01238,"4296 Chicago Ave, Chicago",AC Level 1,0.21,6:00-22:00,3.25,55,Ionity,150,"CHAdeMO, CCS",2013,No,4.5,6,Annually
EVS01239,"4399 Seoul Ave, Seoul",DC Fast Charger,0.44,24/7,8.12,69,Ionity,50,CCS,2013,Yes,4.8,2,Quarterly
EVS01240,"153 Los Angeles Ave, Los Angeles",AC Level 2,0.44,9:00-18:00,6.67,22,EVgo,150,"CCS, Tesla",2022,Yes,3.4,9,Quarterly
EVS01241,"2699 Random Rd, City 351, Country",AC Level 2,0.27,6:00-22:00,17.74,33,ChargePoint,350,CHAdeMO,2012,Yes,3.6,2,Quarterly
EVS01242,"6275 Chicago Ave, Chicago",DC Fast Charger,0.48,9:00-18:00,15.35,64,EVgo,150,Tesla,2019,No,4.1,8,Quarterly
EVS01243,"6828 Toronto Ave, Toronto",DC Fast Charger,0.13,6:00-22:00,7.02,29,Tesla,22,"Tesla, Type 2",2021,No,4.4,4,Annually
EVS01244,"1294 Toronto Ave, Toronto",AC Level 1,0.13,6:00-22:00,14.29,14,ChargePoint,150,CCS,2019,No,3.7,8,Monthly
EVS01245,"7121 San Francisco Ave, San Francisco",DC Fast Charger,0.30,6:00-22:00,0.79,60,EVgo,350,Tesla,2021,Yes,3.7,3,Quarterly
EVS01246,"2333 Beijing Ave, Beijing",DC Fast Charger,0.44,6:00-22:00,2.05,13,Ionity,150,"CCS, Tesla",2018,No,4.4,7,Quarterly
EVS01247,"4874 Beijing Ave, Beijing",DC Fast Charger,0.21,24/7,18.88,42,Ionity,22,Type 2,2017,Yes,3.2,2,Annually
EVS01248,"3250 Mexico City Ave, Mexico City",AC Level 1,0.11,6:00-22:00,2.26,26,Tesla,22,"CCS, Tesla",2023,No,4.3,3,Monthly
EVS01249,"7659 San Francisco Ave, San Francisco",AC Level 1,0.40,6:00-22:00,11.01,27,EVgo,50,"Tesla, CCS",2015,Yes,4.4,5,Quarterly
EVS01250,"7621 Moscow Ave, Moscow",DC Fast Charger,0.18,24/7,15.79,69,Ionity,350,"CHAdeMO, CCS",2015,No,3.1,9,Annually
EVS01251,"9584 Random Rd, City 217, Country",AC Level 2,0.40,9:00-18:00,16.53,54,Ionity,50,"Tesla, CHAdeMO",2018,Yes,3.9,3,Monthly
EVS01252,"3628 Chicago Ave, Chicago",AC Level 2,0.42,6:00-22:00,11.78,87,EVgo,350,"Tesla, Type 2",2018,Yes,3.2,9,Monthly
EVS01253,"8418 Beijing Ave, Beijing",AC Level 1,0.29,6:00-22:00,16.23,100,ChargePoint,50,"Type 2, CCS",2013,Yes,3.4,9,Annually
EVS01254,"8448 Sydney Ave, Sydney",DC Fast Charger,0.19,9:00-18:00,6.35,79,EVgo,50,CHAdeMO,2013,Yes,3.4,1,Monthly
EVS01255,"9097 Bangkok Ave, Bangkok",AC Level 1,0.35,24/7,5.20,81,ChargePoint,150,CCS,2011,Yes,3.9,5,Annually
EVS01256,"4640 Dubai Ave, Dubai",AC Level 2,0.11,9:00-18:00,5.23,50,EVgo,22,CHAdeMO,2017,No,4.3,8,Annually
EVS01257,"6958 Toronto Ave, Toronto",AC Level 2,0.44,24/7,7.17,52,Ionity,22,"CHAdeMO, Type 2",2020,No,3.3,3,Annually
EVS01258,"719 São Paulo Ave, São Paulo",AC Level 1,0.14,9:00-18:00,13.41,85,EVgo,150,Tesla,2022,No,4.2,6,Annually
EVS01259,"3638 Mexico City Ave, Mexico City",DC Fast Charger,0.47,6:00-22:00,17.69,11,Tesla,50,"Tesla, CHAdeMO",2012,Yes,3.4,6,Monthly
EVS01260,"1351 Dubai Ave, Dubai",AC Level 1,0.23,24/7,3.16,61,EVgo,350,"Tesla, Type 2",2021,No,4.5,4,Quarterly
EVS01261,"3426 Random Rd, City 420, Country",DC Fast Charger,0.11,24/7,13.11,20,Ionity,350,Tesla,2021,Yes,4.1,2,Annually
EVS01262,"4703 Berlin Ave, Berlin",AC Level 1,0.50,6:00-22:00,3.54,56,EVgo,50,CHAdeMO,2011,No,3.4,5,Annually
EVS01263,"6233 Toronto Ave, Toronto",AC Level 2,0.30,24/7,18.95,32,Ionity,22,CCS,2012,Yes,4.4,10,Quarterly
EVS01264,"9368 Beijing Ave, Beijing",AC Level 2,0.34,6:00-22:00,2.43,13,ChargePoint,350,CCS,2013,No,4.0,7,Annually
EVS01265,"9151 Los Angeles Ave, Los Angeles",DC Fast Charger,0.46,9:00-18:00,9.08,37,EVgo,350,Type 2,2018,Yes,3.7,1,Monthly
EVS01266,"7607 Bangkok Ave, Bangkok",AC Level 2,0.45,9:00-18:00,11.42,57,Greenlots,50,CCS,2020,Yes,4.4,6,Monthly
EVS01267,"4209 Beijing Ave, Beijing",AC Level 2,0.19,9:00-18:00,15.08,43,ChargePoint,150,Tesla,2014,No,4.8,6,Quarterly
EVS01268,"9484 Berlin Ave, Berlin",AC Level 1,0.30,6:00-22:00,12.16,82,Tesla,50,CCS,2012,No,3.8,8,Monthly
EVS01269,"8521 Mumbai Ave, Mumbai",AC Level 1,0.36,9:00-18:00,3.80,70,Greenlots,150,Tesla,2020,No,4.8,4,Annually
EVS01270,"6178 Cape Town Ave, Cape Town",DC Fast Charger,0.43,9:00-18:00,15.29,66,Greenlots,350,CHAdeMO,2013,No,4.7,6,Annually
EVS01271,"4682 Random Rd, City 478, Country",DC Fast Charger,0.27,6:00-22:00,14.76,82,ChargePoint,350,Type 2,2015,Yes,3.4,9,Monthly
EVS01272,"4360 Chicago Ave, Chicago",AC Level 2,0.43,24/7,4.23,97,EVgo,22,"Tesla, Type 2",2010,No,4.1,8,Quarterly
EVS01273,"400 Mumbai Ave, Mumbai",DC Fast Charger,0.29,9:00-18:00,14.70,73,Greenlots,50,"CHAdeMO, Type 2",2020,Yes,3.3,1,Monthly
EVS01274,"2414 Toronto Ave, Toronto",AC Level 2,0.14,6:00-22:00,19.44,75,EVgo,50,CCS,2023,Yes,3.6,6,Quarterly
EVS01275,"6091 Mexico City Ave, Mexico City",AC Level 2,0.37,6:00-22:00,18.72,51,Greenlots,22,Tesla,2016,No,4.4,10,Quarterly
EVS01276,"9776 Beijing Ave, Beijing",AC Level 2,0.45,6:00-22:00,17.29,93,Ionity,50,"Type 2, Tesla",2021,Yes,3.8,4,Monthly
EVS01277,"1344 Los Angeles Ave, Los Angeles",AC Level 2,0.14,24/7,5.21,61,Ionity,350,"Type 2, Tesla",2021,Yes,4.9,10,Monthly
EVS01278,"5540 São Paulo Ave, São Paulo",AC Level 2,0.25,6:00-22:00,17.58,18,Ionity,150,"CCS, Tesla",2016,Yes,3.6,3,Quarterly
EVS01279,"435 Beijing Ave, Beijing",AC Level 2,0.44,9:00-18:00,1.75,23,EVgo,350,CCS,2022,Yes,3.1,2,Annually
EVS01280,"2396 Toronto Ave, Toronto",AC Level 2,0.17,24/7,10.34,57,Ionity,22,CCS,2015,No,4.8,3,Monthly
EVS01281,"5857 Random Rd, City 9, Country",AC Level 2,0.30,6:00-22:00,4.60,58,Greenlots,50,"CHAdeMO, Tesla",2020,Yes,3.3,1,Annually
EVS01282,"1760 Berlin Ave, Berlin",AC Level 1,0.11,9:00-18:00,7.96,27,EVgo,50,"Tesla, CHAdeMO",2021,Yes,4.1,7,Annually
EVS01283,"5358 San Francisco Ave, San Francisco",AC Level 2,0.33,9:00-18:00,13.74,40,Greenlots,350,Type 2,2012,No,3.4,3,Monthly
EVS01284,"7694 Berlin Ave, Berlin",AC Level 2,0.41,9:00-18:00,3.90,96,Greenlots,22,Type 2,2018,Yes,3.4,4,Annually
EVS01285,"5017 Chicago Ave, Chicago",AC Level 2,0.39,24/7,16.53,73,Ionity,50,CCS,2022,No,3.3,7,Annually
EVS01286,"3342 Bangkok Ave, Bangkok",DC Fast Charger,0.48,24/7,5.66,64,ChargePoint,50,"CCS, Type 2",2019,Yes,4.9,1,Monthly
EVS01287,"916 Seoul Ave, Seoul",DC Fast Charger,0.24,9:00-18:00,4.03,30,EVgo,22,Type 2,2018,Yes,4.4,5,Quarterly
EVS01288,"9750 Mumbai Ave, Mumbai",AC Level 1,0.48,6:00-22:00,19.86,47,EVgo,50,Type 2,2017,Yes,4.3,3,Monthly
EVS01289,"5730 Chicago Ave, Chicago",AC Level 2,0.30,24/7,9.15,66,ChargePoint,350,"CHAdeMO, CCS",2013,Yes,4.2,2,Quarterly
EVS01290,"2410 Bangkok Ave, Bangkok",AC Level 1,0.15,24/7,14.62,99,EVgo,350,"Type 2, Tesla",2016,No,3.9,7,Quarterly
EVS01291,"8868 Random Rd, City 370, Country",AC Level 2,0.11,24/7,9.74,80,Greenlots,50,Tesla,2012,Yes,4.0,8,Annually
EVS01292,"139 Mexico City Ave, Mexico City",AC Level 2,0.41,9:00-18:00,11.31,14,ChargePoint,350,"CCS, CHAdeMO",2014,Yes,3.8,2,Monthly
EVS01293,"8142 Sydney Ave, Sydney",AC Level 2,0.28,9:00-18:00,13.95,77,EVgo,22,Type 2,2018,Yes,4.5,8,Quarterly
EVS01294,"6635 Mexico City Ave, Mexico City",AC Level 2,0.29,6:00-22:00,16.52,32,Tesla,350,Tesla,2010,No,3.4,10,Monthly
EVS01295,"5929 Los Angeles Ave, Los Angeles",AC Level 2,0.11,9:00-18:00,11.40,57,ChargePoint,350,CHAdeMO,2011,No,3.8,4,Quarterly
EVS01296,"4477 Beijing Ave, Beijing",DC Fast Charger,0.34,9:00-18:00,20.00,11,Tesla,150,"Tesla, CCS",2015,Yes,4.7,1,Monthly
EVS01297,"2970 Cape Town Ave, Cape Town",AC Level 1,0.36,6:00-22:00,11.48,69,Ionity,150,"Tesla, CHAdeMO",2013,No,4.4,2,Quarterly
EVS01298,"4251 Mumbai Ave, Mumbai",DC Fast Charger,0.40,24/7,2.22,100,EVgo,50,CCS,2014,Yes,3.4,1,Quarterly
EVS01299,"852 Mumbai Ave, Mumbai",DC Fast Charger,0.17,24/7,4.10,26,EVgo,50,"CHAdeMO, Tesla",2012,Yes,3.9,7,Quarterly
EVS01300,"4793 Sydney Ave, Sydney",AC Level 1,0.47,24/7,15.41,42,Tesla,22,Type 2,2011,Yes,3.5,4,Annually
EVS01301,"1091 Random Rd, City 109, Country",AC Level 2,0.20,6:00-22:00,4.74,95,EVgo,350,"Type 2, CCS",2023,Yes,3.1,3,Quarterly
EVS01302,"7148 Berlin Ave, Berlin",AC Level 2,0.46,6:00-22:00,2.74,15,EVgo,350,CHAdeMO,2023,Yes,4.2,5,Monthly
EVS01303,"1158 Los Angeles Ave, Los Angeles",DC Fast Charger,0.20,6:00-22:00,1.44,43,Tesla,50,"CCS, Tesla",2012,Yes,4.0,10,Quarterly
EVS01304,"8194 Beijing Ave, Beijing",AC Level 1,0.17,6:00-22:00,13.62,39,ChargePoint,22,Type 2,2018,Yes,4.0,8,Monthly
EVS01305,"8748 São Paulo Ave, São Paulo",AC Level 2,0.32,24/7,12.47,86,ChargePoint,50,"CCS, CHAdeMO",2013,Yes,3.7,1,Quarterly
EVS01306,"1268 Mumbai Ave, Mumbai",AC Level 1,0.11,24/7,4.25,90,Ionity,350,CCS,2017,Yes,4.5,7,Quarterly
EVS01307,"5748 San Francisco Ave, San Francisco",AC Level 2,0.16,24/7,15.89,40,Tesla,350,"Tesla, CHAdeMO",2014,No,5.0,3,Quarterly
EVS01308,"68 Mexico City Ave, Mexico City",AC Level 1,0.13,9:00-18:00,9.35,56,ChargePoint,150,"CHAdeMO, CCS",2015,Yes,3.4,8,Quarterly
EVS01309,"2550 Bangkok Ave, Bangkok",AC Level 2,0.24,24/7,10.27,39,Greenlots,22,Tesla,2020,Yes,4.9,10,Monthly
EVS01310,"2608 Toronto Ave, Toronto",AC Level 1,0.46,24/7,10.88,33,EVgo,350,"CHAdeMO, Type 2",2019,Yes,3.6,5,Annually
EVS01311,"3363 Random Rd, City 211, Country",AC Level 2,0.31,9:00-18:00,1.74,87,EVgo,150,Type 2,2022,No,4.1,1,Monthly
EVS01312,"3924 Beijing Ave, Beijing",AC Level 1,0.25,6:00-22:00,6.50,34,Ionity,150,"Tesla, Type 2",2020,Yes,4.6,5,Quarterly
EVS01313,"5483 Mumbai Ave, Mumbai",DC Fast Charger,0.43,24/7,6.15,61,EVgo,22,Tesla,2023,Yes,4.4,5,Quarterly
EVS01314,"8278 Mexico City Ave, Mexico City",AC Level 1,0.33,24/7,3.34,40,ChargePoint,50,"CCS, Type 2",2017,No,3.3,6,Monthly
EVS01315,"8661 Sydney Ave, Sydney",AC Level 1,0.29,24/7,6.40,51,Ionity,150,"CCS, CHAdeMO",2021,No,4.5,6,Quarterly
EVS01316,"1263 Bangkok Ave, Bangkok",AC Level 1,0.35,24/7,14.85,86,Ionity,150,"Tesla, CCS",2021,No,4.7,10,Annually
EVS01317,"8883 Mexico City Ave, Mexico City",DC Fast Charger,0.49,9:00-18:00,0.96,16,Ionity,150,CCS,2014,No,5.0,9,Annually
EVS01318,"7646 Sydney Ave, Sydney",AC Level 1,0.34,6:00-22:00,13.71,14,EVgo,22,"CHAdeMO, CCS",2016,Yes,3.4,9,Annually
EVS01319,"6533 São Paulo Ave, São Paulo",DC Fast Charger,0.26,9:00-18:00,3.25,96,EVgo,50,Type 2,2011,No,3.2,7,Monthly
EVS01320,"2117 Moscow Ave, Moscow",AC Level 2,0.22,9:00-18:00,2.80,75,Ionity,50,Tesla,2010,Yes,4.3,4,Monthly
EVS01321,"8233 Random Rd, City 305, Country",AC Level 1,0.47,9:00-18:00,6.47,26,Tesla,150,Type 2,2021,No,4.7,8,Annually
EVS01322,"5277 Toronto Ave, Toronto",AC Level 1,0.37,6:00-22:00,3.12,99,Greenlots,350,"Type 2, CHAdeMO",2013,Yes,3.1,1,Quarterly
EVS01323,"1765 Seoul Ave, Seoul",AC Level 1,0.11,24/7,15.96,78,ChargePoint,50,CCS,2016,Yes,4.6,8,Annually
EVS01324,"4261 Sydney Ave, Sydney",AC Level 1,0.35,6:00-22:00,17.71,27,EVgo,22,"Type 2, CCS",2010,Yes,3.2,9,Monthly
EVS01325,"3576 Dubai Ave, Dubai",DC Fast Charger,0.42,24/7,3.48,81,Greenlots,22,Type 2,2012,Yes,3.7,5,Quarterly
EVS01326,"9730 Sydney Ave, Sydney",AC Level 1,0.12,9:00-18:00,15.08,66,Greenlots,350,"Type 2, CHAdeMO",2011,No,3.3,7,Annually
EVS01327,"9791 Cape Town Ave, Cape Town",AC Level 2,0.23,24/7,4.64,58,EVgo,50,"Tesla, Type 2",2018,Yes,3.5,8,Annually
EVS01328,"2983 Los Angeles Ave, Los Angeles",AC Level 1,0.15,6:00-22:00,1.89,21,ChargePoint,50,"Type 2, CHAdeMO",2013,No,3.5,2,Monthly
EVS01329,"7097 Sydney Ave, Sydney",AC Level 1,0.49,9:00-18:00,3.52,71,Greenlots,50,"CCS, CHAdeMO",2018,No,4.6,9,Monthly
EVS01330,"3124 San Francisco Ave, San Francisco",AC Level 1,0.46,9:00-18:00,19.92,16,Tesla,22,"CCS, CHAdeMO",2011,Yes,3.6,3,Annually
EVS01331,"7470 Random Rd, City 450, Country",AC Level 1,0.29,24/7,13.55,97,Tesla,350,CCS,2013,No,4.7,10,Monthly
EVS01332,"918 Sydney Ave, Sydney",AC Level 1,0.14,24/7,6.93,93,Tesla,350,Tesla,2014,No,3.9,2,Quarterly
EVS01333,"25 São Paulo Ave, São Paulo",DC Fast Charger,0.46,6:00-22:00,15.24,16,Greenlots,350,CHAdeMO,2017,No,3.8,9,Annually
EVS01334,"5447 Bangkok Ave, Bangkok",AC Level 2,0.12,9:00-18:00,13.14,38,EVgo,150,CCS,2018,Yes,3.7,7,Annually
EVS01335,"4044 Toronto Ave, Toronto",DC Fast Charger,0.11,9:00-18:00,0.57,96,ChargePoint,50,Tesla,2011,No,3.4,10,Annually
EVS01336,"7451 Mexico City Ave, Mexico City",AC Level 2,0.27,9:00-18:00,15.26,15,Greenlots,22,Type 2,2022,Yes,4.5,6,Quarterly
EVS01337,"4757 Toronto Ave, Toronto",AC Level 2,0.26,6:00-22:00,12.98,88,ChargePoint,50,"Type 2, CHAdeMO",2021,Yes,4.4,5,Quarterly
EVS01338,"633 San Francisco Ave, San Francisco",AC Level 1,0.23,24/7,6.78,40,Ionity,150,CHAdeMO,2012,No,4.2,7,Annually
EVS01339,"2321 San Francisco Ave, San Francisco",AC Level 2,0.32,9:00-18:00,9.81,32,EVgo,350,"Type 2, CCS",2016,No,4.2,1,Annually
EVS01340,"1029 Seoul Ave, Seoul",AC Level 2,0.10,6:00-22:00,8.83,100,EVgo,350,"CHAdeMO, Type 2",2021,No,4.1,2,Annually
EVS01341,"1145 Random Rd, City 150, Country",AC Level 2,0.37,6:00-22:00,9.11,60,EVgo,22,CCS,2013,No,3.7,4,Annually
EVS01342,"3744 San Francisco Ave, San Francisco",AC Level 1,0.38,9:00-18:00,16.05,62,Ionity,50,CCS,2022,No,4.2,10,Quarterly
EVS01343,"1537 San Francisco Ave, San Francisco",AC Level 1,0.41,9:00-18:00,2.28,22,Tesla,22,"CHAdeMO, CCS",2013,No,3.6,4,Monthly
EVS01344,"7345 Dubai Ave, Dubai",DC Fast Charger,0.46,6:00-22:00,3.42,51,EVgo,22,"CHAdeMO, Tesla",2019,No,4.8,4,Annually
EVS01345,"386 Beijing Ave, Beijing",DC Fast Charger,0.23,9:00-18:00,5.98,89,Tesla,50,"CCS, Tesla",2015,No,4.0,7,Quarterly
EVS01346,"6321 Mumbai Ave, Mumbai",AC Level 1,0.16,24/7,0.65,48,Ionity,150,CCS,2010,No,4.0,8,Quarterly
EVS01347,"3983 São Paulo Ave, São Paulo",AC Level 2,0.32,24/7,9.76,19,Ionity,22,"CHAdeMO, Tesla",2021,No,4.5,6,Monthly
EVS01348,"5820 Cape Town Ave, Cape Town",AC Level 2,0.48,6:00-22:00,6.43,66,Ionity,22,"Tesla, CCS",2013,Yes,3.2,8,Quarterly
EVS01349,"3205 Cape Town Ave, Cape Town",AC Level 2,0.31,6:00-22:00,16.22,32,ChargePoint,150,CHAdeMO,2017,Yes,3.8,9,Annually
EVS01350,"8343 Bangkok Ave, Bangkok",AC Level 2,0.47,24/7,2.10,56,Tesla,350,"CHAdeMO, Type 2",2016,Yes,3.3,8,Annually
EVS01351,"4141 Random Rd, City 281, Country",AC Level 1,0.14,9:00-18:00,3.86,15,Ionity,50,"CHAdeMO, Tesla",2018,No,3.9,9,Quarterly
EVS01352,"4076 Seoul Ave, Seoul",AC Level 2,0.41,9:00-18:00,1.89,98,ChargePoint,22,"CCS, CHAdeMO",2020,Yes,3.6,6,Quarterly
EVS01353,"4774 Seoul Ave, Seoul",DC Fast Charger,0.23,9:00-18:00,11.90,78,Greenlots,150,CCS,2014,Yes,3.5,9,Annually
EVS01354,"1315 Beijing Ave, Beijing",AC Level 2,0.37,24/7,4.38,99,Greenlots,50,CHAdeMO,2023,No,3.7,3,Monthly
EVS01355,"6727 Beijing Ave, Beijing",AC Level 1,0.47,6:00-22:00,13.63,99,Ionity,50,Type 2,2010,Yes,3.9,9,Quarterly
EVS01356,"2164 Toronto Ave, Toronto",AC Level 1,0.29,9:00-18:00,10.10,37,Tesla,350,"CCS, Tesla",2021,Yes,3.6,10,Monthly
EVS01357,"4463 Seoul Ave, Seoul",DC Fast Charger,0.17,9:00-18:00,17.27,16,EVgo,50,Type 2,2020,Yes,5.0,9,Quarterly
EVS01358,"5005 Mumbai Ave, Mumbai",AC Level 2,0.38,6:00-22:00,7.92,61,ChargePoint,350,"Tesla, Type 2",2017,No,3.4,9,Quarterly
EVS01359,"5761 Moscow Ave, Moscow",AC Level 2,0.43,9:00-18:00,14.14,98,Tesla,150,CCS,2020,Yes,4.2,7,Annually
EVS01360,"4371 Seoul Ave, Seoul",AC Level 1,0.11,6:00-22:00,7.09,82,Tesla,350,CCS,2021,Yes,3.5,8,Monthly
EVS01361,"4883 Random Rd, City 169, Country",AC Level 2,0.14,24/7,10.48,93,Greenlots,350,CCS,2021,No,4.6,4,Monthly
EVS01362,"4476 São Paulo Ave, São Paulo",AC Level 2,0.48,6:00-22:00,2.44,20,EVgo,150,"Type 2, CHAdeMO",2018,Yes,5.0,3,Quarterly
EVS01363,"6836 Bangkok Ave, Bangkok",AC Level 1,0.48,9:00-18:00,14.05,65,Tesla,350,"CCS, Tesla",2022,Yes,3.4,3,Quarterly
EVS01364,"3759 Dubai Ave, Dubai",AC Level 2,0.25,24/7,14.80,71,ChargePoint,350,"Tesla, Type 2",2010,No,3.3,4,Monthly
EVS01365,"2476 Bangkok Ave, Bangkok",AC Level 1,0.18,6:00-22:00,18.63,59,ChargePoint,350,"CCS, CHAdeMO",2021,Yes,4.5,4,Monthly
EVS01366,"7003 Mexico City Ave, Mexico City",AC Level 2,0.12,24/7,13.96,83,Greenlots,150,Type 2,2013,No,4.9,7,Annually
EVS01367,"3776 Los Angeles Ave, Los Angeles",AC Level 2,0.47,24/7,6.81,17,EVgo,150,"Type 2, CCS",2013,No,3.2,10,Annually
EVS01368,"2341 Mexico City Ave, Mexico City",DC Fast Charger,0.36,9:00-18:00,3.10,18,EVgo,150,Type 2,2020,Yes,4.5,2,Quarterly
EVS01369,"5292 Moscow Ave, Moscow",DC Fast Charger,0.21,24/7,8.78,89,Ionity,350,CCS,2012,No,4.3,4,Monthly
EVS01370,"1964 Los Angeles Ave, Los Angeles",DC Fast Charger,0.43,6:00-22:00,17.36,61,EVgo,350,Tesla,2018,Yes,3.5,4,Quarterly
EVS01371,"8714 Random Rd, City 267, Country",AC Level 1,0.35,6:00-22:00,8.59,18,Tesla,22,Type 2,2020,No,3.3,8,Annually
EVS01372,"7672 Chicago Ave, Chicago",AC Level 2,0.29,24/7,7.84,96,Tesla,50,Tesla,2012,Yes,3.6,1,Monthly
EVS01373,"7418 Mexico City Ave, Mexico City",AC Level 2,0.37,6:00-22:00,2.62,99,EVgo,350,"CHAdeMO, Type 2",2015,Yes,3.5,5,Monthly
EVS01374,"6914 Cape Town Ave, Cape Town",AC Level 1,0.13,6:00-22:00,9.03,26,Tesla,150,CCS,2015,Yes,3.5,3,Annually
EVS01375,"4858 Chicago Ave, Chicago",AC Level 1,0.28,6:00-22:00,7.11,28,Greenlots,22,CCS,2016,No,4.5,7,Annually
EVS01376,"2499 São Paulo Ave, São Paulo",DC Fast Charger,0.45,6:00-22:00,18.50,87,Greenlots,50,"Tesla, Type 2",2020,Yes,3.8,9,Quarterly
EVS01377,"3750 São Paulo Ave, São Paulo",DC Fast Charger,0.37,6:00-22:00,10.80,84,Greenlots,350,Tesla,2022,Yes,3.5,8,Annually
EVS01378,"9920 Bangkok Ave, Bangkok",AC Level 2,0.31,9:00-18:00,0.67,47,Tesla,350,"CHAdeMO, CCS",2011,No,3.3,2,Annually
EVS01379,"8873 Moscow Ave, Moscow",AC Level 1,0.14,9:00-18:00,16.94,48,Ionity,150,"CCS, Type 2",2010,No,3.2,2,Quarterly
EVS01380,"947 Moscow Ave, Moscow",DC Fast Charger,0.15,24/7,8.51,37,Greenlots,22,"CCS, Tesla",2023,No,3.2,10,Quarterly
EVS01381,"5409 Random Rd, City 263, Country",DC Fast Charger,0.12,9:00-18:00,16.80,76,EVgo,22,"Type 2, CCS",2023,No,3.3,5,Monthly
EVS01382,"7014 Bangkok Ave, Bangkok",DC Fast Charger,0.15,24/7,5.99,71,EVgo,22,CHAdeMO,2017,No,3.6,5,Monthly
EVS01383,"1087 Cape Town Ave, Cape Town",AC Level 2,0.23,24/7,12.93,73,Greenlots,50,"CCS, Type 2",2010,No,3.4,8,Annually
EVS01384,"5553 Los Angeles Ave, Los Angeles",AC Level 1,0.25,6:00-22:00,16.44,39,ChargePoint,50,"CCS, CHAdeMO",2014,No,4.2,4,Monthly
EVS01385,"1956 San Francisco Ave, San Francisco",AC Level 2,0.47,24/7,12.40,36,ChargePoint,350,CHAdeMO,2019,Yes,4.9,7,Annually
EVS01386,"117 São Paulo Ave, São Paulo",AC Level 2,0.28,9:00-18:00,9.53,33,Ionity,22,"CHAdeMO, CCS",2021,Yes,3.7,9,Quarterly
EVS01387,"3478 Berlin Ave, Berlin",DC Fast Charger,0.19,9:00-18:00,11.60,60,ChargePoint,22,"CHAdeMO, Type 2",2020,No,4.0,7,Monthly
EVS01388,"2554 San Francisco Ave, San Francisco",AC Level 2,0.12,24/7,7.55,90,Ionity,50,CHAdeMO,2017,Yes,4.9,4,Monthly
EVS01389,"118 Mumbai Ave, Mumbai",DC Fast Charger,0.25,6:00-22:00,9.04,40,Tesla,22,"Tesla, CHAdeMO",2016,Yes,4.7,1,Quarterly
EVS01390,"9724 Mumbai Ave, Mumbai",DC Fast Charger,0.47,24/7,0.89,76,Greenlots,150,Type 2,2021,Yes,3.4,10,Quarterly
EVS01391,"9886 Random Rd, City 220, Country",AC Level 2,0.39,9:00-18:00,1.97,88,Ionity,150,"Type 2, CHAdeMO",2014,Yes,3.3,1,Annually
EVS01392,"1592 Chicago Ave, Chicago",DC Fast Charger,0.38,9:00-18:00,8.93,33,Tesla,150,CHAdeMO,2015,No,4.0,5,Quarterly
EVS01393,"2193 Berlin Ave, Berlin",AC Level 1,0.50,6:00-22:00,10.86,69,EVgo,22,"CCS, Tesla",2012,Yes,4.9,7,Monthly
EVS01394,"9343 Dubai Ave, Dubai",DC Fast Charger,0.10,6:00-22:00,11.32,59,Ionity,50,Type 2,2017,No,3.9,3,Monthly
EVS01395,"142 Sydney Ave, Sydney",AC Level 2,0.15,9:00-18:00,15.74,81,Greenlots,150,"CHAdeMO, Type 2",2018,Yes,4.5,8,Annually
EVS01396,"6526 Dubai Ave, Dubai",AC Level 2,0.50,24/7,15.36,23,Greenlots,50,"CHAdeMO, Tesla",2010,No,3.2,8,Quarterly
EVS01397,"5926 São Paulo Ave, São Paulo",AC Level 2,0.36,24/7,15.35,75,EVgo,350,"Type 2, CHAdeMO",2014,No,4.1,4,Annually
EVS01398,"4481 Toronto Ave, Toronto",AC Level 2,0.17,9:00-18:00,13.70,77,EVgo,50,CHAdeMO,2019,Yes,3.8,5,Annually
EVS01399,"1660 Chicago Ave, Chicago",AC Level 2,0.31,24/7,6.43,35,EVgo,50,CHAdeMO,2019,No,4.1,4,Monthly
EVS01400,"9914 Sydney Ave, Sydney",AC Level 1,0.22,6:00-22:00,2.27,57,EVgo,50,"CCS, Tesla",2011,No,3.6,1,Annually
EVS01401,"2549 Random Rd, City 142, Country",AC Level 1,0.27,24/7,7.51,29,Greenlots,150,"Tesla, CCS",2015,Yes,4.0,9,Annually
EVS01402,"2992 San Francisco Ave, San Francisco",AC Level 2,0.47,24/7,9.49,95,Tesla,22,"Tesla, CHAdeMO",2016,Yes,3.9,8,Annually
EVS01403,"3881 Beijing Ave, Beijing",AC Level 1,0.35,24/7,7.00,42,Greenlots,150,"CHAdeMO, Tesla",2013,Yes,4.6,1,Quarterly
EVS01404,"6942 Beijing Ave, Beijing",AC Level 2,0.23,9:00-18:00,3.17,63,Ionity,50,CCS,2023,No,3.4,4,Monthly
EVS01405,"2183 Sydney Ave, Sydney",AC Level 1,0.30,24/7,13.33,23,ChargePoint,350,Type 2,2016,Yes,3.1,2,Quarterly
EVS01406,"4342 Bangkok Ave, Bangkok",AC Level 1,0.31,6:00-22:00,18.70,36,EVgo,22,"Tesla, Type 2",2015,Yes,4.0,1,Quarterly
EVS01407,"7398 Beijing Ave, Beijing",AC Level 1,0.26,6:00-22:00,4.07,58,EVgo,350,"CHAdeMO, Tesla",2014,Yes,3.7,1,Quarterly
EVS01408,"4725 Sydney Ave, Sydney",AC Level 2,0.16,24/7,17.98,67,EVgo,150,Type 2,2010,No,3.2,4,Annually
EVS01409,"5702 Dubai Ave, Dubai",AC Level 2,0.10,6:00-22:00,6.68,61,Tesla,22,"CCS, Tesla",2017,No,3.9,10,Monthly
EVS01410,"3545 Berlin Ave, Berlin",DC Fast Charger,0.42,6:00-22:00,4.81,15,EVgo,150,Type 2,2013,No,3.4,9,Quarterly
EVS01411,"6613 Random Rd, City 166, Country",AC Level 1,0.35,6:00-22:00,17.97,98,Ionity,150,Tesla,2022,No,3.7,1,Monthly
EVS01412,"459 San Francisco Ave, San Francisco",AC Level 2,0.28,24/7,7.51,23,EVgo,50,"CHAdeMO, Type 2",2021,No,3.3,3,Monthly
EVS01413,"8369 Bangkok Ave, Bangkok",AC Level 2,0.33,24/7,3.29,86,Tesla,150,CHAdeMO,2021,No,4.0,9,Quarterly
EVS01414,"512 San Francisco Ave, San Francisco",DC Fast Charger,0.39,9:00-18:00,5.15,96,Ionity,22,Tesla,2022,Yes,4.3,10,Monthly
EVS01415,"301 Toronto Ave, Toronto",DC Fast Charger,0.26,6:00-22:00,13.77,43,EVgo,22,"Type 2, CCS",2022,Yes,4.6,10,Annually
EVS01416,"9808 Toronto Ave, Toronto",DC Fast Charger,0.21,24/7,7.17,44,Greenlots,50,"CHAdeMO, Type 2",2023,No,4.9,5,Quarterly
EVS01417,"7935 Mumbai Ave, Mumbai",AC Level 2,0.40,24/7,15.56,22,ChargePoint,350,"Type 2, CHAdeMO",2014,No,4.4,1,Quarterly
EVS01418,"4528 Mumbai Ave, Mumbai",DC Fast Charger,0.29,9:00-18:00,15.45,96,Ionity,50,Type 2,2011,Yes,3.5,7,Quarterly
EVS01419,"818 Bangkok Ave, Bangkok",AC Level 1,0.34,24/7,4.93,36,EVgo,22,Type 2,2012,Yes,3.1,8,Quarterly
EVS01420,"6397 Cape Town Ave, Cape Town",AC Level 2,0.46,24/7,14.77,82,Ionity,22,CCS,2015,Yes,3.3,7,Quarterly
EVS01421,"6777 Random Rd, City 25, Country",AC Level 1,0.29,6:00-22:00,5.54,44,ChargePoint,50,"CCS, Type 2",2012,No,3.4,2,Monthly
EVS01422,"9362 Sydney Ave, Sydney",AC Level 1,0.29,6:00-22:00,3.26,10,Ionity,350,"Tesla, CHAdeMO",2021,Yes,5.0,3,Monthly
EVS01423,"6200 Mexico City Ave, Mexico City",AC Level 2,0.40,24/7,18.58,25,EVgo,50,Tesla,2023,Yes,4.9,5,Annually
EVS01424,"2492 Mumbai Ave, Mumbai",AC Level 1,0.20,9:00-18:00,4.75,13,Ionity,22,CHAdeMO,2018,No,3.1,4,Annually
EVS01425,"8361 Seoul Ave, Seoul",AC Level 2,0.15,9:00-18:00,3.98,17,ChargePoint,350,CHAdeMO,2012,Yes,4.2,1,Annually
EVS01426,"3673 Beijing Ave, Beijing",DC Fast Charger,0.26,24/7,9.28,50,Greenlots,150,"CCS, CHAdeMO",2010,No,3.4,6,Annually
EVS01427,"9410 Chicago Ave, Chicago",DC Fast Charger,0.41,6:00-22:00,6.37,29,Tesla,150,"Tesla, CHAdeMO",2020,No,4.9,9,Quarterly
EVS01428,"1996 Beijing Ave, Beijing",AC Level 1,0.18,24/7,19.28,45,Tesla,22,Type 2,2016,Yes,4.4,7,Monthly
EVS01429,"144 Beijing Ave, Beijing",AC Level 2,0.12,6:00-22:00,17.16,49,EVgo,22,"Type 2, CHAdeMO",2015,Yes,3.3,8,Quarterly
EVS01430,"4345 Los Angeles Ave, Los Angeles",AC Level 1,0.17,6:00-22:00,13.42,90,Tesla,50,"CHAdeMO, Type 2",2011,Yes,3.8,3,Annually
EVS01431,"9124 Random Rd, City 88, Country",DC Fast Charger,0.20,6:00-22:00,2.53,18,Tesla,150,Type 2,2013,Yes,4.5,10,Annually
EVS01432,"1776 Dubai Ave, Dubai",AC Level 1,0.32,9:00-18:00,5.98,43,EVgo,50,"Tesla, CCS",2010,No,3.3,8,Quarterly
EVS01433,"7459 Beijing Ave, Beijing",AC Level 1,0.10,6:00-22:00,19.45,50,ChargePoint,22,Tesla,2018,Yes,4.7,3,Annually
EVS01434,"9018 Berlin Ave, Berlin",AC Level 2,0.46,24/7,7.75,68,EVgo,150,Tesla,2010,No,4.8,1,Quarterly
EVS01435,"1998 Bangkok Ave, Bangkok",DC Fast Charger,0.40,24/7,9.95,97,Ionity,22,Type 2,2020,No,4.0,8,Annually
EVS01436,"4646 Mexico City Ave, Mexico City",AC Level 1,0.42,9:00-18:00,12.90,63,ChargePoint,350,CCS,2022,No,4.4,1,Monthly
EVS01437,"9826 Berlin Ave, Berlin",AC Level 2,0.15,24/7,6.94,96,ChargePoint,350,Tesla,2013,Yes,4.6,5,Quarterly
EVS01438,"7915 Moscow Ave, Moscow",DC Fast Charger,0.41,24/7,4.99,13,ChargePoint,350,"CCS, Tesla",2022,No,3.0,7,Monthly
EVS01439,"8864 Seoul Ave, Seoul",AC Level 1,0.27,9:00-18:00,15.34,16,Greenlots,150,CCS,2020,No,4.7,2,Annually
EVS01440,"1794 Chicago Ave, Chicago",DC Fast Charger,0.23,6:00-22:00,8.87,15,EVgo,350,Type 2,2019,No,3.3,8,Monthly
EVS01441,"3239 Random Rd, City 489, Country",AC Level 2,0.14,9:00-18:00,17.06,41,Greenlots,50,CCS,2017,Yes,3.1,4,Quarterly
EVS01442,"2575 Mumbai Ave, Mumbai",DC Fast Charger,0.37,6:00-22:00,4.03,44,EVgo,350,"CCS, CHAdeMO",2020,Yes,3.4,7,Monthly
EVS01443,"4125 Dubai Ave, Dubai",AC Level 1,0.14,9:00-18:00,14.00,54,ChargePoint,150,CHAdeMO,2011,Yes,3.9,1,Monthly
EVS01444,"3429 San Francisco Ave, San Francisco",DC Fast Charger,0.31,24/7,8.36,64,EVgo,22,CCS,2020,No,4.3,1,Monthly
EVS01445,"754 Bangkok Ave, Bangkok",DC Fast Charger,0.25,9:00-18:00,16.74,60,Ionity,150,"CCS, Tesla",2022,Yes,3.8,8,Quarterly
EVS01446,"3864 San Francisco Ave, San Francisco",DC Fast Charger,0.41,9:00-18:00,18.88,48,ChargePoint,350,CHAdeMO,2020,Yes,3.6,5,Annually
EVS01447,"9154 Sydney Ave, Sydney",AC Level 2,0.21,24/7,1.15,54,Greenlots,150,Tesla,2013,Yes,3.2,5,Monthly
EVS01448,"1581 Chicago Ave, Chicago",DC Fast Charger,0.36,6:00-22:00,8.99,63,ChargePoint,22,"Tesla, CCS",2012,No,4.9,2,Quarterly
EVS01449,"3137 São Paulo Ave, São Paulo",AC Level 1,0.13,24/7,1.39,49,ChargePoint,22,CHAdeMO,2011,Yes,3.4,4,Quarterly
EVS01450,"6328 Mumbai Ave, Mumbai",AC Level 2,0.27,6:00-22:00,3.01,29,Tesla,350,"Tesla, CHAdeMO",2021,Yes,4.2,9,Annually
EVS01451,"9691 Random Rd, City 244, Country",DC Fast Charger,0.17,6:00-22:00,18.05,74,Greenlots,22,"CCS, Type 2",2021,No,4.8,2,Quarterly
EVS01452,"1082 São Paulo Ave, São Paulo",AC Level 1,0.32,24/7,18.78,95,EVgo,350,"CCS, Tesla",2012,Yes,4.1,7,Annually
EVS01453,"2418 Los Angeles Ave, Los Angeles",DC Fast Charger,0.38,6:00-22:00,2.11,90,Tesla,150,"Type 2, Tesla",2013,No,3.2,2,Quarterly
EVS01454,"4533 Chicago Ave, Chicago",AC Level 1,0.29,6:00-22:00,14.74,15,ChargePoint,350,"Tesla, CHAdeMO",2022,Yes,3.2,4,Monthly
EVS01455,"1931 Toronto Ave, Toronto",AC Level 2,0.29,9:00-18:00,12.42,78,Greenlots,150,"Tesla, Type 2",2011,No,3.4,10,Monthly
EVS01456,"1954 Sydney Ave, Sydney",DC Fast Charger,0.12,9:00-18:00,3.08,74,Greenlots,350,"Type 2, Tesla",2013,No,4.7,8,Quarterly
EVS01457,"7594 Chicago Ave, Chicago",AC Level 2,0.34,24/7,8.25,48,Tesla,350,CCS,2023,No,4.6,8,Quarterly
EVS01458,"3791 Dubai Ave, Dubai",AC Level 1,0.18,9:00-18:00,4.94,95,Greenlots,350,CCS,2010,Yes,5.0,4,Monthly
EVS01459,"7692 San Francisco Ave, San Francisco",AC Level 1,0.21,6:00-22:00,4.31,51,Greenlots,22,"CHAdeMO, Type 2",2013,No,3.1,6,Monthly
EVS01460,"9834 Sydney Ave, Sydney",AC Level 1,0.25,24/7,16.51,64,Greenlots,50,Type 2,2020,No,3.8,9,Annually
EVS01461,"7891 Random Rd, City 87, Country",AC Level 1,0.33,24/7,10.12,82,Greenlots,350,"Type 2, CHAdeMO",2011,Yes,3.4,10,Quarterly
EVS01462,"3140 Beijing Ave, Beijing",DC Fast Charger,0.41,24/7,17.29,19,Greenlots,50,"Tesla, Type 2",2017,Yes,4.0,1,Quarterly
EVS01463,"2472 Mumbai Ave, Mumbai",AC Level 1,0.48,6:00-22:00,15.78,15,Greenlots,150,Tesla,2018,No,4.4,1,Annually
EVS01464,"460 Los Angeles Ave, Los Angeles",AC Level 2,0.47,6:00-22:00,10.24,93,Tesla,22,CHAdeMO,2018,No,4.4,6,Monthly
EVS01465,"9373 Bangkok Ave, Bangkok",AC Level 2,0.46,24/7,12.88,96,ChargePoint,50,"Type 2, CCS",2016,Yes,3.3,9,Monthly
EVS01466,"3468 Toronto Ave, Toronto",AC Level 1,0.19,9:00-18:00,13.76,65,Ionity,22,"CCS, Type 2",2014,No,3.8,2,Quarterly
EVS01467,"3395 Mexico City Ave, Mexico City",DC Fast Charger,0.42,9:00-18:00,16.80,68,Tesla,350,CCS,2019,Yes,3.8,8,Monthly
EVS01468,"2117 Mexico City Ave, Mexico City",AC Level 1,0.16,6:00-22:00,3.78,83,Tesla,350,Type 2,2013,No,4.6,8,Annually
EVS01469,"360 Mumbai Ave, Mumbai",DC Fast Charger,0.24,6:00-22:00,13.95,97,Tesla,22,"CCS, Type 2",2016,No,4.7,2,Monthly
EVS01470,"3492 Toronto Ave, Toronto",AC Level 1,0.14,24/7,15.42,20,EVgo,22,CCS,2023,No,3.3,7,Annually
EVS01471,"3780 Random Rd, City 116, Country",AC Level 1,0.22,9:00-18:00,17.56,62,ChargePoint,22,CHAdeMO,2013,Yes,3.7,7,Annually
EVS01472,"1138 Mexico City Ave, Mexico City",AC Level 1,0.48,6:00-22:00,14.38,88,ChargePoint,22,"CCS, Type 2",2019,No,4.1,7,Quarterly
EVS01473,"1505 Toronto Ave, Toronto",DC Fast Charger,0.29,24/7,8.32,49,Ionity,50,"Tesla, Type 2",2020,No,4.4,4,Monthly
EVS01474,"9646 Sydney Ave, Sydney",DC Fast Charger,0.36,6:00-22:00,5.54,44,EVgo,50,"CCS, Type 2",2020,Yes,4.1,7,Annually
EVS01475,"1325 Moscow Ave, Moscow",AC Level 1,0.35,6:00-22:00,8.98,98,Ionity,150,"Type 2, CCS",2016,No,4.0,2,Monthly
EVS01476,"4181 Toronto Ave, Toronto",AC Level 1,0.31,6:00-22:00,8.03,56,Greenlots,150,"CCS, Type 2",2015,No,3.9,8,Monthly
EVS01477,"2139 Los Angeles Ave, Los Angeles",DC Fast Charger,0.49,9:00-18:00,18.47,32,ChargePoint,350,CCS,2013,No,3.8,5,Annually
EVS01478,"5266 Bangkok Ave, Bangkok",DC Fast Charger,0.44,24/7,14.64,67,Greenlots,350,"Type 2, Tesla",2011,No,3.4,10,Monthly
EVS01479,"7336 São Paulo Ave, São Paulo",AC Level 1,0.10,9:00-18:00,2.72,50,Greenlots,22,"CCS, Type 2",2013,Yes,4.3,4,Quarterly
EVS01480,"161 Chicago Ave, Chicago",DC Fast Charger,0.12,9:00-18:00,3.62,54,ChargePoint,22,Tesla,2022,Yes,5.0,9,Annually
EVS01481,"7132 Random Rd, City 373, Country",AC Level 1,0.42,24/7,0.91,78,EVgo,50,"CHAdeMO, CCS",2018,Yes,3.9,4,Annually
EVS01482,"2848 Dubai Ave, Dubai",DC Fast Charger,0.22,24/7,19.94,53,EVgo,150,"Type 2, Tesla",2021,No,4.3,3,Monthly
EVS01483,"8689 Moscow Ave, Moscow",AC Level 2,0.40,9:00-18:00,10.16,99,EVgo,350,Type 2,2010,Yes,3.8,7,Annually
EVS01484,"1896 Dubai Ave, Dubai",DC Fast Charger,0.15,24/7,17.32,90,Tesla,350,Type 2,2012,No,3.3,2,Monthly
EVS01485,"522 Los Angeles Ave, Los Angeles",AC Level 2,0.29,9:00-18:00,18.83,93,Tesla,50,"CCS, CHAdeMO",2013,No,3.2,3,Annually
EVS01486,"7044 Sydney Ave, Sydney",DC Fast Charger,0.39,9:00-18:00,12.72,41,Tesla,350,Type 2,2016,Yes,4.2,6,Quarterly
EVS01487,"7124 Toronto Ave, Toronto",DC Fast Charger,0.32,6:00-22:00,2.00,13,Ionity,22,"Type 2, CHAdeMO",2020,No,3.1,9,Monthly
EVS01488,"8654 Toronto Ave, Toronto",AC Level 1,0.45,9:00-18:00,17.13,90,Ionity,350,"Tesla, CHAdeMO",2012,No,4.8,5,Quarterly
EVS01489,"7064 Mexico City Ave, Mexico City",AC Level 1,0.25,6:00-22:00,8.92,61,Tesla,22,Type 2,2018,Yes,4.2,7,Monthly
EVS01490,"3942 Berlin Ave, Berlin",DC Fast Charger,0.43,24/7,15.34,30,ChargePoint,50,"CHAdeMO, Type 2",2011,No,3.6,1,Annually
EVS01491,"1348 Random Rd, City 468, Country",AC Level 2,0.49,9:00-18:00,14.04,88,Tesla,50,"CCS, Type 2",2010,No,3.8,10,Monthly
EVS01492,"5782 Beijing Ave, Beijing",AC Level 1,0.17,9:00-18:00,10.02,66,Greenlots,50,"Tesla, CHAdeMO",2015,No,4.8,8,Monthly
EVS01493,"84 Bangkok Ave, Bangkok",DC Fast Charger,0.24,24/7,3.58,33,EVgo,150,"CHAdeMO, Tesla",2017,Yes,4.4,1,Quarterly
EVS01494,"1809 Los Angeles Ave, Los Angeles",AC Level 2,0.45,24/7,10.30,71,Tesla,50,"CHAdeMO, CCS",2023,No,4.9,8,Annually
EVS01495,"816 Seoul Ave, Seoul",AC Level 2,0.23,9:00-18:00,12.82,19,Ionity,150,Type 2,2023,No,4.8,7,Quarterly
EVS01496,"9547 Mexico City Ave, Mexico City",DC Fast Charger,0.21,9:00-18:00,13.55,56,Tesla,150,Tesla,2021,Yes,4.3,3,Annually
EVS01497,"7066 Chicago Ave, Chicago",AC Level 2,0.35,24/7,15.02,81,ChargePoint,350,CHAdeMO,2017,Yes,3.1,1,Annually
EVS01498,"3742 Beijing Ave, Beijing",AC Level 2,0.50,24/7,18.25,92,Greenlots,50,Type 2,2021,No,4.5,9,Annually
EVS01499,"2615 Mexico City Ave, Mexico City",AC Level 2,0.20,6:00-22:00,10.44,98,ChargePoint,150,CHAdeMO,2012,No,4.0,5,Annually
EVS01500,"5706 Bangkok Ave, Bangkok",AC Level 2,0.33,9:00-18:00,18.56,32,Tesla,350,Tesla,2013,Yes,3.0,10,Monthly
EVS01501,"2505 Random Rd, City 377, Country",AC Level 2,0.46,6:00-22:00,8.50,72,EVgo,350,"CCS, Type 2",2015,No,3.5,10,Quarterly
EVS01502,"1232 Sydney Ave, Sydney",AC Level 2,0.34,6:00-22:00,3.46,83,Ionity,50,"CCS, Tesla",2022,Yes,4.4,9,Annually
EVS01503,"4495 Dubai Ave, Dubai",AC Level 1,0.35,9:00-18:00,4.40,49,Greenlots,150,"CHAdeMO, CCS",2010,Yes,3.1,5,Annually
EVS01504,"9960 San Francisco Ave, San Francisco",AC Level 1,0.35,9:00-18:00,11.12,88,EVgo,150,"Tesla, Type 2",2010,No,3.8,4,Quarterly
EVS01505,"680 Chicago Ave, Chicago",AC Level 2,0.20,9:00-18:00,10.74,25,EVgo,22,CCS,2010,No,3.0,7,Quarterly
EVS01506,"1891 Bangkok Ave, Bangkok",AC Level 1,0.37,24/7,10.31,83,EVgo,150,CHAdeMO,2021,No,4.1,9,Quarterly
EVS01507,"1881 Mexico City Ave, Mexico City",DC Fast Charger,0.43,24/7,14.32,55,ChargePoint,350,"Type 2, CCS",2022,Yes,4.3,6,Quarterly
EVS01508,"1516 Toronto Ave, Toronto",AC Level 2,0.23,9:00-18:00,9.03,41,ChargePoint,350,CCS,2021,Yes,3.4,2,Monthly
EVS01509,"8589 San Francisco Ave, San Francisco",AC Level 2,0.11,6:00-22:00,14.56,90,Ionity,150,"CHAdeMO, Type 2",2022,No,3.7,5,Monthly
EVS01510,"2909 Dubai Ave, Dubai",AC Level 2,0.34,9:00-18:00,9.08,38,Tesla,50,Type 2,2012,Yes,4.0,2,Annually
EVS01511,"2247 Random Rd, City 361, Country",AC Level 1,0.50,24/7,16.95,20,Ionity,150,Tesla,2023,No,3.8,4,Monthly
EVS01512,"6466 San Francisco Ave, San Francisco",AC Level 2,0.39,9:00-18:00,16.13,65,EVgo,350,CCS,2022,No,4.5,10,Annually
EVS01513,"9399 Moscow Ave, Moscow",DC Fast Charger,0.49,6:00-22:00,12.12,56,EVgo,50,"Type 2, CHAdeMO",2019,Yes,4.6,2,Quarterly
EVS01514,"3890 Los Angeles Ave, Los Angeles",DC Fast Charger,0.29,9:00-18:00,6.73,25,ChargePoint,50,"Tesla, CCS",2011,Yes,4.9,9,Monthly
EVS01515,"7387 Bangkok Ave, Bangkok",AC Level 2,0.18,6:00-22:00,1.93,24,Tesla,150,Tesla,2017,Yes,3.1,10,Quarterly
EVS01516,"2610 San Francisco Ave, San Francisco",AC Level 2,0.24,24/7,7.07,64,Tesla,150,"CHAdeMO, CCS",2021,Yes,3.0,10,Annually
EVS01517,"9992 Toronto Ave, Toronto",DC Fast Charger,0.24,24/7,13.84,89,Greenlots,22,"CCS, CHAdeMO",2017,No,4.6,3,Quarterly
EVS01518,"2553 Berlin Ave, Berlin",AC Level 2,0.33,24/7,7.88,68,EVgo,350,Tesla,2015,Yes,4.1,10,Monthly
EVS01519,"4471 Toronto Ave, Toronto",AC Level 1,0.37,6:00-22:00,18.86,41,Greenlots,50,"Type 2, CHAdeMO",2015,No,4.0,5,Annually
EVS01520,"2111 São Paulo Ave, São Paulo",AC Level 1,0.22,9:00-18:00,18.44,90,Tesla,22,CCS,2015,No,4.2,8,Quarterly
EVS01521,"9072 Random Rd, City 213, Country",DC Fast Charger,0.48,9:00-18:00,13.29,17,Tesla,350,Tesla,2019,Yes,4.9,1,Quarterly
EVS01522,"5914 Cape Town Ave, Cape Town",AC Level 2,0.40,9:00-18:00,19.68,40,Tesla,150,"Type 2, CHAdeMO",2023,Yes,4.7,5,Annually
EVS01523,"7364 Los Angeles Ave, Los Angeles",AC Level 2,0.38,24/7,10.25,85,EVgo,22,"Type 2, CCS",2013,No,4.1,3,Quarterly
EVS01524,"5334 Berlin Ave, Berlin",DC Fast Charger,0.45,6:00-22:00,3.22,57,Ionity,50,CHAdeMO,2016,Yes,3.5,1,Monthly
EVS01525,"1556 Bangkok Ave, Bangkok",AC Level 2,0.14,24/7,18.10,15,Greenlots,350,CCS,2016,Yes,4.7,10,Annually
EVS01526,"371 Cape Town Ave, Cape Town",DC Fast Charger,0.50,6:00-22:00,12.75,88,Greenlots,150,"Tesla, CHAdeMO",2014,Yes,3.6,2,Quarterly
EVS01527,"5409 Mexico City Ave, Mexico City",AC Level 2,0.10,6:00-22:00,3.29,61,EVgo,350,"CHAdeMO, Type 2",2012,No,3.6,10,Annually
EVS01528,"5633 Mumbai Ave, Mumbai",AC Level 2,0.23,6:00-22:00,7.63,95,Greenlots,50,CHAdeMO,2017,No,3.5,9,Quarterly
EVS01529,"4368 Sydney Ave, Sydney",AC Level 1,0.48,6:00-22:00,3.43,55,Ionity,150,"Type 2, CCS",2019,Yes,3.0,10,Annually
EVS01530,"4332 Mumbai Ave, Mumbai",AC Level 2,0.29,24/7,17.45,58,Tesla,50,"Type 2, CCS",2013,Yes,4.5,2,Annually
EVS01531,"3767 Random Rd, City 403, Country",AC Level 1,0.37,9:00-18:00,9.57,41,EVgo,350,"CHAdeMO, Type 2",2013,Yes,3.6,7,Annually
EVS01532,"3098 Moscow Ave, Moscow",DC Fast Charger,0.30,6:00-22:00,15.79,28,Tesla,50,Tesla,2016,Yes,4.0,4,Annually
EVS01533,"7072 Mumbai Ave, Mumbai",AC Level 2,0.19,9:00-18:00,9.88,75,EVgo,50,Type 2,2023,No,3.3,2,Monthly
EVS01534,"8954 São Paulo Ave, São Paulo",DC Fast Charger,0.49,6:00-22:00,12.34,18,EVgo,22,"CHAdeMO, Tesla",2014,No,4.4,3,Quarterly
EVS01535,"3729 Los Angeles Ave, Los Angeles",AC Level 2,0.32,24/7,14.68,70,EVgo,50,"CHAdeMO, Tesla",2016,Yes,3.4,10,Annually
EVS01536,"1167 São Paulo Ave, São Paulo",AC Level 1,0.26,24/7,17.70,52,Greenlots,50,Tesla,2015,Yes,4.6,10,Quarterly
EVS01537,"4779 Los Angeles Ave, Los Angeles",AC Level 1,0.45,24/7,17.25,49,EVgo,350,Tesla,2018,Yes,4.8,1,Annually
EVS01538,"4274 Bangkok Ave, Bangkok",AC Level 2,0.47,9:00-18:00,19.61,47,EVgo,50,"CHAdeMO, Type 2",2021,Yes,3.8,8,Annually
EVS01539,"9731 Bangkok Ave, Bangkok",AC Level 2,0.46,24/7,8.92,86,ChargePoint,150,Type 2,2010,Yes,3.9,5,Quarterly
EVS01540,"919 Bangkok Ave, Bangkok",DC Fast Charger,0.46,9:00-18:00,0.80,93,EVgo,150,CCS,2011,No,4.9,6,Monthly
EVS01541,"9893 Random Rd, City 426, Country",DC Fast Charger,0.35,6:00-22:00,5.84,29,Tesla,50,Tesla,2020,No,4.5,4,Quarterly
EVS01542,"2825 Seoul Ave, Seoul",AC Level 2,0.11,6:00-22:00,15.65,78,Greenlots,350,"Tesla, Type 2",2021,Yes,4.1,10,Annually
EVS01543,"4738 Cape Town Ave, Cape Town",DC Fast Charger,0.32,6:00-22:00,7.43,90,EVgo,350,Tesla,2014,No,4.1,7,Quarterly
EVS01544,"4517 Dubai Ave, Dubai",DC Fast Charger,0.28,24/7,16.11,11,Greenlots,150,Tesla,2019,Yes,4.1,1,Annually
EVS01545,"3188 São Paulo Ave, São Paulo",AC Level 1,0.39,24/7,19.38,62,Ionity,22,"Tesla, Type 2",2022,No,4.9,9,Quarterly
EVS01546,"933 Berlin Ave, Berlin",DC Fast Charger,0.30,6:00-22:00,13.15,20,Tesla,150,CCS,2011,No,4.6,4,Quarterly
EVS01547,"7345 Toronto Ave, Toronto",DC Fast Charger,0.27,9:00-18:00,9.19,86,EVgo,350,CCS,2020,No,4.5,7,Quarterly
EVS01548,"2316 Chicago Ave, Chicago",DC Fast Charger,0.17,6:00-22:00,17.78,33,Ionity,22,"CHAdeMO, Type 2",2019,No,4.9,2,Annually
EVS01549,"4589 Seoul Ave, Seoul",DC Fast Charger,0.48,9:00-18:00,5.16,39,EVgo,150,"Type 2, CCS",2022,No,4.5,1,Annually
EVS01550,"9065 Sydney Ave, Sydney",DC Fast Charger,0.34,6:00-22:00,9.19,26,Tesla,350,"CHAdeMO, CCS",2013,No,4.3,7,Quarterly
EVS01551,"4519 Random Rd, City 213, Country",AC Level 1,0.28,6:00-22:00,1.21,12,ChargePoint,50,Tesla,2014,No,3.9,8,Quarterly
EVS01552,"8097 Dubai Ave, Dubai",DC Fast Charger,0.26,6:00-22:00,13.67,83,Greenlots,22,Type 2,2017,Yes,4.5,7,Annually
EVS01553,"7977 Moscow Ave, Moscow",DC Fast Charger,0.25,24/7,17.24,96,Greenlots,50,CHAdeMO,2021,No,3.2,7,Quarterly
EVS01554,"1093 Seoul Ave, Seoul",DC Fast Charger,0.39,24/7,6.16,13,Ionity,150,"CCS, Tesla",2015,No,3.0,5,Annually
EVS01555,"770 Beijing Ave, Beijing",AC Level 1,0.19,6:00-22:00,0.50,45,ChargePoint,350,"Type 2, CCS",2021,Yes,5.0,7,Monthly
EVS01556,"3297 Chicago Ave, Chicago",AC Level 1,0.21,24/7,8.31,26,EVgo,350,Tesla,2011,Yes,3.9,8,Monthly
EVS01557,"7219 Moscow Ave, Moscow",AC Level 1,0.22,9:00-18:00,9.54,71,Greenlots,350,"Type 2, CHAdeMO",2017,No,3.8,7,Annually
EVS01558,"5854 San Francisco Ave, San Francisco",DC Fast Charger,0.12,9:00-18:00,6.71,96,Ionity,22,CCS,2015,Yes,4.2,4,Monthly
EVS01559,"7305 São Paulo Ave, São Paulo",AC Level 2,0.38,24/7,10.02,37,Greenlots,350,"Tesla, CCS",2016,Yes,3.1,9,Monthly
EVS01560,"8451 São Paulo Ave, São Paulo",DC Fast Charger,0.37,6:00-22:00,18.74,22,Ionity,350,CHAdeMO,2023,No,3.6,2,Quarterly
EVS01561,"6984 Random Rd, City 65, Country",AC Level 2,0.40,6:00-22:00,14.49,91,Greenlots,50,CHAdeMO,2019,Yes,3.5,7,Annually
EVS01562,"8860 Seoul Ave, Seoul",AC Level 2,0.11,6:00-22:00,4.13,70,Ionity,350,CCS,2013,Yes,4.0,1,Quarterly
EVS01563,"9497 Seoul Ave, Seoul",AC Level 2,0.40,6:00-22:00,5.88,96,Ionity,22,"Tesla, CCS",2018,Yes,3.6,9,Monthly
EVS01564,"4854 Sydney Ave, Sydney",AC Level 1,0.24,9:00-18:00,1.54,98,Tesla,150,Type 2,2015,Yes,5.0,3,Quarterly
EVS01565,"3418 Dubai Ave, Dubai",AC Level 2,0.37,24/7,19.44,82,EVgo,22,CHAdeMO,2021,No,4.1,3,Quarterly
EVS01566,"7060 Mexico City Ave, Mexico City",DC Fast Charger,0.31,24/7,3.98,84,Greenlots,150,Tesla,2017,No,3.2,3,Monthly
EVS01567,"8262 Toronto Ave, Toronto",AC Level 1,0.32,24/7,13.81,83,Tesla,50,Tesla,2014,Yes,3.4,8,Monthly
EVS01568,"632 Mumbai Ave, Mumbai",AC Level 1,0.41,6:00-22:00,10.25,30,Greenlots,50,Tesla,2012,No,3.3,2,Annually
EVS01569,"5782 Moscow Ave, Moscow",AC Level 2,0.22,6:00-22:00,9.45,15,Ionity,150,"Type 2, Tesla",2012,No,4.0,10,Quarterly
EVS01570,"9346 Bangkok Ave, Bangkok",AC Level 1,0.28,24/7,6.71,14,Ionity,50,Type 2,2023,Yes,4.1,5,Monthly
EVS01571,"4901 Random Rd, City 404, Country",DC Fast Charger,0.26,6:00-22:00,0.86,85,EVgo,22,"CHAdeMO, Tesla",2011,Yes,5.0,1,Quarterly
EVS01572,"6177 Bangkok Ave, Bangkok",DC Fast Charger,0.41,24/7,2.26,61,EVgo,350,"Tesla, CCS",2022,No,4.8,5,Quarterly
EVS01573,"6260 San Francisco Ave, San Francisco",DC Fast Charger,0.30,6:00-22:00,4.00,96,Tesla,150,Type 2,2011,Yes,4.9,5,Quarterly
EVS01574,"5260 Mexico City Ave, Mexico City",AC Level 1,0.23,9:00-18:00,18.47,47,Ionity,350,Tesla,2010,Yes,3.7,7,Quarterly
EVS01575,"128 Cape Town Ave, Cape Town",DC Fast Charger,0.46,6:00-22:00,2.40,61,Ionity,150,Type 2,2015,Yes,3.1,3,Annually
EVS01576,"9124 Beijing Ave, Beijing",AC Level 2,0.36,24/7,4.05,76,Tesla,150,Type 2,2013,No,4.3,10,Quarterly
EVS01577,"3022 Bangkok Ave, Bangkok",AC Level 2,0.25,9:00-18:00,17.12,32,Ionity,22,Type 2,2010,Yes,3.5,8,Annually
EVS01578,"7982 Los Angeles Ave, Los Angeles",AC Level 2,0.19,6:00-22:00,2.93,24,Ionity,50,"Type 2, CCS",2020,Yes,4.7,4,Quarterly
EVS01579,"7590 Cape Town Ave, Cape Town",DC Fast Charger,0.28,9:00-18:00,18.57,60,ChargePoint,50,"Type 2, CCS",2019,Yes,4.7,10,Monthly
EVS01580,"9864 São Paulo Ave, São Paulo",AC Level 1,0.28,24/7,4.52,24,Ionity,350,"Type 2, CHAdeMO",2021,Yes,3.4,8,Monthly
EVS01581,"4579 Random Rd, City 54, Country",AC Level 2,0.41,24/7,11.80,54,Tesla,350,"Tesla, CCS",2022,Yes,4.6,6,Quarterly
EVS01582,"1757 Moscow Ave, Moscow",AC Level 1,0.37,9:00-18:00,19.89,84,Tesla,150,Tesla,2013,No,4.9,10,Quarterly
EVS01583,"6037 Dubai Ave, Dubai",DC Fast Charger,0.49,9:00-18:00,14.19,16,ChargePoint,50,CCS,2015,Yes,4.9,1,Annually
EVS01584,"5566 Los Angeles Ave, Los Angeles",AC Level 2,0.32,24/7,4.82,40,Tesla,350,Tesla,2023,Yes,3.1,2,Quarterly
EVS01585,"8953 Chicago Ave, Chicago",DC Fast Charger,0.46,24/7,14.26,14,Ionity,22,"CCS, CHAdeMO",2023,No,3.5,4,Quarterly
EVS01586,"6367 Toronto Ave, Toronto",DC Fast Charger,0.49,9:00-18:00,14.15,32,EVgo,50,"CHAdeMO, Type 2",2013,No,3.1,5,Quarterly
EVS01587,"8239 Seoul Ave, Seoul",AC Level 1,0.27,9:00-18:00,16.60,65,ChargePoint,150,"CCS, Tesla",2020,Yes,4.3,6,Quarterly
EVS01588,"4065 Chicago Ave, Chicago",AC Level 1,0.38,9:00-18:00,15.13,24,Tesla,350,Tesla,2013,No,3.7,10,Annually
EVS01589,"8123 Berlin Ave, Berlin",AC Level 2,0.26,24/7,18.43,88,Ionity,22,"CHAdeMO, CCS",2014,Yes,3.1,7,Annually
EVS01590,"3939 Bangkok Ave, Bangkok",AC Level 2,0.34,24/7,14.53,13,Ionity,350,"Tesla, CCS",2022,Yes,3.7,1,Annually
EVS01591,"7165 Random Rd, City 208, Country",AC Level 2,0.27,24/7,5.12,12,ChargePoint,350,"Tesla, CCS",2021,Yes,3.4,2,Quarterly
EVS01592,"6339 Cape Town Ave, Cape Town",AC Level 2,0.30,9:00-18:00,2.93,76,ChargePoint,350,"CCS, Tesla",2018,Yes,4.4,6,Quarterly
EVS01593,"8716 Sydney Ave, Sydney",AC Level 1,0.36,9:00-18:00,9.37,51,EVgo,50,"Type 2, CCS",2015,No,3.4,10,Quarterly
EVS01594,"2734 São Paulo Ave, São Paulo",AC Level 1,0.21,24/7,17.15,31,EVgo,150,CCS,2010,No,3.3,1,Monthly
EVS01595,"5324 San Francisco Ave, San Francisco",AC Level 2,0.27,6:00-22:00,13.32,61,ChargePoint,350,"Tesla, CCS",2011,No,3.3,6,Quarterly
EVS01596,"1861 Berlin Ave, Berlin",DC Fast Charger,0.46,6:00-22:00,15.02,99,EVgo,50,"Type 2, CCS",2022,Yes,4.7,9,Quarterly
EVS01597,"1702 São Paulo Ave, São Paulo",DC Fast Charger,0.50,9:00-18:00,2.13,57,Tesla,150,"CCS, Type 2",2011,No,3.8,5,Monthly
EVS01598,"2383 São Paulo Ave, São Paulo",AC Level 2,0.49,6:00-22:00,15.40,90,Ionity,150,"CHAdeMO, Type 2",2023,Yes,3.8,3,Monthly
EVS01599,"5940 Seoul Ave, Seoul",AC Level 2,0.25,9:00-18:00,13.66,67,Tesla,22,Type 2,2018,Yes,3.2,5,Quarterly
EVS01600,"3222 Dubai Ave, Dubai",AC Level 2,0.33,9:00-18:00,8.25,65,ChargePoint,150,"CCS, Tesla",2018,Yes,4.2,9,Monthly
EVS01601,"968 Random Rd, City 260, Country",AC Level 2,0.35,24/7,8.97,60,ChargePoint,350,CCS,2015,Yes,3.6,6,Annually
EVS01602,"2854 Los Angeles Ave, Los Angeles",AC Level 2,0.41,9:00-18:00,14.57,98,EVgo,50,"CHAdeMO, CCS",2023,No,4.3,5,Annually
EVS01603,"9660 Mumbai Ave, Mumbai",DC Fast Charger,0.30,6:00-22:00,15.77,44,EVgo,50,Tesla,2022,No,3.1,7,Monthly
EVS01604,"2041 Beijing Ave, Beijing",AC Level 1,0.50,6:00-22:00,18.91,87,ChargePoint,22,Type 2,2011,Yes,4.5,8,Quarterly
EVS01605,"3343 San Francisco Ave, San Francisco",AC Level 1,0.23,9:00-18:00,16.16,23,Greenlots,350,"CHAdeMO, CCS",2020,No,3.2,9,Quarterly
EVS01606,"4980 Cape Town Ave, Cape Town",DC Fast Charger,0.45,9:00-18:00,2.09,74,Ionity,50,"CCS, CHAdeMO",2016,No,3.8,10,Annually
EVS01607,"9053 Los Angeles Ave, Los Angeles",AC Level 1,0.46,6:00-22:00,5.36,84,EVgo,350,Tesla,2018,Yes,3.5,6,Annually
EVS01608,"6440 San Francisco Ave, San Francisco",AC Level 2,0.42,9:00-18:00,18.06,96,ChargePoint,350,Tesla,2023,No,4.2,5,Quarterly
EVS01609,"5601 Dubai Ave, Dubai",AC Level 1,0.49,6:00-22:00,12.10,22,Greenlots,150,CCS,2020,Yes,3.5,1,Monthly
EVS01610,"4393 Mumbai Ave, Mumbai",AC Level 1,0.27,9:00-18:00,3.86,53,ChargePoint,150,Tesla,2013,No,3.3,5,Annually
EVS01611,"5170 Random Rd, City 224, Country",DC Fast Charger,0.20,24/7,17.69,76,EVgo,50,"Tesla, Type 2",2022,No,4.4,8,Annually
EVS01612,"8314 Cape Town Ave, Cape Town",DC Fast Charger,0.47,24/7,15.25,61,ChargePoint,50,CCS,2015,Yes,4.8,8,Monthly
EVS01613,"3783 Chicago Ave, Chicago",AC Level 1,0.38,24/7,5.50,54,Tesla,50,"CHAdeMO, Type 2",2013,Yes,4.1,3,Quarterly
EVS01614,"4946 Chicago Ave, Chicago",AC Level 2,0.30,6:00-22:00,1.06,23,ChargePoint,22,"Tesla, CHAdeMO",2015,No,3.9,6,Annually
EVS01615,"9517 Toronto Ave, Toronto",AC Level 1,0.19,9:00-18:00,9.60,77,ChargePoint,350,Type 2,2017,Yes,4.3,4,Monthly
EVS01616,"5538 Bangkok Ave, Bangkok",AC Level 2,0.16,9:00-18:00,13.87,89,Tesla,22,Type 2,2017,Yes,4.5,1,Monthly
EVS01617,"2302 Dubai Ave, Dubai",DC Fast Charger,0.34,9:00-18:00,14.69,85,Greenlots,22,CHAdeMO,2017,Yes,3.6,3,Monthly
EVS01618,"2394 Mexico City Ave, Mexico City",DC Fast Charger,0.41,9:00-18:00,1.03,30,Tesla,350,"CHAdeMO, CCS",2015,No,3.2,5,Annually
EVS01619,"8723 Toronto Ave, Toronto",DC Fast Charger,0.25,6:00-22:00,6.67,15,Greenlots,22,Type 2,2010,No,3.3,1,Quarterly
EVS01620,"5876 San Francisco Ave, San Francisco",AC Level 2,0.27,6:00-22:00,5.73,18,Ionity,22,"Type 2, CCS",2012,No,4.0,1,Quarterly
EVS01621,"9347 Random Rd, City 109, Country",AC Level 1,0.22,24/7,8.59,72,Tesla,350,Type 2,2020,Yes,4.9,6,Quarterly
EVS01622,"8148 Seoul Ave, Seoul",DC Fast Charger,0.49,24/7,9.13,70,EVgo,150,"Type 2, CCS",2012,No,3.1,4,Annually
EVS01623,"547 Mumbai Ave, Mumbai",AC Level 1,0.38,24/7,0.53,55,Tesla,150,Type 2,2015,Yes,4.1,2,Monthly
EVS01624,"1038 Berlin Ave, Berlin",AC Level 1,0.40,6:00-22:00,7.10,44,Tesla,50,"CHAdeMO, Tesla",2010,Yes,3.6,6,Quarterly
EVS01625,"8842 Los Angeles Ave, Los Angeles",AC Level 2,0.26,9:00-18:00,7.36,55,EVgo,150,CCS,2023,No,4.5,8,Monthly
EVS01626,"9582 Moscow Ave, Moscow",AC Level 2,0.38,9:00-18:00,18.78,25,ChargePoint,22,"Tesla, CCS",2015,Yes,3.8,7,Annually
EVS01627,"8977 Mumbai Ave, Mumbai",AC Level 1,0.42,24/7,13.54,26,Tesla,350,CHAdeMO,2014,No,4.9,5,Monthly
EVS01628,"2904 Los Angeles Ave, Los Angeles",DC Fast Charger,0.16,24/7,2.23,59,Ionity,50,Type 2,2013,Yes,4.7,10,Annually
EVS01629,"5641 Seoul Ave, Seoul",AC Level 1,0.43,24/7,10.11,92,Tesla,350,"CCS, Type 2",2023,No,4.4,1,Monthly
EVS01630,"1489 Bangkok Ave, Bangkok",AC Level 1,0.25,6:00-22:00,19.96,26,Tesla,50,"CHAdeMO, Tesla",2021,Yes,4.6,3,Annually
EVS01631,"2212 Random Rd, City 453, Country",AC Level 1,0.34,24/7,17.36,60,ChargePoint,22,"Tesla, Type 2",2016,Yes,4.2,9,Monthly
EVS01632,"8920 Berlin Ave, Berlin",AC Level 1,0.45,9:00-18:00,5.21,19,ChargePoint,50,CHAdeMO,2014,Yes,4.4,5,Monthly
EVS01633,"4410 Dubai Ave, Dubai",AC Level 1,0.47,9:00-18:00,15.08,98,Ionity,50,"Tesla, Type 2",2017,No,4.1,1,Annually
EVS01634,"8415 São Paulo Ave, São Paulo",AC Level 2,0.15,24/7,18.83,62,ChargePoint,150,"Tesla, CHAdeMO",2015,No,3.1,6,Quarterly
EVS01635,"5954 Cape Town Ave, Cape Town",AC Level 2,0.19,9:00-18:00,17.60,81,Greenlots,22,CCS,2010,Yes,4.1,3,Annually
EVS01636,"9791 Toronto Ave, Toronto",AC Level 2,0.24,6:00-22:00,10.80,17,EVgo,22,"CCS, Type 2",2015,Yes,4.8,6,Quarterly
EVS01637,"2566 Cape Town Ave, Cape Town",AC Level 2,0.25,24/7,9.34,45,Greenlots,50,Type 2,2020,No,3.2,7,Monthly
EVS01638,"7079 Mexico City Ave, Mexico City",DC Fast Charger,0.44,24/7,11.68,94,Ionity,350,"Type 2, CCS",2018,Yes,3.0,7,Annually
EVS01639,"6464 Los Angeles Ave, Los Angeles",AC Level 2,0.44,6:00-22:00,8.57,39,EVgo,350,Type 2,2011,Yes,4.1,8,Monthly
EVS01640,"5644 São Paulo Ave, São Paulo",DC Fast Charger,0.28,9:00-18:00,10.26,96,Greenlots,22,CCS,2020,No,4.3,5,Annually
EVS01641,"8910 Random Rd, City 480, Country",AC Level 2,0.25,9:00-18:00,7.73,70,Tesla,150,"CHAdeMO, Type 2",2019,Yes,4.3,6,Monthly
EVS01642,"4947 Mexico City Ave, Mexico City",DC Fast Charger,0.30,9:00-18:00,12.61,36,Ionity,350,CHAdeMO,2018,No,4.3,8,Monthly
EVS01643,"2015 Sydney Ave, Sydney",DC Fast Charger,0.13,6:00-22:00,18.37,54,EVgo,22,"Type 2, CHAdeMO",2019,Yes,3.8,8,Monthly
EVS01644,"5564 Los Angeles Ave, Los Angeles",DC Fast Charger,0.17,24/7,15.53,35,ChargePoint,350,CHAdeMO,2022,No,4.6,8,Monthly
EVS01645,"8233 Mumbai Ave, Mumbai",DC Fast Charger,0.22,9:00-18:00,8.93,39,Greenlots,50,Type 2,2011,Yes,4.3,4,Annually
EVS01646,"7783 Mumbai Ave, Mumbai",AC Level 2,0.23,9:00-18:00,10.62,94,EVgo,22,"CHAdeMO, Type 2",2012,Yes,4.1,8,Annually
EVS01647,"5351 Berlin Ave, Berlin",DC Fast Charger,0.25,9:00-18:00,15.99,70,ChargePoint,50,"Type 2, CHAdeMO",2021,No,3.8,4,Quarterly
EVS01648,"6504 Moscow Ave, Moscow",AC Level 2,0.49,24/7,1.61,21,Tesla,350,"CCS, Tesla",2023,Yes,4.5,5,Annually
EVS01649,"2484 São Paulo Ave, São Paulo",DC Fast Charger,0.49,9:00-18:00,14.18,11,ChargePoint,50,"CCS, Tesla",2018,Yes,4.3,7,Quarterly
EVS01650,"6473 Mumbai Ave, Mumbai",DC Fast Charger,0.21,9:00-18:00,9.65,76,Tesla,150,Tesla,2011,Yes,3.1,5,Quarterly
EVS01651,"1773 Random Rd, City 171, Country",DC Fast Charger,0.48,6:00-22:00,18.83,39,Greenlots,150,Tesla,2023,Yes,4.9,2,Annually
EVS01652,"700 Cape Town Ave, Cape Town",DC Fast Charger,0.44,9:00-18:00,3.32,89,Tesla,150,CCS,2010,Yes,3.8,6,Quarterly
EVS01653,"9460 Seoul Ave, Seoul",AC Level 2,0.17,9:00-18:00,4.67,89,Greenlots,22,"CCS, Type 2",2018,Yes,4.7,6,Quarterly
EVS01654,"8426 Bangkok Ave, Bangkok",AC Level 2,0.44,24/7,14.50,67,Greenlots,350,Type 2,2017,No,3.8,10,Monthly
EVS01655,"7658 Mexico City Ave, Mexico City",DC Fast Charger,0.43,9:00-18:00,7.08,52,ChargePoint,150,Tesla,2016,No,4.9,9,Quarterly
EVS01656,"9619 São Paulo Ave, São Paulo",AC Level 2,0.32,6:00-22:00,8.59,89,ChargePoint,50,"Type 2, CCS",2020,No,4.1,10,Quarterly
EVS01657,"8453 Toronto Ave, Toronto",AC Level 1,0.38,24/7,13.10,50,EVgo,22,CHAdeMO,2018,Yes,4.3,7,Annually
EVS01658,"2508 Sydney Ave, Sydney",DC Fast Charger,0.37,9:00-18:00,12.39,33,EVgo,22,Type 2,2020,No,3.3,8,Annually
EVS01659,"2209 Seoul Ave, Seoul",AC Level 2,0.41,24/7,6.36,95,ChargePoint,150,"Tesla, CCS",2011,No,3.4,6,Quarterly
EVS01660,"2968 Berlin Ave, Berlin",DC Fast Charger,0.19,24/7,19.86,30,Ionity,50,"CHAdeMO, Tesla",2011,Yes,3.8,6,Quarterly
EVS01661,"174 Random Rd, City 144, Country",AC Level 2,0.18,24/7,4.14,32,ChargePoint,150,Type 2,2016,No,3.4,10,Quarterly
EVS01662,"2360 Cape Town Ave, Cape Town",AC Level 1,0.38,9:00-18:00,6.13,18,Greenlots,22,"CCS, Tesla",2017,No,3.8,8,Monthly
EVS01663,"2322 Toronto Ave, Toronto",DC Fast Charger,0.33,6:00-22:00,8.11,35,Ionity,150,"CHAdeMO, Type 2",2013,No,4.2,1,Quarterly
EVS01664,"3761 Mumbai Ave, Mumbai",DC Fast Charger,0.31,24/7,12.62,84,Ionity,350,"Type 2, CHAdeMO",2013,Yes,3.8,1,Monthly
EVS01665,"1810 Bangkok Ave, Bangkok",AC Level 2,0.32,6:00-22:00,9.78,77,ChargePoint,350,CHAdeMO,2014,No,4.7,6,Annually
EVS01666,"181 Sydney Ave, Sydney",AC Level 1,0.48,24/7,7.11,86,Tesla,22,"Tesla, CCS",2011,Yes,3.4,4,Annually
EVS01667,"5499 Beijing Ave, Beijing",AC Level 1,0.27,24/7,3.70,32,Greenlots,350,"CCS, Tesla",2017,No,4.1,6,Annually
EVS01668,"3882 Berlin Ave, Berlin",AC Level 2,0.49,6:00-22:00,17.52,78,Greenlots,50,CHAdeMO,2022,Yes,3.7,5,Annually
EVS01669,"2836 Los Angeles Ave, Los Angeles",DC Fast Charger,0.45,24/7,16.97,83,Tesla,50,CHAdeMO,2015,Yes,4.7,1,Annually
EVS01670,"6846 Moscow Ave, Moscow",DC Fast Charger,0.45,6:00-22:00,14.96,75,EVgo,50,"CCS, CHAdeMO",2013,Yes,3.7,1,Monthly
EVS01671,"6862 Random Rd, City 10, Country",DC Fast Charger,0.21,24/7,11.73,69,Tesla,150,"CCS, Tesla",2014,Yes,5.0,6,Quarterly
EVS01672,"3952 São Paulo Ave, São Paulo",DC Fast Charger,0.34,6:00-22:00,1.95,11,Ionity,350,"CCS, CHAdeMO",2016,Yes,4.0,1,Quarterly
EVS01673,"8576 Moscow Ave, Moscow",AC Level 2,0.40,24/7,10.66,37,Ionity,22,"CCS, Tesla",2016,No,4.2,4,Annually
EVS01674,"8471 Mumbai Ave, Mumbai",AC Level 1,0.30,9:00-18:00,15.64,56,EVgo,50,"CHAdeMO, Tesla",2013,Yes,4.5,7,Quarterly
EVS01675,"6199 Berlin Ave, Berlin",AC Level 2,0.15,9:00-18:00,6.13,53,Ionity,350,"CCS, Tesla",2020,No,3.9,5,Monthly
EVS01676,"9857 São Paulo Ave, São Paulo",AC Level 2,0.21,6:00-22:00,16.36,12,EVgo,150,"CHAdeMO, Type 2",2020,No,4.8,9,Monthly
EVS01677,"2993 São Paulo Ave, São Paulo",DC Fast Charger,0.28,24/7,11.85,44,ChargePoint,150,CCS,2013,Yes,3.3,10,Quarterly
EVS01678,"8387 Bangkok Ave, Bangkok",DC Fast Charger,0.18,6:00-22:00,18.84,74,Tesla,22,Type 2,2022,Yes,4.6,2,Monthly
EVS01679,"2322 São Paulo Ave, São Paulo",AC Level 1,0.37,9:00-18:00,17.77,73,EVgo,22,"CCS, Tesla",2015,No,3.1,1,Annually
EVS01680,"3251 São Paulo Ave, São Paulo",AC Level 1,0.10,24/7,19.39,65,ChargePoint,150,CCS,2021,Yes,3.1,4,Monthly
EVS01681,"9084 Random Rd, City 233, Country",AC Level 2,0.24,24/7,6.65,93,Greenlots,150,"CHAdeMO, Type 2",2015,No,4.8,10,Quarterly
EVS01682,"6878 Seoul Ave, Seoul",AC Level 2,0.42,6:00-22:00,17.72,11,Ionity,150,"Tesla, CCS",2014,No,4.5,5,Quarterly
EVS01683,"5760 Bangkok Ave, Bangkok",AC Level 2,0.14,9:00-18:00,10.67,21,Greenlots,350,CCS,2013,Yes,3.5,6,Monthly
EVS01684,"6665 San Francisco Ave, San Francisco",DC Fast Charger,0.13,9:00-18:00,18.46,96,Ionity,150,"Tesla, CHAdeMO",2015,No,4.1,9,Quarterly
EVS01685,"6282 Moscow Ave, Moscow",DC Fast Charger,0.39,9:00-18:00,15.00,60,Tesla,150,"CCS, Type 2",2011,Yes,3.6,9,Quarterly
EVS01686,"2846 Beijing Ave, Beijing",DC Fast Charger,0.38,9:00-18:00,11.02,29,Ionity,350,"Tesla, Type 2",2018,Yes,3.3,8,Quarterly
EVS01687,"1367 Cape Town Ave, Cape Town",DC Fast Charger,0.28,9:00-18:00,9.90,92,EVgo,50,Type 2,2023,Yes,3.3,3,Quarterly
EVS01688,"1101 Los Angeles Ave, Los Angeles",AC Level 2,0.48,6:00-22:00,6.25,71,EVgo,350,"Type 2, CHAdeMO",2019,Yes,4.1,7,Monthly
EVS01689,"4371 San Francisco Ave, San Francisco",AC Level 2,0.32,6:00-22:00,1.48,38,Greenlots,50,"Tesla, CCS",2016,Yes,3.6,2,Annually
EVS01690,"5858 Dubai Ave, Dubai",DC Fast Charger,0.24,6:00-22:00,3.40,65,Ionity,350,"CHAdeMO, CCS",2014,No,4.8,5,Annually
EVS01691,"8659 Random Rd, City 163, Country",AC Level 2,0.31,9:00-18:00,13.53,37,Ionity,22,CHAdeMO,2010,Yes,4.8,4,Quarterly
EVS01692,"8295 Dubai Ave, Dubai",AC Level 1,0.26,9:00-18:00,1.15,81,Greenlots,350,"Tesla, CHAdeMO",2013,Yes,3.3,5,Annually
EVS01693,"7127 São Paulo Ave, São Paulo",AC Level 1,0.29,9:00-18:00,2.22,10,Tesla,22,"Tesla, CCS",2012,No,4.4,2,Quarterly
EVS01694,"1395 Dubai Ave, Dubai",AC Level 1,0.10,9:00-18:00,9.33,86,Ionity,150,"Tesla, CCS",2021,Yes,3.1,4,Annually
EVS01695,"3894 Chicago Ave, Chicago",AC Level 1,0.12,24/7,5.84,99,Ionity,50,CHAdeMO,2012,Yes,3.8,1,Quarterly
EVS01696,"4021 Moscow Ave, Moscow",AC Level 1,0.34,6:00-22:00,8.64,91,ChargePoint,22,CHAdeMO,2014,Yes,4.9,4,Annually
EVS01697,"2684 Mumbai Ave, Mumbai",AC Level 1,0.31,9:00-18:00,1.16,21,Tesla,150,"CHAdeMO, CCS",2021,No,3.4,2,Monthly
EVS01698,"8308 Dubai Ave, Dubai",AC Level 2,0.48,6:00-22:00,2.07,11,Tesla,22,Tesla,2022,No,4.4,5,Quarterly
EVS01699,"3245 Bangkok Ave, Bangkok",DC Fast Charger,0.42,6:00-22:00,4.90,17,Tesla,50,"Type 2, CCS",2013,No,4.1,6,Annually
EVS01700,"492 Cape Town Ave, Cape Town",AC Level 1,0.23,9:00-18:00,8.09,90,EVgo,22,Type 2,2013,No,4.1,8,Monthly
EVS01701,"8963 Random Rd, City 80, Country",AC Level 2,0.46,24/7,9.80,88,EVgo,50,CHAdeMO,2019,Yes,4.3,2,Annually
EVS01702,"4537 Dubai Ave, Dubai",DC Fast Charger,0.13,24/7,12.30,42,Tesla,350,"Tesla, Type 2",2013,Yes,3.1,10,Quarterly
EVS01703,"2419 São Paulo Ave, São Paulo",AC Level 1,0.36,24/7,0.78,13,Greenlots,22,"Tesla, CCS",2022,No,4.0,6,Annually
EVS01704,"3527 San Francisco Ave, San Francisco",DC Fast Charger,0.33,9:00-18:00,9.99,88,ChargePoint,50,CCS,2011,Yes,5.0,4,Annually
EVS01705,"2609 Sydney Ave, Sydney",AC Level 1,0.46,6:00-22:00,14.98,41,ChargePoint,150,"Tesla, Type 2",2019,No,3.2,9,Monthly
EVS01706,"2733 Mexico City Ave, Mexico City",AC Level 1,0.27,9:00-18:00,15.05,21,Ionity,150,"CCS, CHAdeMO",2023,No,3.5,1,Quarterly
EVS01707,"2459 Los Angeles Ave, Los Angeles",AC Level 1,0.40,6:00-22:00,13.84,43,Greenlots,50,"CCS, Tesla",2019,No,3.1,5,Quarterly
EVS01708,"1853 Mumbai Ave, Mumbai",AC Level 2,0.26,9:00-18:00,12.15,37,ChargePoint,150,Tesla,2018,Yes,4.4,6,Monthly
EVS01709,"2561 Mumbai Ave, Mumbai",AC Level 2,0.23,6:00-22:00,10.45,42,EVgo,22,"CHAdeMO, Tesla",2016,Yes,4.9,10,Annually
EVS01710,"1088 Chicago Ave, Chicago",AC Level 2,0.35,6:00-22:00,4.57,95,Ionity,22,"CHAdeMO, CCS",2016,Yes,4.1,5,Quarterly
EVS01711,"7350 Random Rd, City 169, Country",AC Level 1,0.24,6:00-22:00,1.99,22,Tesla,22,Tesla,2013,No,4.5,9,Annually
EVS01712,"142 Los Angeles Ave, Los Angeles",AC Level 2,0.15,9:00-18:00,9.47,11,EVgo,350,Type 2,2020,Yes,3.1,5,Annually
EVS01713,"5938 São Paulo Ave, São Paulo",AC Level 2,0.11,9:00-18:00,0.69,88,EVgo,350,"CHAdeMO, CCS",2021,Yes,4.9,1,Annually
EVS01714,"6394 Mumbai Ave, Mumbai",AC Level 1,0.19,9:00-18:00,10.43,83,Ionity,22,CHAdeMO,2019,Yes,3.3,2,Quarterly
EVS01715,"6295 Los Angeles Ave, Los Angeles",AC Level 1,0.39,6:00-22:00,14.75,52,Tesla,150,Type 2,2013,No,3.5,6,Monthly
EVS01716,"1462 Sydney Ave, Sydney",AC Level 2,0.25,6:00-22:00,5.21,18,Ionity,22,Tesla,2019,No,4.3,9,Annually
EVS01717,"1503 Los Angeles Ave, Los Angeles",AC Level 1,0.12,24/7,16.30,65,Greenlots,150,Type 2,2010,No,4.2,4,Annually
EVS01718,"4267 Chicago Ave, Chicago",AC Level 2,0.27,9:00-18:00,7.59,68,Tesla,50,"Type 2, Tesla",2016,Yes,4.7,6,Quarterly
EVS01719,"2494 Berlin Ave, Berlin",AC Level 1,0.18,6:00-22:00,16.46,61,EVgo,22,"CHAdeMO, CCS",2023,No,3.2,1,Monthly
EVS01720,"9690 Mexico City Ave, Mexico City",AC Level 1,0.42,6:00-22:00,14.82,72,Ionity,350,"CCS, Type 2",2020,Yes,3.5,4,Monthly
EVS01721,"6208 Random Rd, City 173, Country",DC Fast Charger,0.32,9:00-18:00,11.97,89,Ionity,150,Tesla,2020,Yes,3.5,4,Annually
EVS01722,"4151 Los Angeles Ave, Los Angeles",AC Level 2,0.22,24/7,11.47,37,Ionity,350,CCS,2014,Yes,3.1,5,Monthly
EVS01723,"742 Mumbai Ave, Mumbai",AC Level 2,0.31,24/7,0.77,64,Ionity,50,CCS,2019,No,4.3,8,Monthly
EVS01724,"4316 Mumbai Ave, Mumbai",AC Level 2,0.26,6:00-22:00,8.19,36,ChargePoint,350,"Type 2, Tesla",2019,Yes,3.6,10,Annually
EVS01725,"2626 Bangkok Ave, Bangkok",AC Level 2,0.39,9:00-18:00,18.44,71,ChargePoint,150,CHAdeMO,2023,No,4.9,3,Quarterly
EVS01726,"4187 Dubai Ave, Dubai",DC Fast Charger,0.40,6:00-22:00,18.67,23,Tesla,350,"Tesla, Type 2",2022,No,4.7,4,Annually
EVS01727,"6884 Seoul Ave, Seoul",DC Fast Charger,0.28,24/7,2.90,23,ChargePoint,22,"Type 2, CHAdeMO",2023,No,4.3,9,Quarterly
EVS01728,"9596 Mumbai Ave, Mumbai",DC Fast Charger,0.22,6:00-22:00,2.94,52,Tesla,350,Type 2,2015,No,3.5,7,Monthly
EVS01729,"6304 Mexico City Ave, Mexico City",AC Level 2,0.30,6:00-22:00,2.97,44,EVgo,22,CCS,2013,No,4.2,8,Quarterly
EVS01730,"3724 Seoul Ave, Seoul",AC Level 2,0.21,6:00-22:00,17.85,58,Tesla,150,CCS,2014,Yes,3.3,8,Quarterly
EVS01731,"3196 Random Rd, City 76, Country",AC Level 2,0.31,9:00-18:00,13.74,23,EVgo,150,"Type 2, CHAdeMO",2011,No,3.2,9,Monthly
EVS01732,"5284 Mexico City Ave, Mexico City",DC Fast Charger,0.32,24/7,15.54,53,Tesla,50,Tesla,2023,Yes,3.5,2,Quarterly
EVS01733,"9724 San Francisco Ave, San Francisco",AC Level 1,0.29,24/7,4.21,98,EVgo,350,CCS,2016,Yes,3.8,6,Quarterly
EVS01734,"6386 Bangkok Ave, Bangkok",AC Level 1,0.24,24/7,12.27,27,Ionity,350,"CCS, CHAdeMO",2010,No,4.5,3,Quarterly
EVS01735,"4140 Chicago Ave, Chicago",AC Level 2,0.13,24/7,0.64,30,Ionity,50,Type 2,2013,No,4.5,6,Annually
EVS01736,"3100 Mexico City Ave, Mexico City",AC Level 1,0.12,9:00-18:00,10.87,80,Tesla,22,CCS,2022,Yes,3.5,1,Quarterly
EVS01737,"5609 Mexico City Ave, Mexico City",AC Level 1,0.32,9:00-18:00,7.82,52,ChargePoint,150,Tesla,2022,No,3.9,7,Monthly
EVS01738,"6988 Mexico City Ave, Mexico City",DC Fast Charger,0.28,9:00-18:00,4.81,26,Greenlots,350,"CHAdeMO, Tesla",2022,Yes,4.2,9,Monthly
EVS01739,"3423 Toronto Ave, Toronto",AC Level 2,0.33,9:00-18:00,19.42,12,Greenlots,350,"Tesla, CCS",2021,No,4.9,6,Quarterly
EVS01740,"3452 Mexico City Ave, Mexico City",AC Level 1,0.27,24/7,13.31,59,Greenlots,350,"CHAdeMO, CCS",2019,No,4.0,8,Monthly
EVS01741,"7465 Random Rd, City 467, Country",AC Level 2,0.11,6:00-22:00,18.29,75,EVgo,350,CCS,2018,Yes,4.6,8,Annually
EVS01742,"6936 São Paulo Ave, São Paulo",AC Level 2,0.31,24/7,15.62,40,ChargePoint,150,CHAdeMO,2012,No,3.2,6,Annually
EVS01743,"1855 Cape Town Ave, Cape Town",DC Fast Charger,0.11,9:00-18:00,17.38,87,Greenlots,50,"CHAdeMO, CCS",2023,No,3.7,1,Quarterly
EVS01744,"8880 San Francisco Ave, San Francisco",DC Fast Charger,0.32,24/7,2.68,77,Greenlots,22,Type 2,2015,No,3.7,9,Quarterly
EVS01745,"1556 São Paulo Ave, São Paulo",AC Level 2,0.20,24/7,16.38,65,EVgo,350,"Type 2, CCS",2018,Yes,4.9,1,Monthly
EVS01746,"7832 Dubai Ave, Dubai",AC Level 2,0.45,9:00-18:00,1.91,48,Tesla,150,CHAdeMO,2010,No,3.1,7,Monthly
EVS01747,"6579 São Paulo Ave, São Paulo",DC Fast Charger,0.41,24/7,10.84,37,Greenlots,50,"CCS, Type 2",2021,Yes,3.0,8,Annually
EVS01748,"9974 Mexico City Ave, Mexico City",DC Fast Charger,0.19,24/7,6.03,43,Ionity,150,"Type 2, Tesla",2010,Yes,3.0,4,Monthly
EVS01749,"1567 Cape Town Ave, Cape Town",AC Level 2,0.22,9:00-18:00,5.77,58,EVgo,150,CCS,2011,No,3.7,10,Monthly
EVS01750,"3569 Berlin Ave, Berlin",DC Fast Charger,0.48,9:00-18:00,3.55,89,Greenlots,22,Type 2,2022,No,4.5,10,Quarterly
EVS01751,"5116 Random Rd, City 360, Country",AC Level 1,0.23,24/7,14.40,48,Ionity,22,CHAdeMO,2015,Yes,3.1,6,Annually
EVS01752,"5620 Berlin Ave, Berlin",AC Level 1,0.45,24/7,19.02,35,ChargePoint,350,"Type 2, Tesla",2015,Yes,3.3,3,Quarterly
EVS01753,"6639 São Paulo Ave, São Paulo",AC Level 2,0.34,24/7,12.27,13,Tesla,150,"Type 2, Tesla",2019,Yes,3.3,7,Quarterly
EVS01754,"9588 Chicago Ave, Chicago",DC Fast Charger,0.23,6:00-22:00,3.41,78,Tesla,22,"Type 2, CHAdeMO",2010,No,4.0,9,Monthly
EVS01755,"2177 Mexico City Ave, Mexico City",AC Level 2,0.34,24/7,12.53,76,Tesla,350,"CHAdeMO, Type 2",2021,No,5.0,7,Annually
EVS01756,"1768 Mumbai Ave, Mumbai",AC Level 1,0.22,6:00-22:00,10.42,28,ChargePoint,150,Type 2,2023,Yes,3.2,7,Monthly
EVS01757,"9472 Mexico City Ave, Mexico City",DC Fast Charger,0.13,24/7,5.20,77,EVgo,22,"CHAdeMO, Tesla",2017,Yes,4.2,8,Annually
EVS01758,"9133 São Paulo Ave, São Paulo",AC Level 1,0.37,24/7,17.16,27,Ionity,150,"Type 2, CCS",2010,No,4.7,8,Annually
EVS01759,"1540 São Paulo Ave, São Paulo",AC Level 1,0.48,6:00-22:00,3.98,85,Greenlots,350,CCS,2015,Yes,4.9,5,Quarterly
EVS01760,"7324 Mexico City Ave, Mexico City",DC Fast Charger,0.45,6:00-22:00,15.69,60,ChargePoint,22,CHAdeMO,2020,Yes,4.7,3,Annually
EVS01761,"7330 Random Rd, City 72, Country",DC Fast Charger,0.49,24/7,6.12,42,ChargePoint,50,Tesla,2021,No,4.7,2,Quarterly
EVS01762,"4380 Seoul Ave, Seoul",DC Fast Charger,0.19,9:00-18:00,18.54,29,Tesla,150,CCS,2015,Yes,3.5,2,Annually
EVS01763,"144 Mexico City Ave, Mexico City",AC Level 2,0.21,6:00-22:00,12.96,16,Greenlots,150,Tesla,2023,Yes,3.8,5,Annually
EVS01764,"2721 Toronto Ave, Toronto",AC Level 2,0.49,9:00-18:00,16.71,77,EVgo,350,"Type 2, CCS",2023,Yes,4.7,9,Quarterly
EVS01765,"8362 Chicago Ave, Chicago",AC Level 2,0.30,6:00-22:00,5.86,81,ChargePoint,150,Type 2,2011,No,4.6,1,Annually
EVS01766,"3405 Beijing Ave, Beijing",AC Level 2,0.38,24/7,0.71,92,Greenlots,150,"Tesla, CCS",2015,No,4.5,7,Monthly
EVS01767,"9030 Sydney Ave, Sydney",AC Level 1,0.12,24/7,3.85,18,Greenlots,150,CHAdeMO,2015,No,3.2,2,Annually
EVS01768,"4069 Mexico City Ave, Mexico City",AC Level 2,0.40,6:00-22:00,3.05,44,Greenlots,50,CCS,2012,No,3.2,4,Annually
EVS01769,"1436 Moscow Ave, Moscow",AC Level 1,0.27,6:00-22:00,1.01,70,Ionity,350,CCS,2011,No,3.4,10,Monthly
EVS01770,"5253 Seoul Ave, Seoul",AC Level 2,0.41,24/7,17.71,20,Tesla,150,"Type 2, Tesla",2010,No,4.1,10,Monthly
EVS01771,"5250 Random Rd, City 283, Country",DC Fast Charger,0.29,24/7,4.73,58,ChargePoint,22,CCS,2013,Yes,4.6,3,Monthly
EVS01772,"5444 Toronto Ave, Toronto",AC Level 2,0.25,6:00-22:00,14.11,46,ChargePoint,350,CHAdeMO,2011,No,3.6,6,Quarterly
EVS01773,"525 Seoul Ave, Seoul",AC Level 1,0.37,6:00-22:00,18.15,74,Tesla,50,CHAdeMO,2015,No,3.8,3,Quarterly
EVS01774,"4261 Moscow Ave, Moscow",DC Fast Charger,0.32,24/7,5.92,70,Tesla,350,Type 2,2015,No,3.9,1,Annually
EVS01775,"3385 São Paulo Ave, São Paulo",AC Level 1,0.43,9:00-18:00,11.30,50,ChargePoint,50,Type 2,2017,No,4.0,9,Quarterly
EVS01776,"970 San Francisco Ave, San Francisco",AC Level 2,0.14,9:00-18:00,13.95,11,Ionity,350,"Type 2, CHAdeMO",2018,No,4.3,8,Monthly
EVS01777,"3081 Chicago Ave, Chicago",AC Level 2,0.24,24/7,7.81,99,Greenlots,22,"CHAdeMO, Tesla",2017,Yes,4.1,9,Monthly
EVS01778,"9034 Cape Town Ave, Cape Town",DC Fast Charger,0.20,6:00-22:00,15.59,93,Tesla,50,Tesla,2014,No,3.3,2,Monthly
EVS01779,"6668 São Paulo Ave, São Paulo",AC Level 1,0.40,6:00-22:00,13.09,23,Ionity,50,"CCS, Tesla",2017,No,4.8,6,Monthly
EVS01780,"9953 Dubai Ave, Dubai",DC Fast Charger,0.33,24/7,8.90,72,Greenlots,50,"Type 2, CHAdeMO",2019,Yes,4.5,10,Monthly
EVS01781,"5539 Random Rd, City 302, Country",DC Fast Charger,0.26,9:00-18:00,19.94,69,Ionity,22,"Tesla, Type 2",2019,No,5.0,10,Annually
EVS01782,"9336 Mumbai Ave, Mumbai",AC Level 2,0.43,24/7,12.17,86,Ionity,350,Tesla,2022,Yes,3.6,3,Monthly
EVS01783,"3444 Bangkok Ave, Bangkok",AC Level 2,0.19,6:00-22:00,6.15,96,Tesla,50,"Type 2, CCS",2018,No,4.7,10,Quarterly
EVS01784,"4198 Bangkok Ave, Bangkok",DC Fast Charger,0.45,6:00-22:00,9.62,64,Ionity,350,"Tesla, CHAdeMO",2022,Yes,4.3,5,Monthly
EVS01785,"1481 Mumbai Ave, Mumbai",AC Level 1,0.17,9:00-18:00,11.92,27,Ionity,150,"Type 2, CHAdeMO",2021,Yes,4.5,6,Quarterly
EVS01786,"4113 Sydney Ave, Sydney",AC Level 2,0.41,24/7,14.12,88,EVgo,50,"Tesla, CHAdeMO",2013,Yes,3.1,8,Annually
EVS01787,"5907 Beijing Ave, Beijing",AC Level 2,0.19,9:00-18:00,4.17,87,ChargePoint,50,Type 2,2010,Yes,4.3,9,Quarterly
EVS01788,"1275 Berlin Ave, Berlin",AC Level 1,0.16,6:00-22:00,11.97,27,Tesla,150,CHAdeMO,2015,No,3.2,3,Annually
EVS01789,"6266 São Paulo Ave, São Paulo",DC Fast Charger,0.40,9:00-18:00,19.13,27,Ionity,150,"CHAdeMO, Tesla",2011,No,4.7,9,Annually
EVS01790,"7949 San Francisco Ave, San Francisco",AC Level 1,0.47,9:00-18:00,9.37,27,Greenlots,22,"Tesla, CHAdeMO",2017,No,3.6,7,Monthly
EVS01791,"1680 Random Rd, City 286, Country",AC Level 2,0.46,24/7,8.08,31,ChargePoint,150,"CCS, Type 2",2014,Yes,3.6,2,Monthly
EVS01792,"6094 Seoul Ave, Seoul",AC Level 2,0.23,9:00-18:00,6.87,27,Tesla,50,CHAdeMO,2019,Yes,5.0,9,Monthly
EVS01793,"3879 San Francisco Ave, San Francisco",AC Level 2,0.17,6:00-22:00,3.39,22,Tesla,50,CHAdeMO,2021,Yes,3.9,5,Monthly
EVS01794,"1285 Dubai Ave, Dubai",DC Fast Charger,0.34,9:00-18:00,3.20,33,Ionity,50,Type 2,2022,No,4.3,4,Monthly
EVS01795,"9260 Los Angeles Ave, Los Angeles",AC Level 2,0.34,24/7,19.32,66,Tesla,150,"Type 2, CCS",2018,Yes,3.1,1,Annually
EVS01796,"7848 Bangkok Ave, Bangkok",AC Level 2,0.47,6:00-22:00,14.98,13,Ionity,350,CCS,2015,Yes,4.6,9,Annually
EVS01797,"7017 São Paulo Ave, São Paulo",AC Level 2,0.34,9:00-18:00,16.69,55,Greenlots,150,"CCS, Tesla",2018,No,4.3,9,Quarterly
EVS01798,"4003 Toronto Ave, Toronto",AC Level 1,0.14,9:00-18:00,9.04,56,Ionity,22,"CCS, Tesla",2020,Yes,3.6,6,Annually
EVS01799,"516 Berlin Ave, Berlin",AC Level 2,0.32,24/7,5.90,47,Tesla,50,CCS,2019,Yes,3.1,4,Quarterly
EVS01800,"4696 São Paulo Ave, São Paulo",AC Level 2,0.22,6:00-22:00,9.03,88,Ionity,22,Tesla,2021,No,3.8,6,Annually
EVS01801,"9018 Random Rd, City 24, Country",DC Fast Charger,0.13,6:00-22:00,5.72,20,ChargePoint,350,CCS,2018,No,4.4,1,Monthly
EVS01802,"8096 Los Angeles Ave, Los Angeles",DC Fast Charger,0.39,24/7,6.19,64,Greenlots,22,CHAdeMO,2022,No,3.1,10,Annually
EVS01803,"2880 Seoul Ave, Seoul",AC Level 1,0.50,6:00-22:00,9.06,57,Ionity,350,"CHAdeMO, CCS",2015,Yes,3.4,7,Quarterly
EVS01804,"7379 Mumbai Ave, Mumbai",DC Fast Charger,0.23,9:00-18:00,4.82,39,ChargePoint,50,"Tesla, CCS",2017,No,3.5,9,Monthly
EVS01805,"7816 São Paulo Ave, São Paulo",AC Level 2,0.29,24/7,14.33,83,EVgo,50,"CCS, Tesla",2016,No,3.1,7,Annually
EVS01806,"4504 Mumbai Ave, Mumbai",AC Level 2,0.24,6:00-22:00,19.95,22,Tesla,50,"CCS, Tesla",2015,No,3.4,2,Quarterly
EVS01807,"8210 Mumbai Ave, Mumbai",DC Fast Charger,0.31,6:00-22:00,5.36,90,ChargePoint,150,"Type 2, Tesla",2023,Yes,3.3,8,Quarterly
EVS01808,"1390 Berlin Ave, Berlin",AC Level 1,0.25,24/7,6.40,84,EVgo,22,"Type 2, CHAdeMO",2021,Yes,3.2,5,Annually
EVS01809,"1511 Berlin Ave, Berlin",AC Level 2,0.34,9:00-18:00,15.33,33,ChargePoint,22,Tesla,2023,No,3.3,1,Annually
EVS01810,"7119 Cape Town Ave, Cape Town",AC Level 1,0.11,24/7,9.25,59,Greenlots,22,CCS,2022,No,4.8,7,Annually
EVS01811,"222 Random Rd, City 20, Country",DC Fast Charger,0.11,9:00-18:00,18.84,90,Greenlots,50,CHAdeMO,2018,Yes,4.5,5,Monthly
EVS01812,"1280 Moscow Ave, Moscow",AC Level 1,0.44,9:00-18:00,9.59,32,Tesla,50,Tesla,2016,Yes,4.2,6,Monthly
EVS01813,"2210 Mumbai Ave, Mumbai",AC Level 2,0.35,24/7,13.04,90,Tesla,150,"Type 2, CHAdeMO",2012,Yes,4.0,7,Monthly
EVS01814,"5197 Dubai Ave, Dubai",AC Level 2,0.22,24/7,8.22,40,Tesla,350,"CCS, Type 2",2021,No,3.9,4,Quarterly
EVS01815,"2911 Beijing Ave, Beijing",AC Level 2,0.40,24/7,7.65,77,Greenlots,350,Type 2,2019,Yes,3.7,8,Monthly
EVS01816,"4471 San Francisco Ave, San Francisco",DC Fast Charger,0.48,9:00-18:00,18.89,60,Greenlots,150,Tesla,2010,No,4.0,10,Monthly
EVS01817,"5703 Beijing Ave, Beijing",AC Level 2,0.19,9:00-18:00,17.78,60,Tesla,350,CHAdeMO,2019,No,4.5,9,Annually
EVS01818,"7361 Bangkok Ave, Bangkok",AC Level 2,0.49,9:00-18:00,16.69,46,Greenlots,150,Tesla,2019,Yes,3.7,5,Monthly
EVS01819,"6709 Moscow Ave, Moscow",DC Fast Charger,0.42,9:00-18:00,18.48,80,EVgo,50,"CCS, Tesla",2022,No,4.0,1,Quarterly
EVS01820,"3256 Chicago Ave, Chicago",DC Fast Charger,0.43,9:00-18:00,18.74,49,Tesla,350,Tesla,2022,No,3.1,4,Monthly
EVS01821,"3480 Random Rd, City 5, Country",DC Fast Charger,0.27,6:00-22:00,9.14,14,Greenlots,350,CHAdeMO,2016,No,3.2,6,Monthly
EVS01822,"6857 Mexico City Ave, Mexico City",AC Level 1,0.39,9:00-18:00,4.98,88,Greenlots,350,Tesla,2011,No,4.1,1,Annually
EVS01823,"1605 Moscow Ave, Moscow",DC Fast Charger,0.25,9:00-18:00,1.63,96,Tesla,150,Tesla,2018,Yes,3.9,2,Monthly
EVS01824,"4588 San Francisco Ave, San Francisco",AC Level 2,0.21,24/7,12.52,72,Ionity,22,CHAdeMO,2021,No,3.5,8,Quarterly
EVS01825,"6246 Dubai Ave, Dubai",AC Level 1,0.47,24/7,12.10,26,ChargePoint,350,CCS,2016,No,4.7,1,Monthly
EVS01826,"7658 Berlin Ave, Berlin",AC Level 2,0.25,24/7,14.20,92,EVgo,350,Type 2,2021,No,4.2,5,Annually
EVS01827,"8415 Berlin Ave, Berlin",AC Level 1,0.15,24/7,8.77,90,Greenlots,350,Type 2,2013,Yes,3.8,8,Annually
EVS01828,"6777 San Francisco Ave, San Francisco",AC Level 1,0.28,24/7,11.70,76,ChargePoint,350,CHAdeMO,2021,No,4.4,5,Annually
EVS01829,"6772 Los Angeles Ave, Los Angeles",AC Level 2,0.41,24/7,12.14,100,Ionity,22,CHAdeMO,2023,No,3.6,4,Quarterly
EVS01830,"4441 Los Angeles Ave, Los Angeles",AC Level 2,0.35,9:00-18:00,9.54,67,Tesla,50,"CCS, CHAdeMO",2021,No,3.4,3,Monthly
EVS01831,"1774 Random Rd, City 109, Country",AC Level 1,0.25,24/7,0.64,73,ChargePoint,350,CHAdeMO,2020,Yes,4.2,10,Quarterly
EVS01832,"1716 Chicago Ave, Chicago",DC Fast Charger,0.49,6:00-22:00,2.13,93,Ionity,22,CHAdeMO,2022,No,3.4,8,Monthly
EVS01833,"865 Sydney Ave, Sydney",AC Level 2,0.14,24/7,17.74,79,Tesla,150,Type 2,2015,Yes,3.6,4,Monthly
EVS01834,"8140 Seoul Ave, Seoul",AC Level 1,0.20,6:00-22:00,3.90,69,Greenlots,22,Tesla,2020,No,4.6,5,Monthly
EVS01835,"7241 Mexico City Ave, Mexico City",AC Level 2,0.14,9:00-18:00,9.12,40,Tesla,350,"Tesla, CHAdeMO",2022,No,4.5,8,Monthly
EVS01836,"8263 Dubai Ave, Dubai",AC Level 1,0.17,24/7,15.59,19,EVgo,150,Type 2,2023,Yes,3.3,4,Annually
EVS01837,"1985 Mumbai Ave, Mumbai",AC Level 1,0.36,9:00-18:00,1.60,22,Ionity,150,"CHAdeMO, CCS",2021,No,3.6,3,Annually
EVS01838,"9527 Mumbai Ave, Mumbai",AC Level 2,0.32,6:00-22:00,16.98,100,Tesla,350,"CCS, Type 2",2010,No,4.6,7,Quarterly
EVS01839,"3576 Los Angeles Ave, Los Angeles",AC Level 2,0.13,9:00-18:00,5.51,70,Greenlots,150,CCS,2021,No,4.9,10,Quarterly
EVS01840,"4261 Dubai Ave, Dubai",AC Level 2,0.40,9:00-18:00,11.26,90,ChargePoint,50,"CCS, Type 2",2023,No,4.3,10,Quarterly
EVS01841,"8332 Random Rd, City 272, Country",AC Level 1,0.24,24/7,17.03,28,Ionity,350,"CHAdeMO, Tesla",2017,No,4.6,7,Monthly
EVS01842,"932 Mexico City Ave, Mexico City",DC Fast Charger,0.25,24/7,3.81,87,Tesla,50,"CCS, CHAdeMO",2021,No,3.5,4,Monthly
EVS01843,"86 Beijing Ave, Beijing",AC Level 1,0.43,6:00-22:00,9.11,69,Tesla,50,"CCS, Tesla",2015,Yes,4.6,7,Annually
EVS01844,"4450 Los Angeles Ave, Los Angeles",DC Fast Charger,0.31,24/7,11.52,29,Greenlots,50,Tesla,2015,No,3.4,8,Quarterly
EVS01845,"5998 Berlin Ave, Berlin",AC Level 2,0.49,6:00-22:00,2.02,12,Ionity,150,Tesla,2018,Yes,3.3,2,Quarterly
EVS01846,"6727 Dubai Ave, Dubai",DC Fast Charger,0.23,24/7,11.33,57,ChargePoint,150,CCS,2016,Yes,4.2,7,Quarterly
EVS01847,"1917 Bangkok Ave, Bangkok",DC Fast Charger,0.42,24/7,9.66,90,Ionity,50,"CHAdeMO, CCS",2018,No,4.9,5,Quarterly
EVS01848,"3201 Moscow Ave, Moscow",AC Level 1,0.12,9:00-18:00,11.94,98,Ionity,150,CHAdeMO,2022,No,5.0,7,Monthly
EVS01849,"8149 Seoul Ave, Seoul",DC Fast Charger,0.42,24/7,2.79,96,ChargePoint,150,CCS,2017,Yes,3.2,4,Monthly
EVS01850,"5030 Berlin Ave, Berlin",DC Fast Charger,0.35,6:00-22:00,1.29,63,EVgo,150,CCS,2010,Yes,3.6,2,Quarterly
EVS01851,"6020 Random Rd, City 308, Country",DC Fast Charger,0.34,24/7,9.42,12,ChargePoint,150,"CHAdeMO, CCS",2013,No,3.0,1,Annually
EVS01852,"1021 Mexico City Ave, Mexico City",DC Fast Charger,0.45,6:00-22:00,2.34,77,EVgo,150,"CCS, Type 2",2023,No,4.2,10,Annually
EVS01853,"1624 Sydney Ave, Sydney",AC Level 2,0.17,6:00-22:00,15.68,74,ChargePoint,350,"CCS, Type 2",2012,No,4.8,5,Annually
EVS01854,"7596 Seoul Ave, Seoul",AC Level 2,0.31,24/7,19.88,90,ChargePoint,50,"CHAdeMO, Type 2",2013,No,4.3,5,Annually
EVS01855,"9850 Chicago Ave, Chicago",DC Fast Charger,0.33,24/7,4.32,83,Greenlots,150,"CHAdeMO, Tesla",2023,No,3.6,8,Annually
EVS01856,"9105 Berlin Ave, Berlin",AC Level 2,0.14,6:00-22:00,19.79,59,ChargePoint,150,"Type 2, CCS",2023,Yes,3.8,7,Quarterly
EVS01857,"5068 Berlin Ave, Berlin",AC Level 2,0.41,9:00-18:00,13.26,51,Greenlots,350,CHAdeMO,2019,Yes,3.2,8,Monthly
EVS01858,"2262 Cape Town Ave, Cape Town",DC Fast Charger,0.10,6:00-22:00,3.12,44,EVgo,350,CCS,2013,No,3.3,5,Monthly
EVS01859,"1355 Chicago Ave, Chicago",AC Level 1,0.48,9:00-18:00,7.10,24,Greenlots,50,"Tesla, CCS",2011,No,4.3,8,Annually
EVS01860,"2452 Cape Town Ave, Cape Town",AC Level 2,0.35,6:00-22:00,13.42,22,Ionity,150,Tesla,2014,Yes,4.3,9,Annually
EVS01861,"7131 Random Rd, City 233, Country",AC Level 1,0.29,9:00-18:00,18.26,14,Ionity,350,"CHAdeMO, CCS",2014,No,3.3,9,Quarterly
EVS01862,"862 Toronto Ave, Toronto",DC Fast Charger,0.20,24/7,10.73,97,EVgo,150,CCS,2015,No,4.2,6,Monthly
EVS01863,"1499 Moscow Ave, Moscow",AC Level 1,0.39,6:00-22:00,3.95,32,Ionity,22,"CCS, Type 2",2019,No,4.1,1,Monthly
EVS01864,"4293 Berlin Ave, Berlin",DC Fast Charger,0.16,6:00-22:00,17.52,82,Greenlots,350,CCS,2018,Yes,4.0,5,Quarterly
EVS01865,"45 Moscow Ave, Moscow",AC Level 2,0.29,24/7,10.20,14,Tesla,350,Type 2,2013,No,3.4,8,Annually
EVS01866,"63 Dubai Ave, Dubai",AC Level 1,0.15,24/7,19.09,55,EVgo,22,Tesla,2020,Yes,3.2,9,Annually
EVS01867,"7758 Beijing Ave, Beijing",AC Level 2,0.21,24/7,12.99,47,ChargePoint,350,Tesla,2020,No,3.0,9,Quarterly
EVS01868,"7465 Dubai Ave, Dubai",AC Level 1,0.16,9:00-18:00,8.57,35,Greenlots,50,CHAdeMO,2013,Yes,4.0,4,Monthly
EVS01869,"647 Chicago Ave, Chicago",AC Level 1,0.31,9:00-18:00,1.74,79,ChargePoint,22,"CHAdeMO, Type 2",2017,No,3.3,6,Monthly
EVS01870,"6835 Los Angeles Ave, Los Angeles",AC Level 2,0.41,6:00-22:00,2.02,30,Greenlots,22,CCS,2022,Yes,3.3,2,Monthly
EVS01871,"9443 Random Rd, City 174, Country",AC Level 2,0.25,9:00-18:00,18.41,93,EVgo,50,"Type 2, CCS",2013,Yes,3.8,1,Annually
EVS01872,"1527 Sydney Ave, Sydney",DC Fast Charger,0.43,6:00-22:00,11.13,92,EVgo,150,"Tesla, Type 2",2018,Yes,3.5,9,Annually
EVS01873,"5152 Chicago Ave, Chicago",AC Level 2,0.44,9:00-18:00,10.14,68,Greenlots,22,Type 2,2010,Yes,3.2,1,Monthly
EVS01874,"8141 San Francisco Ave, San Francisco",AC Level 1,0.25,24/7,15.23,10,Greenlots,350,CCS,2020,No,4.0,10,Annually
EVS01875,"9511 Sydney Ave, Sydney",DC Fast Charger,0.47,24/7,6.54,52,Ionity,150,"Type 2, CCS",2013,No,3.0,7,Monthly
EVS01876,"2151 Mumbai Ave, Mumbai",DC Fast Charger,0.43,6:00-22:00,13.20,31,Tesla,150,"Tesla, CHAdeMO",2016,No,4.5,7,Annually
EVS01877,"5749 Cape Town Ave, Cape Town",AC Level 1,0.27,24/7,1.96,80,EVgo,50,"CHAdeMO, Type 2",2012,Yes,4.5,1,Annually
EVS01878,"9362 Cape Town Ave, Cape Town",DC Fast Charger,0.20,6:00-22:00,2.25,95,ChargePoint,50,Type 2,2015,No,4.4,8,Annually
EVS01879,"2410 São Paulo Ave, São Paulo",DC Fast Charger,0.41,6:00-22:00,1.20,89,Ionity,350,CHAdeMO,2013,Yes,4.8,10,Monthly
EVS01880,"2131 Bangkok Ave, Bangkok",DC Fast Charger,0.30,24/7,15.83,24,Greenlots,50,"CHAdeMO, CCS",2019,No,3.4,7,Quarterly
EVS01881,"7603 Random Rd, City 419, Country",AC Level 2,0.50,6:00-22:00,19.24,46,ChargePoint,350,CCS,2013,No,4.5,9,Annually
EVS01882,"265 Bangkok Ave, Bangkok",AC Level 1,0.38,24/7,15.31,32,Tesla,150,CCS,2016,Yes,3.0,7,Annually
EVS01883,"1745 Mexico City Ave, Mexico City",AC Level 2,0.37,9:00-18:00,15.05,63,Greenlots,150,CHAdeMO,2019,Yes,4.7,1,Annually
EVS01884,"8969 Berlin Ave, Berlin",AC Level 2,0.45,9:00-18:00,10.83,12,Greenlots,150,CHAdeMO,2012,No,3.6,10,Monthly
EVS01885,"5962 Seoul Ave, Seoul",AC Level 1,0.24,6:00-22:00,6.44,69,Tesla,50,"CHAdeMO, CCS",2011,Yes,3.2,2,Monthly
EVS01886,"6785 Mumbai Ave, Mumbai",AC Level 1,0.16,24/7,16.85,36,EVgo,50,Type 2,2023,Yes,3.2,2,Monthly
EVS01887,"7989 Mexico City Ave, Mexico City",AC Level 1,0.19,9:00-18:00,8.59,20,EVgo,350,"Tesla, CHAdeMO",2017,No,4.1,2,Quarterly
EVS01888,"9872 Berlin Ave, Berlin",AC Level 2,0.33,6:00-22:00,7.76,45,ChargePoint,150,CHAdeMO,2016,No,4.5,4,Annually
EVS01889,"3605 Los Angeles Ave, Los Angeles",AC Level 2,0.36,9:00-18:00,14.52,87,EVgo,350,Tesla,2021,Yes,3.3,1,Annually
EVS01890,"1136 Dubai Ave, Dubai",AC Level 1,0.39,24/7,13.57,26,Tesla,350,Type 2,2023,Yes,3.1,3,Monthly
EVS01891,"1179 Random Rd, City 261, Country",AC Level 2,0.24,6:00-22:00,6.25,82,Tesla,150,"Type 2, Tesla",2015,Yes,4.1,2,Quarterly
EVS01892,"9909 Bangkok Ave, Bangkok",DC Fast Charger,0.19,24/7,18.01,10,Greenlots,150,CCS,2014,No,3.5,9,Annually
EVS01893,"8607 Los Angeles Ave, Los Angeles",AC Level 2,0.36,9:00-18:00,4.14,68,Tesla,22,Type 2,2011,Yes,3.6,1,Quarterly
EVS01894,"6708 Mumbai Ave, Mumbai",AC Level 1,0.45,9:00-18:00,11.68,67,EVgo,22,Type 2,2021,No,3.8,1,Quarterly
EVS01895,"2309 São Paulo Ave, São Paulo",DC Fast Charger,0.43,6:00-22:00,14.00,18,EVgo,22,"Type 2, CCS",2020,Yes,3.3,3,Annually
EVS01896,"8144 Dubai Ave, Dubai",AC Level 2,0.25,9:00-18:00,9.14,85,Greenlots,22,CCS,2011,No,4.9,2,Quarterly
EVS01897,"2370 Beijing Ave, Beijing",AC Level 1,0.48,24/7,3.90,74,ChargePoint,150,CHAdeMO,2016,Yes,3.6,5,Annually
EVS01898,"5911 Mexico City Ave, Mexico City",DC Fast Charger,0.12,9:00-18:00,11.11,88,Ionity,50,"CCS, Tesla",2019,Yes,4.3,8,Monthly
EVS01899,"6760 São Paulo Ave, São Paulo",DC Fast Charger,0.48,9:00-18:00,4.62,96,Greenlots,350,Type 2,2023,Yes,4.3,4,Annually
EVS01900,"7436 Beijing Ave, Beijing",AC Level 2,0.34,24/7,17.87,81,EVgo,50,CCS,2023,Yes,4.1,7,Annually
EVS01901,"1225 Random Rd, City 176, Country",AC Level 1,0.37,24/7,2.29,75,ChargePoint,22,Tesla,2016,No,4.7,10,Quarterly
EVS01902,"3966 Cape Town Ave, Cape Town",DC Fast Charger,0.19,6:00-22:00,18.47,93,Tesla,22,CCS,2012,No,3.9,5,Quarterly
EVS01903,"2396 Cape Town Ave, Cape Town",AC Level 1,0.30,24/7,14.73,91,Ionity,22,CHAdeMO,2021,No,3.7,4,Annually
EVS01904,"9839 Cape Town Ave, Cape Town",AC Level 2,0.43,9:00-18:00,5.66,28,ChargePoint,150,Type 2,2020,No,3.8,5,Monthly
EVS01905,"2441 Chicago Ave, Chicago",AC Level 1,0.22,9:00-18:00,15.63,21,Ionity,150,Tesla,2018,Yes,4.5,1,Annually
EVS01906,"5186 Dubai Ave, Dubai",AC Level 2,0.46,9:00-18:00,8.18,28,EVgo,22,CHAdeMO,2012,No,4.8,7,Annually
EVS01907,"8176 Mumbai Ave, Mumbai",AC Level 2,0.41,24/7,19.94,15,Tesla,50,CHAdeMO,2016,No,4.9,9,Quarterly
EVS01908,"7854 São Paulo Ave, São Paulo",DC Fast Charger,0.22,6:00-22:00,4.92,87,Tesla,22,"Type 2, Tesla",2020,No,5.0,1,Monthly
EVS01909,"2610 San Francisco Ave, San Francisco",AC Level 2,0.49,24/7,13.84,28,Greenlots,22,"CCS, Tesla",2014,No,4.2,8,Monthly
EVS01910,"3558 Mexico City Ave, Mexico City",AC Level 2,0.32,24/7,5.15,75,Greenlots,150,"Type 2, Tesla",2017,Yes,3.5,9,Annually
EVS01911,"373 Random Rd, City 246, Country",DC Fast Charger,0.17,6:00-22:00,2.90,56,Ionity,350,CCS,2021,No,4.0,8,Annually
EVS01912,"9777 Mumbai Ave, Mumbai",AC Level 2,0.12,24/7,12.62,27,Greenlots,150,"Tesla, CCS",2022,Yes,4.4,1,Annually
EVS01913,"9666 Sydney Ave, Sydney",AC Level 2,0.42,6:00-22:00,1.25,90,EVgo,350,"Type 2, Tesla",2023,Yes,4.9,8,Annually
EVS01914,"8655 Cape Town Ave, Cape Town",AC Level 1,0.14,9:00-18:00,19.72,22,Ionity,22,Tesla,2014,No,3.6,8,Annually
EVS01915,"8656 Cape Town Ave, Cape Town",DC Fast Charger,0.26,6:00-22:00,4.28,95,ChargePoint,150,"Type 2, CCS",2011,Yes,3.6,1,Quarterly
EVS01916,"8679 Cape Town Ave, Cape Town",AC Level 1,0.43,9:00-18:00,5.05,48,Tesla,22,Tesla,2020,No,4.3,10,Annually
EVS01917,"8318 Mumbai Ave, Mumbai",AC Level 2,0.48,6:00-22:00,9.70,20,EVgo,150,"Type 2, CCS",2012,No,4.1,5,Monthly
EVS01918,"6200 Beijing Ave, Beijing",AC Level 1,0.42,6:00-22:00,8.63,61,Ionity,22,CHAdeMO,2010,No,5.0,4,Annually
EVS01919,"5552 Mexico City Ave, Mexico City",AC Level 2,0.22,24/7,14.47,57,Tesla,150,Tesla,2015,No,3.7,8,Monthly
EVS01920,"2618 Beijing Ave, Beijing",AC Level 1,0.27,24/7,10.96,85,EVgo,50,"CHAdeMO, Type 2",2019,Yes,4.0,1,Quarterly
EVS01921,"5896 Random Rd, City 230, Country",DC Fast Charger,0.50,9:00-18:00,16.60,47,Greenlots,22,"CHAdeMO, Tesla",2016,No,3.9,8,Monthly
EVS01922,"7876 Mumbai Ave, Mumbai",AC Level 2,0.46,6:00-22:00,19.96,57,EVgo,22,"Type 2, CCS",2010,Yes,4.3,9,Monthly
EVS01923,"1971 Cape Town Ave, Cape Town",AC Level 1,0.23,6:00-22:00,19.71,77,Greenlots,50,CHAdeMO,2020,No,4.6,7,Quarterly
EVS01924,"3699 São Paulo Ave, São Paulo",AC Level 2,0.19,6:00-22:00,8.95,21,ChargePoint,150,"Tesla, CHAdeMO",2019,No,3.5,4,Annually
EVS01925,"7280 Berlin Ave, Berlin",AC Level 2,0.27,6:00-22:00,6.46,92,Greenlots,150,Type 2,2015,No,4.5,5,Monthly
EVS01926,"5600 Dubai Ave, Dubai",AC Level 1,0.49,9:00-18:00,4.04,40,Tesla,22,"Type 2, CCS",2021,No,3.2,6,Annually
EVS01927,"7661 Chicago Ave, Chicago",AC Level 2,0.24,9:00-18:00,8.54,73,EVgo,350,"CHAdeMO, CCS",2022,Yes,4.9,7,Monthly
EVS01928,"869 Bangkok Ave, Bangkok",AC Level 2,0.39,6:00-22:00,17.84,93,Tesla,22,CHAdeMO,2020,Yes,4.3,10,Annually
EVS01929,"1205 Dubai Ave, Dubai",AC Level 2,0.33,6:00-22:00,3.24,84,ChargePoint,22,Type 2,2020,Yes,3.7,5,Quarterly
EVS01930,"1893 Chicago Ave, Chicago",DC Fast Charger,0.22,6:00-22:00,15.59,95,Tesla,350,Type 2,2010,Yes,3.9,1,Monthly
EVS01931,"443 Random Rd, City 319, Country",DC Fast Charger,0.24,9:00-18:00,2.75,54,Tesla,22,CCS,2010,No,3.9,7,Monthly
EVS01932,"4209 Cape Town Ave, Cape Town",DC Fast Charger,0.30,24/7,15.08,33,Tesla,150,"Type 2, CCS",2022,Yes,4.6,10,Annually
EVS01933,"4539 São Paulo Ave, São Paulo",AC Level 1,0.18,6:00-22:00,12.27,74,EVgo,150,"CHAdeMO, CCS",2015,No,3.5,3,Quarterly
EVS01934,"3950 Mumbai Ave, Mumbai",DC Fast Charger,0.32,24/7,1.43,35,ChargePoint,150,"CCS, Type 2",2020,No,3.0,1,Quarterly
EVS01935,"7098 Berlin Ave, Berlin",AC Level 2,0.41,24/7,17.18,17,Ionity,350,"Tesla, CCS",2010,No,4.5,9,Annually
EVS01936,"7904 Toronto Ave, Toronto",DC Fast Charger,0.10,6:00-22:00,7.10,52,EVgo,350,"Tesla, CHAdeMO",2017,Yes,3.8,1,Monthly
EVS01937,"7047 Beijing Ave, Beijing",AC Level 2,0.44,6:00-22:00,10.51,24,EVgo,150,"CCS, CHAdeMO",2022,Yes,4.7,5,Annually
EVS01938,"1964 Toronto Ave, Toronto",AC Level 2,0.38,9:00-18:00,5.19,96,Ionity,50,"CCS, CHAdeMO",2021,No,4.8,3,Quarterly
EVS01939,"4705 Beijing Ave, Beijing",DC Fast Charger,0.30,24/7,12.92,50,EVgo,150,CCS,2021,Yes,3.8,6,Monthly
EVS01940,"7330 San Francisco Ave, San Francisco",DC Fast Charger,0.26,24/7,14.78,69,ChargePoint,22,"Tesla, CCS",2016,No,3.0,5,Monthly
EVS01941,"4330 Random Rd, City 43, Country",AC Level 2,0.44,6:00-22:00,13.55,13,Tesla,350,"CHAdeMO, Type 2",2023,No,4.1,7,Quarterly
EVS01942,"1695 Mumbai Ave, Mumbai",AC Level 2,0.48,9:00-18:00,15.44,57,ChargePoint,50,"Tesla, CCS",2010,Yes,4.3,7,Quarterly
EVS01943,"3708 Bangkok Ave, Bangkok",AC Level 1,0.38,6:00-22:00,15.09,15,Tesla,150,CCS,2021,No,3.7,10,Annually
EVS01944,"5354 Dubai Ave, Dubai",AC Level 2,0.50,24/7,2.14,34,Ionity,150,"Tesla, CHAdeMO",2016,Yes,3.5,4,Monthly
EVS01945,"2647 Berlin Ave, Berlin",AC Level 1,0.26,24/7,3.84,100,Tesla,150,"Tesla, Type 2",2014,No,3.3,3,Quarterly
EVS01946,"6607 Bangkok Ave, Bangkok",DC Fast Charger,0.45,9:00-18:00,19.67,54,Tesla,22,"CHAdeMO, Type 2",2012,Yes,3.1,5,Annually
EVS01947,"34 Berlin Ave, Berlin",DC Fast Charger,0.44,6:00-22:00,3.47,87,ChargePoint,150,"CCS, Type 2",2016,No,3.5,4,Annually
EVS01948,"4948 Mexico City Ave, Mexico City",AC Level 2,0.11,6:00-22:00,6.29,89,EVgo,22,"CHAdeMO, Type 2",2011,Yes,3.9,8,Monthly
EVS01949,"6877 Los Angeles Ave, Los Angeles",AC Level 1,0.48,6:00-22:00,16.12,32,EVgo,350,"Type 2, Tesla",2016,Yes,4.9,7,Annually
EVS01950,"9677 San Francisco Ave, San Francisco",DC Fast Charger,0.19,6:00-22:00,5.11,72,Tesla,22,Type 2,2018,Yes,4.1,3,Annually
EVS01951,"8953 Random Rd, City 499, Country",AC Level 2,0.40,24/7,9.38,13,Tesla,350,"CHAdeMO, Tesla",2013,No,4.9,8,Annually
EVS01952,"4381 Mumbai Ave, Mumbai",DC Fast Charger,0.39,9:00-18:00,3.90,82,ChargePoint,150,"CCS, Tesla",2013,No,4.7,9,Quarterly
EVS01953,"2884 Sydney Ave, Sydney",AC Level 1,0.34,24/7,0.92,71,Tesla,22,"Type 2, CCS",2015,No,4.2,6,Annually
EVS01954,"6491 Moscow Ave, Moscow",AC Level 2,0.34,9:00-18:00,14.96,22,ChargePoint,50,CHAdeMO,2021,No,3.5,9,Quarterly
EVS01955,"1959 Berlin Ave, Berlin",AC Level 1,0.19,24/7,13.28,13,ChargePoint,50,"CHAdeMO, CCS",2021,Yes,4.8,6,Monthly
EVS01956,"2453 Berlin Ave, Berlin",AC Level 1,0.13,9:00-18:00,1.80,47,Tesla,50,CCS,2017,No,4.2,7,Annually
EVS01957,"3813 Chicago Ave, Chicago",AC Level 2,0.44,24/7,9.11,13,Tesla,22,CCS,2018,No,4.9,5,Quarterly
EVS01958,"6032 Mumbai Ave, Mumbai",AC Level 2,0.13,24/7,7.23,51,Ionity,150,Tesla,2012,Yes,4.9,9,Monthly
EVS01959,"8107 Seoul Ave, Seoul",DC Fast Charger,0.17,24/7,18.20,71,Greenlots,50,"CCS, Type 2",2017,Yes,3.3,5,Monthly
EVS01960,"517 Berlin Ave, Berlin",AC Level 1,0.46,24/7,13.98,29,Tesla,350,"Tesla, Type 2",2013,No,3.2,6,Quarterly
EVS01961,"9822 Random Rd, City 112, Country",AC Level 1,0.45,24/7,18.42,98,EVgo,150,"CCS, Tesla",2015,No,3.6,7,Quarterly
EVS01962,"8134 Toronto Ave, Toronto",AC Level 2,0.17,9:00-18:00,7.35,47,ChargePoint,150,CCS,2019,Yes,4.3,4,Monthly
EVS01963,"1167 Mexico City Ave, Mexico City",AC Level 1,0.46,24/7,3.18,80,Greenlots,150,Tesla,2015,Yes,3.7,3,Monthly
EVS01964,"4289 Mumbai Ave, Mumbai",DC Fast Charger,0.29,6:00-22:00,17.65,70,Tesla,50,CHAdeMO,2010,Yes,4.3,4,Annually
EVS01965,"154 Bangkok Ave, Bangkok",AC Level 1,0.31,6:00-22:00,11.73,38,ChargePoint,150,Tesla,2014,No,3.7,5,Annually
EVS01966,"7138 Toronto Ave, Toronto",DC Fast Charger,0.20,9:00-18:00,15.89,43,EVgo,22,"Type 2, CCS",2010,No,4.6,8,Quarterly
EVS01967,"1773 Chicago Ave, Chicago",DC Fast Charger,0.12,9:00-18:00,13.94,23,Tesla,150,CHAdeMO,2021,Yes,4.4,2,Annually
EVS01968,"7589 Toronto Ave, Toronto",DC Fast Charger,0.20,24/7,9.85,97,EVgo,50,Type 2,2016,Yes,5.0,7,Quarterly
EVS01969,"8914 San Francisco Ave, San Francisco",DC Fast Charger,0.16,9:00-18:00,7.71,80,ChargePoint,350,Type 2,2017,Yes,3.6,1,Monthly
EVS01970,"1781 Mexico City Ave, Mexico City",AC Level 2,0.50,9:00-18:00,11.81,43,EVgo,350,"Type 2, CHAdeMO",2018,Yes,3.5,4,Monthly
EVS01971,"1865 Random Rd, City 332, Country",DC Fast Charger,0.40,24/7,0.98,16,Tesla,350,Tesla,2015,Yes,4.0,10,Annually
EVS01972,"2618 Dubai Ave, Dubai",DC Fast Charger,0.14,24/7,0.92,22,EVgo,22,Type 2,2013,Yes,4.6,8,Monthly
EVS01973,"3195 Seoul Ave, Seoul",AC Level 1,0.38,6:00-22:00,6.12,90,EVgo,350,Type 2,2015,No,4.8,9,Quarterly
EVS01974,"3551 Bangkok Ave, Bangkok",DC Fast Charger,0.47,6:00-22:00,10.65,96,Ionity,50,"CHAdeMO, Type 2",2010,No,3.2,9,Quarterly
EVS01975,"9106 Seoul Ave, Seoul",AC Level 2,0.31,6:00-22:00,16.24,53,Ionity,22,CCS,2014,No,4.5,10,Annually
EVS01976,"658 Beijing Ave, Beijing",AC Level 1,0.33,24/7,6.71,76,Tesla,150,"CCS, CHAdeMO",2010,Yes,4.4,9,Annually
EVS01977,"4483 Chicago Ave, Chicago",AC Level 1,0.40,24/7,8.07,50,Tesla,350,Tesla,2016,No,4.2,7,Monthly
EVS01978,"772 Berlin Ave, Berlin",AC Level 2,0.31,9:00-18:00,0.53,33,Greenlots,350,"Type 2, Tesla",2022,Yes,3.1,3,Annually
EVS01979,"3228 Toronto Ave, Toronto",AC Level 1,0.31,6:00-22:00,2.33,62,Ionity,150,CHAdeMO,2011,Yes,3.8,10,Quarterly
EVS01980,"5661 Berlin Ave, Berlin",AC Level 2,0.27,24/7,2.36,38,Greenlots,50,CCS,2016,Yes,4.9,2,Quarterly
EVS01981,"6258 Random Rd, City 335, Country",DC Fast Charger,0.46,24/7,3.38,15,Tesla,150,"Tesla, CCS",2023,No,4.2,9,Annually
EVS01982,"2247 Seoul Ave, Seoul",AC Level 2,0.25,9:00-18:00,3.87,51,Ionity,50,"Type 2, CHAdeMO",2019,No,3.5,7,Quarterly
EVS01983,"6108 Moscow Ave, Moscow",AC Level 2,0.41,9:00-18:00,18.65,67,ChargePoint,350,Tesla,2023,No,3.4,4,Annually
EVS01984,"2665 Chicago Ave, Chicago",AC Level 2,0.26,9:00-18:00,8.86,35,Ionity,50,Type 2,2022,No,4.0,7,Annually
EVS01985,"703 Mexico City Ave, Mexico City",AC Level 2,0.42,9:00-18:00,5.54,48,Greenlots,22,"CHAdeMO, Type 2",2019,Yes,4.7,5,Monthly
EVS01986,"7892 San Francisco Ave, San Francisco",AC Level 2,0.27,6:00-22:00,2.37,44,Ionity,350,CCS,2019,No,3.0,2,Annually
EVS01987,"6923 Sydney Ave, Sydney",AC Level 2,0.38,24/7,2.00,41,Greenlots,350,Tesla,2017,No,5.0,9,Quarterly
EVS01988,"3800 São Paulo Ave, São Paulo",AC Level 2,0.42,6:00-22:00,13.37,22,ChargePoint,150,"CHAdeMO, CCS",2021,No,3.5,10,Monthly
EVS01989,"8479 Dubai Ave, Dubai",AC Level 2,0.22,9:00-18:00,11.70,63,Tesla,350,Tesla,2015,No,4.3,3,Annually
EVS01990,"5633 Cape Town Ave, Cape Town",AC Level 2,0.25,24/7,9.83,11,ChargePoint,350,"CCS, Type 2",2018,No,3.3,2,Annually
EVS01991,"7707 Random Rd, City 284, Country",DC Fast Charger,0.30,24/7,3.46,10,EVgo,50,"Type 2, Tesla",2018,No,4.2,1,Quarterly
EVS01992,"6534 Berlin Ave, Berlin",AC Level 1,0.47,24/7,19.91,74,Greenlots,150,CHAdeMO,2011,No,4.8,9,Monthly
EVS01993,"5877 Sydney Ave, Sydney",AC Level 2,0.45,6:00-22:00,19.60,23,ChargePoint,350,Type 2,2022,Yes,3.4,7,Annually
EVS01994,"3805 Bangkok Ave, Bangkok",AC Level 2,0.34,24/7,4.21,83,EVgo,150,"CHAdeMO, CCS",2013,No,4.6,6,Annually
EVS01995,"8884 Cape Town Ave, Cape Town",DC Fast Charger,0.38,9:00-18:00,18.14,87,EVgo,22,"Tesla, Type 2",2010,Yes,4.1,4,Annually
EVS01996,"6597 Chicago Ave, Chicago",DC Fast Charger,0.19,6:00-22:00,19.27,86,Greenlots,22,"Type 2, Tesla",2012,Yes,3.5,2,Annually
EVS01997,"8528 Toronto Ave, Toronto",AC Level 1,0.31,9:00-18:00,12.19,54,Greenlots,22,"Type 2, CHAdeMO",2016,No,4.0,8,Monthly
EVS01998,"1653 Cape Town Ave, Cape Town",DC Fast Charger,0.32,9:00-18:00,11.80,51,ChargePoint,50,"CHAdeMO, Tesla",2014,No,3.3,10,Monthly
EVS01999,"6279 Toronto Ave, Toronto",AC Level 2,0.47,6:00-22:00,8.30,72,Greenlots,350,Tesla,2012,No,3.5,5,Annually
EVS02000,"2778 Mexico City Ave, Mexico City",AC Level 1,0.43,6:00-22:00,3.03,75,ChargePoint,150,Type 2,2017,No,4.6,8,Annually
EVS02001,"4268 Random Rd, City 485, Country",DC Fast Charger,0.29,9:00-18:00,13.60,69,ChargePoint,22,CHAdeMO,2021,No,4.3,5,Quarterly
EVS02002,"6169 San Francisco Ave, San Francisco",AC Level 1,0.46,24/7,2.50,17,ChargePoint,22,"CHAdeMO, Tesla",2017,Yes,3.9,3,Monthly
EVS02003,"7177 São Paulo Ave, São Paulo",AC Level 1,0.32,24/7,9.60,20,Ionity,150,"Tesla, CCS",2017,Yes,3.5,2,Annually
EVS02004,"5236 Dubai Ave, Dubai",AC Level 1,0.12,6:00-22:00,16.02,62,Greenlots,150,Type 2,2021,No,4.9,1,Annually
EVS02005,"8931 Mexico City Ave, Mexico City",AC Level 1,0.43,24/7,14.04,87,Ionity,350,"CCS, CHAdeMO",2022,No,4.9,4,Monthly
EVS02006,"2808 Beijing Ave, Beijing",AC Level 1,0.30,24/7,3.46,10,Tesla,50,CHAdeMO,2016,No,4.7,10,Annually
EVS02007,"1925 Berlin Ave, Berlin",DC Fast Charger,0.42,24/7,9.02,93,Tesla,22,CHAdeMO,2016,No,3.4,9,Monthly
EVS02008,"5183 Los Angeles Ave, Los Angeles",AC Level 1,0.50,9:00-18:00,17.92,84,Greenlots,350,"Type 2, Tesla",2012,No,3.3,6,Monthly
EVS02009,"7138 Bangkok Ave, Bangkok",DC Fast Charger,0.27,6:00-22:00,12.78,85,Greenlots,150,CHAdeMO,2019,Yes,3.9,1,Monthly
EVS02010,"7265 Los Angeles Ave, Los Angeles",AC Level 1,0.23,9:00-18:00,7.71,66,Tesla,150,"CCS, CHAdeMO",2016,Yes,3.2,1,Monthly
EVS02011,"1463 Random Rd, City 455, Country",AC Level 1,0.31,9:00-18:00,13.96,82,Greenlots,350,CCS,2020,Yes,3.9,3,Annually
EVS02012,"350 Seoul Ave, Seoul",AC Level 2,0.40,24/7,16.45,27,Greenlots,150,"Tesla, CCS",2013,Yes,3.4,2,Monthly
EVS02013,"7862 Los Angeles Ave, Los Angeles",AC Level 2,0.17,24/7,8.24,82,ChargePoint,22,"Tesla, CCS",2011,No,4.3,4,Annually
EVS02014,"20 Beijing Ave, Beijing",DC Fast Charger,0.43,9:00-18:00,7.49,62,Ionity,50,CCS,2022,No,3.6,5,Quarterly
EVS02015,"7773 Cape Town Ave, Cape Town",AC Level 1,0.27,24/7,12.10,66,Greenlots,50,Tesla,2011,Yes,5.0,10,Quarterly
EVS02016,"6939 Cape Town Ave, Cape Town",DC Fast Charger,0.44,6:00-22:00,16.48,86,ChargePoint,150,"Type 2, Tesla",2019,No,4.4,10,Monthly
EVS02017,"6619 Beijing Ave, Beijing",AC Level 2,0.49,24/7,17.15,36,Ionity,150,Type 2,2020,No,3.3,1,Annually
EVS02018,"3503 Los Angeles Ave, Los Angeles",DC Fast Charger,0.29,6:00-22:00,19.73,58,EVgo,50,"Type 2, CHAdeMO",2020,No,4.9,10,Annually
EVS02019,"310 Los Angeles Ave, Los Angeles",DC Fast Charger,0.32,9:00-18:00,2.01,99,Greenlots,150,"CHAdeMO, Tesla",2015,Yes,4.9,4,Annually
EVS02020,"2043 Los Angeles Ave, Los Angeles",AC Level 2,0.16,24/7,10.09,44,EVgo,50,"Tesla, Type 2",2023,Yes,3.8,10,Monthly
EVS02021,"737 Random Rd, City 160, Country",DC Fast Charger,0.18,24/7,18.75,15,Greenlots,22,"CCS, Type 2",2014,Yes,4.4,5,Monthly
EVS02022,"5973 Cape Town Ave, Cape Town",DC Fast Charger,0.15,6:00-22:00,19.53,18,ChargePoint,350,"Tesla, CCS",2015,Yes,4.0,7,Quarterly
EVS02023,"6069 São Paulo Ave, São Paulo",AC Level 2,0.40,6:00-22:00,16.68,49,Greenlots,150,"Tesla, CHAdeMO",2020,Yes,3.3,2,Monthly
EVS02024,"1837 Chicago Ave, Chicago",DC Fast Charger,0.34,24/7,4.79,60,Tesla,150,"CCS, CHAdeMO",2010,Yes,3.5,8,Quarterly
EVS02025,"2166 Bangkok Ave, Bangkok",DC Fast Charger,0.10,9:00-18:00,16.85,90,EVgo,350,Tesla,2022,No,3.1,4,Quarterly
EVS02026,"23 Chicago Ave, Chicago",DC Fast Charger,0.45,24/7,6.61,15,EVgo,350,Type 2,2022,Yes,4.8,5,Monthly
EVS02027,"9221 São Paulo Ave, São Paulo",DC Fast Charger,0.21,9:00-18:00,13.27,59,Ionity,350,Tesla,2023,No,4.8,8,Annually
EVS02028,"4200 San Francisco Ave, San Francisco",DC Fast Charger,0.15,9:00-18:00,14.87,27,EVgo,50,"Tesla, CHAdeMO",2010,Yes,3.9,9,Quarterly
EVS02029,"4915 Berlin Ave, Berlin",AC Level 2,0.37,6:00-22:00,19.69,57,Ionity,150,"Tesla, CHAdeMO",2015,Yes,3.8,4,Quarterly
EVS02030,"5792 Mumbai Ave, Mumbai",AC Level 2,0.38,9:00-18:00,7.41,90,Greenlots,50,"CHAdeMO, Tesla",2014,Yes,4.9,2,Monthly
EVS02031,"5728 Random Rd, City 495, Country",AC Level 1,0.21,24/7,0.55,21,EVgo,150,CHAdeMO,2015,Yes,3.6,2,Quarterly
EVS02032,"7615 San Francisco Ave, San Francisco",AC Level 2,0.46,6:00-22:00,14.05,37,EVgo,350,Type 2,2014,Yes,4.7,4,Quarterly
EVS02033,"4427 Berlin Ave, Berlin",DC Fast Charger,0.22,9:00-18:00,5.52,37,Ionity,50,CCS,2016,No,4.7,1,Quarterly
EVS02034,"3168 Sydney Ave, Sydney",AC Level 1,0.14,6:00-22:00,3.07,48,Ionity,150,Type 2,2013,Yes,3.3,6,Quarterly
EVS02035,"7006 Moscow Ave, Moscow",AC Level 1,0.20,9:00-18:00,7.51,24,Tesla,350,"CCS, Tesla",2017,Yes,3.0,4,Monthly
EVS02036,"6093 Berlin Ave, Berlin",DC Fast Charger,0.46,9:00-18:00,6.53,52,ChargePoint,150,"Tesla, CCS",2010,No,3.6,7,Monthly
EVS02037,"7839 San Francisco Ave, San Francisco",AC Level 1,0.46,24/7,19.86,90,EVgo,50,Tesla,2016,Yes,3.6,4,Quarterly
EVS02038,"3210 São Paulo Ave, São Paulo",DC Fast Charger,0.40,24/7,19.44,91,Ionity,350,"CHAdeMO, Type 2",2023,No,4.3,5,Quarterly
EVS02039,"4608 San Francisco Ave, San Francisco",AC Level 2,0.20,9:00-18:00,0.78,59,EVgo,22,"CHAdeMO, Type 2",2016,No,4.4,3,Monthly
EVS02040,"2166 Sydney Ave, Sydney",AC Level 1,0.27,24/7,8.95,65,Ionity,150,"Tesla, CCS",2022,Yes,4.5,5,Monthly
EVS02041,"1071 Random Rd, City 72, Country",AC Level 2,0.37,24/7,18.78,32,EVgo,22,"Tesla, CCS",2013,No,4.1,7,Monthly
EVS02042,"5903 Bangkok Ave, Bangkok",AC Level 2,0.49,6:00-22:00,15.82,81,Tesla,22,Type 2,2023,Yes,4.6,7,Annually
EVS02043,"6608 Seoul Ave, Seoul",AC Level 2,0.15,6:00-22:00,1.72,95,Greenlots,50,"Tesla, CHAdeMO",2013,No,4.7,4,Annually
EVS02044,"9985 Sydney Ave, Sydney",DC Fast Charger,0.12,24/7,9.83,47,EVgo,22,Tesla,2022,Yes,3.6,4,Annually
EVS02045,"729 Cape Town Ave, Cape Town",AC Level 1,0.32,24/7,17.08,82,ChargePoint,150,"Type 2, Tesla",2023,Yes,4.6,5,Monthly
EVS02046,"5443 Los Angeles Ave, Los Angeles",AC Level 1,0.24,6:00-22:00,16.05,81,Greenlots,350,CHAdeMO,2021,Yes,4.0,3,Monthly
EVS02047,"3096 San Francisco Ave, San Francisco",AC Level 1,0.24,24/7,10.14,30,ChargePoint,150,Tesla,2013,No,4.5,3,Monthly
EVS02048,"2820 Mexico City Ave, Mexico City",AC Level 1,0.19,24/7,12.23,94,Ionity,150,"Tesla, CCS",2017,Yes,4.5,9,Quarterly
EVS02049,"9602 Mexico City Ave, Mexico City",AC Level 1,0.48,9:00-18:00,7.74,47,Greenlots,150,CCS,2021,No,3.1,6,Quarterly
EVS02050,"6006 Sydney Ave, Sydney",AC Level 2,0.37,6:00-22:00,5.44,64,EVgo,150,"Tesla, Type 2",2011,No,4.5,8,Annually
EVS02051,"1978 Random Rd, City 347, Country",AC Level 1,0.44,24/7,15.20,58,ChargePoint,22,Type 2,2013,No,4.2,5,Quarterly
EVS02052,"1049 Moscow Ave, Moscow",DC Fast Charger,0.17,6:00-22:00,5.95,99,ChargePoint,350,Type 2,2019,No,4.7,8,Annually
EVS02053,"5012 Berlin Ave, Berlin",AC Level 2,0.26,6:00-22:00,17.34,59,Ionity,22,"Type 2, Tesla",2014,No,4.8,7,Monthly
EVS02054,"3609 Seoul Ave, Seoul",AC Level 2,0.47,6:00-22:00,4.89,29,Tesla,50,Type 2,2016,Yes,4.9,7,Quarterly
EVS02055,"1053 San Francisco Ave, San Francisco",AC Level 2,0.19,24/7,5.48,52,Tesla,22,"Type 2, CCS",2017,Yes,3.9,4,Monthly
EVS02056,"7517 Sydney Ave, Sydney",AC Level 1,0.48,24/7,7.08,85,ChargePoint,350,CCS,2017,Yes,3.6,9,Monthly
EVS02057,"7790 Beijing Ave, Beijing",AC Level 1,0.19,6:00-22:00,5.30,90,Tesla,150,"Tesla, CHAdeMO",2023,No,3.7,2,Annually
EVS02058,"1954 Chicago Ave, Chicago",DC Fast Charger,0.17,24/7,1.06,47,Greenlots,50,"Tesla, Type 2",2022,No,4.9,8,Annually
EVS02059,"5100 Mexico City Ave, Mexico City",AC Level 2,0.43,6:00-22:00,14.47,94,Greenlots,350,"Type 2, CHAdeMO",2022,Yes,4.2,7,Annually
EVS02060,"4355 Bangkok Ave, Bangkok",DC Fast Charger,0.40,6:00-22:00,1.47,58,ChargePoint,50,"Tesla, CHAdeMO",2021,Yes,3.7,9,Annually
EVS02061,"3406 Random Rd, City 490, Country",DC Fast Charger,0.32,6:00-22:00,5.37,75,EVgo,50,Tesla,2015,Yes,4.5,7,Annually
EVS02062,"5749 Toronto Ave, Toronto",DC Fast Charger,0.12,6:00-22:00,16.74,83,Greenlots,50,CCS,2014,Yes,4.2,9,Quarterly
EVS02063,"6323 Berlin Ave, Berlin",AC Level 2,0.19,9:00-18:00,1.45,96,ChargePoint,50,"CHAdeMO, CCS",2022,Yes,3.4,9,Monthly
EVS02064,"4337 Toronto Ave, Toronto",DC Fast Charger,0.19,24/7,11.22,61,Ionity,22,"Tesla, CCS",2021,No,4.2,9,Quarterly
EVS02065,"1902 Moscow Ave, Moscow",AC Level 2,0.12,24/7,1.11,86,Ionity,50,Tesla,2012,Yes,3.2,4,Quarterly
EVS02066,"3875 São Paulo Ave, São Paulo",DC Fast Charger,0.12,9:00-18:00,11.20,52,Ionity,150,"Type 2, Tesla",2023,No,4.6,1,Annually
EVS02067,"2104 Bangkok Ave, Bangkok",AC Level 2,0.15,24/7,2.18,60,Greenlots,22,CCS,2012,No,3.6,8,Annually
EVS02068,"5376 Mexico City Ave, Mexico City",AC Level 1,0.44,6:00-22:00,1.49,68,EVgo,150,Type 2,2018,Yes,4.2,1,Annually
EVS02069,"1731 Seoul Ave, Seoul",AC Level 2,0.14,9:00-18:00,5.56,15,ChargePoint,350,CHAdeMO,2021,No,3.9,8,Quarterly
EVS02070,"5465 Mexico City Ave, Mexico City",AC Level 2,0.29,6:00-22:00,0.86,24,ChargePoint,50,Tesla,2019,Yes,3.5,10,Monthly
EVS02071,"5509 Random Rd, City 427, Country",AC Level 1,0.35,6:00-22:00,17.09,64,ChargePoint,350,Type 2,2016,No,3.9,3,Quarterly
EVS02072,"5787 Chicago Ave, Chicago",AC Level 2,0.31,24/7,18.25,89,Tesla,22,"Type 2, CCS",2012,No,3.1,4,Annually
EVS02073,"7758 San Francisco Ave, San Francisco",AC Level 1,0.13,24/7,11.24,53,Greenlots,350,Tesla,2011,No,4.2,7,Annually
EVS02074,"8094 Moscow Ave, Moscow",AC Level 1,0.18,6:00-22:00,4.71,49,EVgo,50,"Tesla, CHAdeMO",2020,Yes,5.0,6,Monthly
EVS02075,"883 Mumbai Ave, Mumbai",AC Level 1,0.47,6:00-22:00,4.21,77,Ionity,50,"Tesla, Type 2",2010,No,3.3,1,Annually
EVS02076,"4231 Berlin Ave, Berlin",DC Fast Charger,0.45,9:00-18:00,19.69,84,ChargePoint,50,CHAdeMO,2021,Yes,4.1,8,Quarterly
EVS02077,"6329 San Francisco Ave, San Francisco",AC Level 2,0.20,9:00-18:00,4.62,69,Ionity,22,"Tesla, CCS",2023,Yes,4.5,10,Monthly
EVS02078,"5554 Chicago Ave, Chicago",AC Level 2,0.19,9:00-18:00,18.21,23,Ionity,350,CHAdeMO,2016,Yes,4.9,6,Quarterly
EVS02079,"7601 Berlin Ave, Berlin",DC Fast Charger,0.48,6:00-22:00,16.15,44,Ionity,150,Tesla,2021,No,3.9,1,Quarterly
EVS02080,"3119 Toronto Ave, Toronto",AC Level 1,0.17,6:00-22:00,14.33,65,Tesla,22,"CHAdeMO, Type 2",2019,No,4.6,10,Monthly
EVS02081,"5568 Random Rd, City 487, Country",AC Level 1,0.30,9:00-18:00,3.06,98,Greenlots,150,"CCS, CHAdeMO",2015,Yes,3.8,5,Annually
EVS02082,"4504 Cape Town Ave, Cape Town",AC Level 1,0.20,24/7,18.91,40,Tesla,350,CCS,2013,No,4.2,1,Monthly
EVS02083,"2120 Dubai Ave, Dubai",AC Level 2,0.44,24/7,2.64,34,EVgo,150,Type 2,2010,No,4.9,1,Quarterly
EVS02084,"1402 Sydney Ave, Sydney",AC Level 2,0.22,9:00-18:00,10.93,44,EVgo,150,"CCS, Tesla",2011,Yes,4.8,3,Annually
EVS02085,"5504 Mumbai Ave, Mumbai",AC Level 1,0.37,6:00-22:00,12.73,100,Ionity,50,"Tesla, Type 2",2015,No,4.1,10,Annually
EVS02086,"8937 Dubai Ave, Dubai",AC Level 2,0.33,6:00-22:00,4.04,16,Ionity,50,Type 2,2018,Yes,4.0,7,Quarterly
EVS02087,"1123 Beijing Ave, Beijing",AC Level 1,0.16,24/7,14.39,82,Tesla,22,"Type 2, Tesla",2019,No,3.0,2,Monthly
EVS02088,"4997 San Francisco Ave, San Francisco",DC Fast Charger,0.36,9:00-18:00,19.05,62,EVgo,50,"CCS, Tesla",2020,No,3.9,5,Quarterly
EVS02089,"4760 Toronto Ave, Toronto",DC Fast Charger,0.41,6:00-22:00,3.67,92,Ionity,50,"CCS, Tesla",2020,No,4.3,7,Monthly
EVS02090,"7012 Chicago Ave, Chicago",AC Level 2,0.49,9:00-18:00,18.13,88,Ionity,22,"Type 2, Tesla",2014,Yes,4.2,10,Annually
EVS02091,"3320 Random Rd, City 219, Country",DC Fast Charger,0.28,6:00-22:00,1.29,82,Greenlots,22,"Tesla, Type 2",2023,Yes,4.2,4,Annually
EVS02092,"2401 Toronto Ave, Toronto",AC Level 1,0.14,6:00-22:00,6.98,18,ChargePoint,150,"CHAdeMO, Type 2",2015,No,4.0,2,Quarterly
EVS02093,"4832 Dubai Ave, Dubai",AC Level 2,0.41,24/7,8.62,44,Tesla,50,"CCS, CHAdeMO",2016,No,4.9,7,Monthly
EVS02094,"9528 San Francisco Ave, San Francisco",AC Level 2,0.19,24/7,12.80,42,EVgo,150,CHAdeMO,2018,No,4.2,3,Monthly
EVS02095,"8443 Chicago Ave, Chicago",DC Fast Charger,0.13,6:00-22:00,19.89,65,ChargePoint,350,"Type 2, CHAdeMO",2022,No,3.5,4,Monthly
EVS02096,"5779 Mumbai Ave, Mumbai",DC Fast Charger,0.15,24/7,8.62,82,EVgo,50,"CCS, Type 2",2019,No,4.5,5,Quarterly
EVS02097,"2988 São Paulo Ave, São Paulo",AC Level 2,0.14,24/7,18.41,18,EVgo,150,"Type 2, CHAdeMO",2013,Yes,3.9,8,Monthly
EVS02098,"4342 Toronto Ave, Toronto",DC Fast Charger,0.20,6:00-22:00,14.46,78,Ionity,150,"CHAdeMO, Type 2",2019,No,4.0,8,Annually
EVS02099,"8266 Sydney Ave, Sydney",DC Fast Charger,0.16,9:00-18:00,14.96,46,EVgo,150,Type 2,2023,Yes,4.9,4,Monthly
EVS02100,"8047 Beijing Ave, Beijing",DC Fast Charger,0.42,9:00-18:00,7.14,32,Tesla,50,"Type 2, Tesla",2013,No,3.3,2,Annually
EVS02101,"1391 Random Rd, City 291, Country",AC Level 1,0.18,24/7,18.01,14,Greenlots,50,CCS,2015,Yes,4.6,2,Quarterly
EVS02102,"1609 Dubai Ave, Dubai",AC Level 2,0.10,24/7,13.04,62,Tesla,150,"Tesla, CCS",2021,Yes,3.7,6,Annually
EVS02103,"493 Toronto Ave, Toronto",AC Level 1,0.49,6:00-22:00,13.45,97,ChargePoint,50,CHAdeMO,2016,Yes,3.6,3,Annually
EVS02104,"7189 Cape Town Ave, Cape Town",AC Level 1,0.37,24/7,9.02,10,Tesla,150,"CCS, Tesla",2010,Yes,3.4,4,Annually
EVS02105,"527 Bangkok Ave, Bangkok",AC Level 2,0.34,9:00-18:00,16.50,48,EVgo,350,"Type 2, Tesla",2017,Yes,4.8,2,Quarterly
EVS02106,"7193 Beijing Ave, Beijing",DC Fast Charger,0.11,9:00-18:00,3.68,43,EVgo,50,Tesla,2019,Yes,5.0,8,Annually
EVS02107,"7202 Mumbai Ave, Mumbai",DC Fast Charger,0.50,9:00-18:00,0.95,66,ChargePoint,150,"Tesla, CHAdeMO",2014,No,4.3,10,Quarterly
EVS02108,"606 Mexico City Ave, Mexico City",DC Fast Charger,0.33,24/7,15.98,37,Ionity,50,"Tesla, CCS",2011,Yes,3.2,1,Quarterly
EVS02109,"6298 Chicago Ave, Chicago",DC Fast Charger,0.32,9:00-18:00,3.70,63,Greenlots,150,CHAdeMO,2021,No,3.3,8,Annually
EVS02110,"2778 Cape Town Ave, Cape Town",DC Fast Charger,0.38,9:00-18:00,10.99,55,EVgo,350,Tesla,2022,No,4.0,6,Quarterly
EVS02111,"7074 Random Rd, City 94, Country",AC Level 2,0.34,6:00-22:00,11.14,78,Greenlots,350,"CCS, CHAdeMO",2013,No,4.9,1,Monthly
EVS02112,"7963 Beijing Ave, Beijing",AC Level 2,0.19,6:00-22:00,4.94,11,Ionity,350,"Type 2, CCS",2012,Yes,4.6,7,Annually
EVS02113,"4295 Beijing Ave, Beijing",AC Level 2,0.34,24/7,3.07,32,Tesla,50,Tesla,2010,Yes,4.0,8,Monthly
EVS02114,"4284 Mexico City Ave, Mexico City",AC Level 1,0.23,6:00-22:00,5.36,93,Ionity,350,"Type 2, Tesla",2016,Yes,4.1,3,Annually
EVS02115,"8302 São Paulo Ave, São Paulo",AC Level 1,0.31,6:00-22:00,13.66,94,EVgo,150,"Tesla, CCS",2012,Yes,3.6,3,Monthly
EVS02116,"3119 Moscow Ave, Moscow",AC Level 2,0.28,6:00-22:00,16.29,33,Greenlots,150,"Tesla, CCS",2018,No,3.2,1,Annually
EVS02117,"7326 São Paulo Ave, São Paulo",AC Level 1,0.22,24/7,17.64,73,Tesla,150,Type 2,2017,Yes,4.1,7,Annually
EVS02118,"8055 Sydney Ave, Sydney",AC Level 2,0.20,6:00-22:00,19.45,58,Ionity,22,"CCS, CHAdeMO",2010,No,3.3,3,Monthly
EVS02119,"2482 Chicago Ave, Chicago",DC Fast Charger,0.32,24/7,3.20,95,Greenlots,150,"Type 2, CHAdeMO",2014,Yes,4.7,4,Annually
EVS02120,"6037 Los Angeles Ave, Los Angeles",AC Level 1,0.40,24/7,2.33,49,Tesla,50,"Tesla, CHAdeMO",2017,Yes,4.0,5,Monthly
EVS02121,"2721 Random Rd, City 158, Country",AC Level 1,0.34,24/7,18.54,30,ChargePoint,350,Tesla,2014,No,3.7,3,Annually
EVS02122,"2377 Moscow Ave, Moscow",DC Fast Charger,0.29,24/7,19.94,47,Greenlots,350,"Tesla, CHAdeMO",2016,Yes,3.2,7,Monthly
EVS02123,"9944 Chicago Ave, Chicago",DC Fast Charger,0.13,24/7,7.25,11,Greenlots,22,"Type 2, Tesla",2021,Yes,3.5,5,Quarterly
EVS02124,"3272 Seoul Ave, Seoul",DC Fast Charger,0.34,6:00-22:00,0.89,79,Tesla,150,CHAdeMO,2022,No,3.4,7,Monthly
EVS02125,"1680 Cape Town Ave, Cape Town",AC Level 2,0.38,6:00-22:00,13.57,54,Tesla,22,CHAdeMO,2013,No,4.3,6,Quarterly
EVS02126,"8102 Los Angeles Ave, Los Angeles",DC Fast Charger,0.29,24/7,15.58,75,Greenlots,150,Type 2,2013,Yes,4.3,4,Quarterly
EVS02127,"4377 Bangkok Ave, Bangkok",AC Level 1,0.19,9:00-18:00,6.40,28,EVgo,350,"Tesla, CCS",2013,Yes,3.8,4,Annually
EVS02128,"1665 Seoul Ave, Seoul",AC Level 2,0.13,24/7,18.62,40,EVgo,350,"Type 2, CCS",2023,No,4.0,3,Monthly
EVS02129,"9554 Bangkok Ave, Bangkok",AC Level 1,0.21,9:00-18:00,1.04,16,Tesla,50,CCS,2020,No,3.5,6,Annually
EVS02130,"9093 Mexico City Ave, Mexico City",AC Level 1,0.39,24/7,7.31,92,Tesla,350,Tesla,2020,Yes,3.8,4,Annually
EVS02131,"4810 Random Rd, City 335, Country",AC Level 1,0.39,6:00-22:00,18.74,75,Ionity,22,CHAdeMO,2013,Yes,4.9,3,Quarterly
EVS02132,"5661 Moscow Ave, Moscow",DC Fast Charger,0.11,6:00-22:00,8.46,51,ChargePoint,150,"Tesla, Type 2",2013,Yes,4.8,9,Annually
EVS02133,"370 Chicago Ave, Chicago",AC Level 2,0.25,24/7,9.69,70,Greenlots,150,CCS,2014,No,4.7,10,Quarterly
EVS02134,"6213 Sydney Ave, Sydney",AC Level 2,0.40,6:00-22:00,3.47,86,ChargePoint,150,Tesla,2017,Yes,4.1,3,Quarterly
EVS02135,"2903 Moscow Ave, Moscow",AC Level 2,0.30,6:00-22:00,13.64,47,ChargePoint,350,CCS,2014,No,3.5,7,Monthly
EVS02136,"220 San Francisco Ave, San Francisco",AC Level 1,0.41,24/7,6.49,75,ChargePoint,22,CCS,2016,Yes,3.2,10,Monthly
EVS02137,"7423 Chicago Ave, Chicago",AC Level 2,0.33,24/7,10.32,24,Greenlots,150,"Type 2, Tesla",2011,Yes,3.6,6,Quarterly
EVS02138,"1111 Cape Town Ave, Cape Town",AC Level 2,0.30,24/7,11.23,81,Greenlots,150,Tesla,2020,No,4.8,1,Annually
EVS02139,"7682 Beijing Ave, Beijing",DC Fast Charger,0.21,9:00-18:00,6.57,30,Ionity,150,"CCS, Tesla",2023,Yes,4.9,3,Monthly
EVS02140,"5215 Bangkok Ave, Bangkok",AC Level 2,0.38,6:00-22:00,7.73,51,EVgo,350,"CCS, Tesla",2012,No,4.0,6,Monthly
EVS02141,"751 Random Rd, City 306, Country",DC Fast Charger,0.11,6:00-22:00,3.35,61,EVgo,150,"CHAdeMO, CCS",2015,No,3.4,2,Quarterly
EVS02142,"6169 Los Angeles Ave, Los Angeles",DC Fast Charger,0.16,9:00-18:00,6.16,66,Ionity,22,Type 2,2010,No,3.4,3,Quarterly
EVS02143,"3254 Sydney Ave, Sydney",AC Level 2,0.23,9:00-18:00,15.15,75,Ionity,50,"CHAdeMO, CCS",2023,Yes,5.0,4,Monthly
EVS02144,"6419 Berlin Ave, Berlin",AC Level 2,0.50,6:00-22:00,1.76,51,Greenlots,50,"CCS, Type 2",2012,No,3.6,9,Monthly
EVS02145,"9440 Los Angeles Ave, Los Angeles",DC Fast Charger,0.33,24/7,18.90,83,Tesla,150,Type 2,2011,Yes,4.9,10,Monthly
EVS02146,"1963 São Paulo Ave, São Paulo",AC Level 1,0.28,6:00-22:00,8.58,98,Tesla,350,"CCS, Type 2",2023,No,4.8,9,Monthly
EVS02147,"4705 Mumbai Ave, Mumbai",AC Level 2,0.36,6:00-22:00,19.95,47,ChargePoint,350,Type 2,2018,Yes,4.6,9,Annually
EVS02148,"9294 Seoul Ave, Seoul",DC Fast Charger,0.32,9:00-18:00,6.97,24,Ionity,350,"Type 2, CHAdeMO",2021,No,4.7,4,Monthly
EVS02149,"3521 San Francisco Ave, San Francisco",AC Level 1,0.49,24/7,13.21,79,Ionity,150,"CCS, Type 2",2014,Yes,3.1,4,Annually
EVS02150,"8387 Sydney Ave, Sydney",AC Level 1,0.44,9:00-18:00,2.45,92,EVgo,50,Tesla,2018,No,4.4,9,Monthly
EVS02151,"5984 Random Rd, City 167, Country",DC Fast Charger,0.15,6:00-22:00,16.90,37,Greenlots,50,"Tesla, CCS",2023,Yes,3.1,9,Annually
EVS02152,"5705 Mumbai Ave, Mumbai",DC Fast Charger,0.15,9:00-18:00,17.03,83,Ionity,50,"Tesla, CHAdeMO",2022,Yes,3.5,7,Monthly
EVS02153,"3049 Bangkok Ave, Bangkok",AC Level 1,0.16,24/7,6.59,37,Tesla,22,"Tesla, CCS",2022,Yes,4.3,9,Monthly
EVS02154,"5083 Seoul Ave, Seoul",AC Level 2,0.24,6:00-22:00,1.06,11,Ionity,50,"Tesla, CHAdeMO",2013,Yes,3.4,5,Monthly
EVS02155,"3217 Mumbai Ave, Mumbai",AC Level 1,0.49,9:00-18:00,17.25,81,ChargePoint,50,"Type 2, Tesla",2018,No,3.3,9,Annually
EVS02156,"6128 Moscow Ave, Moscow",DC Fast Charger,0.42,24/7,9.96,25,ChargePoint,150,"Type 2, Tesla",2010,No,4.8,4,Monthly
EVS02157,"3064 Mumbai Ave, Mumbai",AC Level 2,0.27,9:00-18:00,3.19,88,Tesla,350,"CHAdeMO, Type 2",2015,No,3.0,7,Monthly
EVS02158,"9249 Sydney Ave, Sydney",DC Fast Charger,0.45,6:00-22:00,14.13,46,Greenlots,350,"Type 2, CHAdeMO",2023,Yes,3.7,9,Annually
EVS02159,"2745 Chicago Ave, Chicago",AC Level 2,0.33,9:00-18:00,12.13,77,EVgo,50,"Tesla, CHAdeMO",2023,Yes,3.3,7,Quarterly
EVS02160,"4 Bangkok Ave, Bangkok",DC Fast Charger,0.32,9:00-18:00,15.94,93,ChargePoint,350,Type 2,2023,No,3.1,7,Monthly
EVS02161,"539 Random Rd, City 254, Country",AC Level 2,0.31,6:00-22:00,11.07,27,ChargePoint,350,"Tesla, CHAdeMO",2018,No,3.3,1,Quarterly
EVS02162,"1210 Sydney Ave, Sydney",AC Level 2,0.49,9:00-18:00,0.68,92,Greenlots,22,Tesla,2016,Yes,4.0,1,Monthly
EVS02163,"9800 Mumbai Ave, Mumbai",DC Fast Charger,0.40,24/7,15.24,43,Ionity,350,"CHAdeMO, Tesla",2013,Yes,3.5,5,Annually
EVS02164,"7033 Beijing Ave, Beijing",AC Level 2,0.42,24/7,1.31,59,ChargePoint,50,"Type 2, Tesla",2021,No,3.6,5,Annually
EVS02165,"5580 Mumbai Ave, Mumbai",AC Level 2,0.33,6:00-22:00,10.67,25,Ionity,50,CCS,2012,Yes,3.6,1,Quarterly
EVS02166,"4928 Moscow Ave, Moscow",AC Level 2,0.17,6:00-22:00,3.55,34,Ionity,22,"Tesla, CCS",2022,Yes,3.4,7,Monthly
EVS02167,"3716 Beijing Ave, Beijing",DC Fast Charger,0.11,24/7,5.66,58,EVgo,350,"Type 2, Tesla",2014,Yes,4.1,7,Annually
EVS02168,"4095 São Paulo Ave, São Paulo",AC Level 2,0.18,9:00-18:00,4.57,29,Ionity,50,"CCS, Tesla",2021,Yes,3.7,6,Quarterly
EVS02169,"5565 Beijing Ave, Beijing",AC Level 1,0.25,24/7,12.47,48,EVgo,350,"Tesla, CHAdeMO",2014,No,3.3,10,Annually
EVS02170,"2809 Mumbai Ave, Mumbai",AC Level 1,0.10,9:00-18:00,13.22,19,EVgo,22,"CCS, Type 2",2010,Yes,4.2,6,Annually
EVS02171,"6855 Random Rd, City 407, Country",AC Level 2,0.17,9:00-18:00,13.64,56,EVgo,350,CCS,2014,No,3.6,7,Monthly
EVS02172,"7128 Moscow Ave, Moscow",DC Fast Charger,0.46,6:00-22:00,5.37,54,ChargePoint,50,Type 2,2014,No,4.4,1,Quarterly
EVS02173,"3143 Cape Town Ave, Cape Town",AC Level 2,0.38,24/7,11.37,31,Greenlots,50,Tesla,2022,No,4.5,3,Monthly
EVS02174,"6911 San Francisco Ave, San Francisco",AC Level 2,0.23,24/7,7.49,66,Greenlots,50,CHAdeMO,2021,Yes,3.3,6,Monthly
EVS02175,"8079 Berlin Ave, Berlin",AC Level 1,0.37,9:00-18:00,7.01,83,Tesla,350,"CHAdeMO, Type 2",2018,No,4.0,8,Quarterly
EVS02176,"2739 Los Angeles Ave, Los Angeles",AC Level 1,0.19,9:00-18:00,3.85,92,EVgo,22,"CCS, CHAdeMO",2022,Yes,4.2,2,Monthly
EVS02177,"1062 Cape Town Ave, Cape Town",DC Fast Charger,0.11,9:00-18:00,13.99,36,ChargePoint,22,"Tesla, CCS",2014,No,4.8,3,Annually
EVS02178,"4514 Moscow Ave, Moscow",AC Level 2,0.44,24/7,1.22,51,Greenlots,150,CHAdeMO,2016,Yes,3.7,1,Quarterly
EVS02179,"9937 Berlin Ave, Berlin",DC Fast Charger,0.47,24/7,10.24,85,EVgo,150,CCS,2016,Yes,3.1,10,Quarterly
EVS02180,"7117 Beijing Ave, Beijing",AC Level 1,0.18,6:00-22:00,17.02,81,ChargePoint,150,Tesla,2015,Yes,4.4,10,Annually
EVS02181,"5008 Random Rd, City 376, Country",AC Level 1,0.29,6:00-22:00,1.54,82,EVgo,150,"Tesla, CHAdeMO",2018,Yes,4.7,6,Monthly
EVS02182,"287 Cape Town Ave, Cape Town",DC Fast Charger,0.28,24/7,15.45,81,ChargePoint,350,"Tesla, CHAdeMO",2015,No,3.1,5,Annually
EVS02183,"9900 Bangkok Ave, Bangkok",AC Level 1,0.33,9:00-18:00,3.10,81,ChargePoint,350,CCS,2016,No,4.8,6,Monthly
EVS02184,"4229 Dubai Ave, Dubai",DC Fast Charger,0.31,6:00-22:00,6.28,96,EVgo,50,"Type 2, CHAdeMO",2019,No,5.0,4,Annually
EVS02185,"8569 Beijing Ave, Beijing",AC Level 2,0.28,9:00-18:00,16.68,40,EVgo,50,Tesla,2013,No,4.8,7,Quarterly
EVS02186,"525 Mumbai Ave, Mumbai",AC Level 1,0.49,24/7,19.44,88,Ionity,22,"Type 2, Tesla",2016,No,4.8,7,Monthly
EVS02187,"2885 Beijing Ave, Beijing",AC Level 1,0.15,9:00-18:00,9.58,44,ChargePoint,22,Type 2,2014,Yes,3.7,3,Annually
EVS02188,"7521 Cape Town Ave, Cape Town",AC Level 1,0.24,9:00-18:00,17.08,83,EVgo,50,Type 2,2011,No,4.7,1,Monthly
EVS02189,"9755 Sydney Ave, Sydney",AC Level 1,0.44,9:00-18:00,1.37,57,Ionity,150,"Type 2, CCS",2022,Yes,4.3,5,Monthly
EVS02190,"8718 Los Angeles Ave, Los Angeles",AC Level 1,0.11,9:00-18:00,14.90,38,Tesla,22,"CHAdeMO, Type 2",2010,No,3.6,6,Quarterly
EVS02191,"9941 Random Rd, City 439, Country",AC Level 2,0.10,9:00-18:00,2.16,96,Ionity,350,CCS,2010,No,4.8,6,Annually
EVS02192,"1385 São Paulo Ave, São Paulo",DC Fast Charger,0.27,9:00-18:00,18.13,21,EVgo,150,Type 2,2017,No,4.5,1,Annually
EVS02193,"6325 Seoul Ave, Seoul",DC Fast Charger,0.50,24/7,14.49,60,Tesla,350,Type 2,2019,Yes,3.1,6,Quarterly
EVS02194,"338 San Francisco Ave, San Francisco",AC Level 1,0.24,6:00-22:00,6.58,26,Tesla,22,Type 2,2011,Yes,4.3,10,Monthly
EVS02195,"4504 São Paulo Ave, São Paulo",DC Fast Charger,0.50,6:00-22:00,8.30,20,Greenlots,50,"CCS, Type 2",2012,No,4.6,10,Monthly
EVS02196,"687 Seoul Ave, Seoul",AC Level 1,0.17,24/7,5.60,68,EVgo,150,CCS,2010,No,4.1,4,Monthly
EVS02197,"2681 Cape Town Ave, Cape Town",AC Level 2,0.30,9:00-18:00,19.64,13,EVgo,150,Tesla,2023,Yes,4.6,9,Monthly
EVS02198,"6981 Chicago Ave, Chicago",AC Level 2,0.15,6:00-22:00,13.89,12,Greenlots,50,"CCS, Tesla",2014,No,4.8,6,Annually
EVS02199,"8363 Los Angeles Ave, Los Angeles",DC Fast Charger,0.43,9:00-18:00,14.13,24,EVgo,22,CHAdeMO,2021,No,3.7,2,Quarterly
EVS02200,"5390 Berlin Ave, Berlin",AC Level 1,0.15,24/7,5.08,71,Tesla,50,"CCS, Type 2",2014,Yes,3.1,4,Monthly
EVS02201,"7638 Random Rd, City 212, Country",AC Level 2,0.23,9:00-18:00,5.66,31,EVgo,50,"Type 2, Tesla",2012,Yes,4.7,9,Quarterly
EVS02202,"7433 Moscow Ave, Moscow",DC Fast Charger,0.14,24/7,11.55,42,EVgo,50,Type 2,2012,Yes,4.4,6,Monthly
EVS02203,"1078 Bangkok Ave, Bangkok",AC Level 2,0.38,24/7,1.91,17,Tesla,50,"Type 2, CHAdeMO",2015,No,5.0,6,Monthly
EVS02204,"5916 Bangkok Ave, Bangkok",AC Level 1,0.20,24/7,4.84,37,Greenlots,22,CHAdeMO,2019,Yes,3.7,5,Annually
EVS02205,"3948 Los Angeles Ave, Los Angeles",DC Fast Charger,0.16,6:00-22:00,17.50,64,ChargePoint,22,"CCS, Tesla",2012,No,4.5,9,Annually
EVS02206,"9438 São Paulo Ave, São Paulo",AC Level 1,0.15,9:00-18:00,5.22,12,EVgo,150,CHAdeMO,2017,Yes,4.5,7,Monthly
EVS02207,"2475 Sydney Ave, Sydney",AC Level 2,0.18,9:00-18:00,16.03,99,Ionity,150,CHAdeMO,2011,Yes,4.7,5,Annually
EVS02208,"1044 Mexico City Ave, Mexico City",AC Level 2,0.28,9:00-18:00,7.51,10,ChargePoint,150,CCS,2016,Yes,3.3,2,Quarterly
EVS02209,"1928 Chicago Ave, Chicago",DC Fast Charger,0.16,6:00-22:00,11.66,83,ChargePoint,22,"Tesla, CCS",2013,No,3.3,2,Quarterly
EVS02210,"9592 Moscow Ave, Moscow",AC Level 1,0.12,9:00-18:00,17.27,94,Tesla,350,Tesla,2010,Yes,4.6,2,Quarterly
EVS02211,"4412 Random Rd, City 281, Country",AC Level 1,0.27,24/7,18.15,63,ChargePoint,150,CCS,2016,No,3.7,10,Monthly
EVS02212,"6536 São Paulo Ave, São Paulo",AC Level 1,0.18,9:00-18:00,2.00,67,Tesla,22,"Tesla, Type 2",2013,No,3.8,3,Quarterly
EVS02213,"2585 Dubai Ave, Dubai",AC Level 2,0.47,24/7,19.95,11,Greenlots,350,"CCS, Type 2",2013,No,4.5,3,Annually
EVS02214,"5437 Dubai Ave, Dubai",AC Level 2,0.11,6:00-22:00,17.40,75,EVgo,50,"Type 2, CHAdeMO",2020,No,3.2,5,Quarterly
EVS02215,"2457 Mumbai Ave, Mumbai",AC Level 1,0.38,9:00-18:00,16.46,92,Tesla,150,CHAdeMO,2021,No,3.9,9,Monthly
EVS02216,"3284 Toronto Ave, Toronto",AC Level 1,0.11,9:00-18:00,17.50,52,Ionity,150,Tesla,2010,No,3.8,5,Monthly
EVS02217,"1424 Chicago Ave, Chicago",AC Level 2,0.19,6:00-22:00,6.01,73,Tesla,50,"CCS, CHAdeMO",2014,Yes,3.4,8,Annually
EVS02218,"271 Seoul Ave, Seoul",DC Fast Charger,0.28,9:00-18:00,16.49,91,Tesla,22,Type 2,2022,Yes,3.4,8,Monthly
EVS02219,"9218 San Francisco Ave, San Francisco",DC Fast Charger,0.17,6:00-22:00,12.31,57,ChargePoint,150,"CCS, CHAdeMO",2013,Yes,4.4,5,Annually
EVS02220,"2983 Berlin Ave, Berlin",AC Level 2,0.33,24/7,5.99,75,Greenlots,22,"Type 2, Tesla",2012,No,4.8,5,Quarterly
EVS02221,"2358 Random Rd, City 172, Country",DC Fast Charger,0.14,24/7,18.90,97,ChargePoint,22,"CHAdeMO, Tesla",2019,Yes,3.4,10,Quarterly
EVS02222,"8252 Beijing Ave, Beijing",AC Level 2,0.46,24/7,19.95,85,Greenlots,150,CHAdeMO,2018,No,4.6,4,Monthly
EVS02223,"1129 Chicago Ave, Chicago",AC Level 2,0.35,9:00-18:00,18.47,36,Greenlots,350,"Tesla, Type 2",2021,No,3.0,2,Annually
EVS02224,"7150 Mexico City Ave, Mexico City",AC Level 2,0.15,9:00-18:00,11.00,12,Ionity,150,CCS,2021,Yes,4.6,7,Quarterly
EVS02225,"1621 San Francisco Ave, San Francisco",DC Fast Charger,0.42,24/7,11.76,74,ChargePoint,350,"CHAdeMO, Tesla",2016,No,3.5,8,Monthly
EVS02226,"1644 San Francisco Ave, San Francisco",DC Fast Charger,0.46,24/7,18.15,32,EVgo,50,CCS,2016,No,3.6,8,Monthly
EVS02227,"886 Seoul Ave, Seoul",DC Fast Charger,0.31,9:00-18:00,15.00,20,Ionity,350,Type 2,2014,Yes,3.1,8,Quarterly
EVS02228,"7026 São Paulo Ave, São Paulo",AC Level 1,0.11,9:00-18:00,16.21,39,Greenlots,50,"Type 2, CHAdeMO",2020,Yes,3.8,9,Quarterly
EVS02229,"659 Seoul Ave, Seoul",AC Level 1,0.47,9:00-18:00,6.42,93,Tesla,350,Type 2,2012,Yes,3.9,1,Annually
EVS02230,"5484 Bangkok Ave, Bangkok",AC Level 2,0.45,6:00-22:00,10.97,48,Ionity,22,Tesla,2013,No,3.5,2,Annually
EVS02231,"638 Random Rd, City 93, Country",AC Level 1,0.48,9:00-18:00,18.27,79,ChargePoint,150,"Type 2, Tesla",2012,No,3.0,2,Quarterly
EVS02232,"6070 Mumbai Ave, Mumbai",AC Level 1,0.50,9:00-18:00,1.61,48,Tesla,350,Type 2,2014,No,4.7,6,Monthly
EVS02233,"1112 Bangkok Ave, Bangkok",AC Level 1,0.44,6:00-22:00,7.72,59,EVgo,150,"Tesla, CCS",2020,No,3.5,5,Quarterly
EVS02234,"4823 Bangkok Ave, Bangkok",AC Level 2,0.33,6:00-22:00,0.83,76,Greenlots,350,Tesla,2017,Yes,4.8,10,Quarterly
EVS02235,"7142 Toronto Ave, Toronto",AC Level 1,0.34,9:00-18:00,8.63,61,EVgo,150,"CCS, CHAdeMO",2022,Yes,4.0,2,Annually
EVS02236,"9385 Dubai Ave, Dubai",AC Level 2,0.46,6:00-22:00,0.96,53,Tesla,150,"Tesla, CCS",2016,Yes,4.5,7,Quarterly
EVS02237,"2028 Bangkok Ave, Bangkok",AC Level 1,0.28,24/7,8.02,79,Greenlots,50,"Tesla, CCS",2017,Yes,3.5,10,Quarterly
EVS02238,"8225 Bangkok Ave, Bangkok",AC Level 2,0.23,24/7,6.58,91,Greenlots,50,"Tesla, CCS",2011,No,3.7,6,Quarterly
EVS02239,"189 Toronto Ave, Toronto",AC Level 1,0.31,6:00-22:00,8.13,16,EVgo,350,Tesla,2019,No,4.9,3,Monthly
EVS02240,"9253 São Paulo Ave, São Paulo",AC Level 1,0.17,6:00-22:00,9.35,15,Tesla,22,CHAdeMO,2018,Yes,4.5,1,Monthly
EVS02241,"4863 Random Rd, City 71, Country",AC Level 1,0.22,9:00-18:00,17.13,18,ChargePoint,22,"Tesla, CCS",2020,Yes,4.7,10,Annually
EVS02242,"1528 Mexico City Ave, Mexico City",AC Level 2,0.28,9:00-18:00,5.01,92,Greenlots,150,Tesla,2012,Yes,4.7,2,Quarterly
EVS02243,"9672 Beijing Ave, Beijing",AC Level 2,0.38,24/7,12.19,71,Greenlots,350,"CCS, Tesla",2023,No,5.0,1,Monthly
EVS02244,"4529 San Francisco Ave, San Francisco",AC Level 2,0.14,9:00-18:00,18.04,45,Greenlots,22,CHAdeMO,2014,No,3.4,8,Quarterly
EVS02245,"8546 Bangkok Ave, Bangkok",DC Fast Charger,0.26,6:00-22:00,8.94,23,ChargePoint,22,"Tesla, CCS",2023,Yes,4.6,9,Annually
EVS02246,"4733 Berlin Ave, Berlin",DC Fast Charger,0.38,9:00-18:00,7.47,61,ChargePoint,150,Type 2,2020,No,4.6,1,Monthly
EVS02247,"9186 Chicago Ave, Chicago",DC Fast Charger,0.43,24/7,13.88,58,Ionity,350,CCS,2016,No,4.1,7,Monthly
EVS02248,"6852 San Francisco Ave, San Francisco",DC Fast Charger,0.49,6:00-22:00,3.73,10,Ionity,150,"CCS, CHAdeMO",2013,Yes,3.6,1,Monthly
EVS02249,"9373 Seoul Ave, Seoul",AC Level 1,0.15,24/7,17.58,27,Greenlots,22,"Type 2, Tesla",2019,Yes,3.2,7,Annually
EVS02250,"4748 Moscow Ave, Moscow",AC Level 2,0.23,24/7,5.70,87,EVgo,350,"Type 2, CCS",2023,No,3.2,7,Annually
EVS02251,"6670 Random Rd, City 222, Country",AC Level 2,0.36,6:00-22:00,6.19,78,Greenlots,22,"Tesla, CCS",2021,No,3.7,1,Annually
EVS02252,"708 San Francisco Ave, San Francisco",AC Level 2,0.32,6:00-22:00,18.45,69,Ionity,350,Type 2,2023,Yes,4.6,6,Quarterly
EVS02253,"5890 Berlin Ave, Berlin",DC Fast Charger,0.30,24/7,3.88,47,Tesla,350,"Tesla, CCS",2018,No,3.7,2,Quarterly
EVS02254,"8755 Mexico City Ave, Mexico City",DC Fast Charger,0.40,9:00-18:00,8.22,74,Tesla,22,Type 2,2010,Yes,3.1,4,Annually
EVS02255,"4068 Seoul Ave, Seoul",AC Level 1,0.39,9:00-18:00,5.33,59,ChargePoint,350,CCS,2018,No,3.8,7,Quarterly
EVS02256,"6299 Cape Town Ave, Cape Town",DC Fast Charger,0.25,6:00-22:00,15.78,98,Tesla,50,Tesla,2021,No,4.8,6,Monthly
EVS02257,"7198 Dubai Ave, Dubai",AC Level 2,0.45,6:00-22:00,0.52,85,ChargePoint,50,Tesla,2015,Yes,3.2,1,Quarterly
EVS02258,"279 Seoul Ave, Seoul",AC Level 1,0.30,24/7,15.18,28,Tesla,22,"Tesla, CCS",2011,Yes,3.3,9,Monthly
EVS02259,"4208 São Paulo Ave, São Paulo",AC Level 2,0.16,24/7,14.53,72,EVgo,22,Tesla,2020,Yes,3.2,4,Quarterly
EVS02260,"738 Bangkok Ave, Bangkok",AC Level 2,0.13,6:00-22:00,6.25,98,Greenlots,50,"CCS, Tesla",2020,No,3.2,5,Quarterly
EVS02261,"6114 Random Rd, City 183, Country",DC Fast Charger,0.14,24/7,14.98,15,Greenlots,350,CCS,2013,Yes,3.3,6,Annually
EVS02262,"7980 Sydney Ave, Sydney",DC Fast Charger,0.32,6:00-22:00,12.51,84,ChargePoint,22,Tesla,2021,No,3.2,1,Annually
EVS02263,"6334 Los Angeles Ave, Los Angeles",AC Level 2,0.24,6:00-22:00,5.99,62,Ionity,22,"Type 2, CCS",2014,Yes,3.5,6,Quarterly
EVS02264,"3604 Cape Town Ave, Cape Town",DC Fast Charger,0.23,9:00-18:00,1.53,13,EVgo,150,"Type 2, CCS",2021,Yes,3.3,9,Annually
EVS02265,"8926 Sydney Ave, Sydney",AC Level 2,0.47,9:00-18:00,4.07,42,Greenlots,150,CCS,2015,No,4.6,10,Monthly
EVS02266,"3100 Mumbai Ave, Mumbai",AC Level 1,0.36,24/7,19.43,74,Greenlots,150,Tesla,2020,Yes,4.8,2,Monthly
EVS02267,"4743 São Paulo Ave, São Paulo",AC Level 2,0.40,6:00-22:00,15.29,89,Tesla,150,"CHAdeMO, Type 2",2016,Yes,5.0,4,Annually
EVS02268,"9615 Chicago Ave, Chicago",AC Level 1,0.42,9:00-18:00,14.19,57,ChargePoint,350,CHAdeMO,2012,Yes,3.4,4,Quarterly
EVS02269,"1683 Chicago Ave, Chicago",DC Fast Charger,0.11,24/7,1.27,93,EVgo,150,CCS,2010,Yes,4.3,3,Monthly
EVS02270,"2705 Bangkok Ave, Bangkok",AC Level 2,0.17,6:00-22:00,19.07,21,Greenlots,22,Type 2,2013,Yes,3.0,4,Quarterly
EVS02271,"8912 Random Rd, City 2, Country",DC Fast Charger,0.32,9:00-18:00,7.40,48,EVgo,22,"Type 2, CHAdeMO",2015,Yes,3.1,1,Quarterly
EVS02272,"161 Moscow Ave, Moscow",DC Fast Charger,0.41,9:00-18:00,15.35,74,Tesla,50,"Type 2, CCS",2014,No,3.1,8,Quarterly
EVS02273,"4298 San Francisco Ave, San Francisco",AC Level 1,0.38,24/7,6.42,54,EVgo,150,"CCS, Tesla",2011,Yes,3.4,7,Quarterly
EVS02274,"8306 São Paulo Ave, São Paulo",AC Level 2,0.43,9:00-18:00,16.57,60,Ionity,350,Type 2,2021,No,4.3,7,Monthly
EVS02275,"8994 Cape Town Ave, Cape Town",DC Fast Charger,0.25,24/7,19.28,42,ChargePoint,350,"CHAdeMO, Tesla",2015,No,4.1,9,Monthly
EVS02276,"5849 Toronto Ave, Toronto",DC Fast Charger,0.27,24/7,19.67,98,Tesla,150,CCS,2016,Yes,3.2,6,Monthly
EVS02277,"7891 Seoul Ave, Seoul",DC Fast Charger,0.31,24/7,9.66,28,Tesla,22,Type 2,2016,Yes,4.4,5,Quarterly
EVS02278,"4164 Berlin Ave, Berlin",AC Level 1,0.15,9:00-18:00,3.26,84,Tesla,350,CCS,2010,Yes,4.3,5,Monthly
EVS02279,"8916 Berlin Ave, Berlin",AC Level 2,0.23,9:00-18:00,19.88,78,Tesla,22,"CHAdeMO, Tesla",2021,No,4.3,9,Annually
EVS02280,"5091 Toronto Ave, Toronto",DC Fast Charger,0.21,9:00-18:00,10.30,26,Greenlots,150,CCS,2022,No,4.3,5,Annually
EVS02281,"5573 Random Rd, City 315, Country",DC Fast Charger,0.30,24/7,7.80,86,Tesla,150,CCS,2017,No,4.3,6,Annually
EVS02282,"9641 Mexico City Ave, Mexico City",AC Level 1,0.32,9:00-18:00,13.89,53,ChargePoint,350,CCS,2019,No,3.1,10,Monthly
EVS02283,"5265 Chicago Ave, Chicago",AC Level 2,0.49,6:00-22:00,0.60,87,ChargePoint,22,"CHAdeMO, Tesla",2019,No,3.4,6,Annually
EVS02284,"25 Toronto Ave, Toronto",AC Level 2,0.17,24/7,0.51,58,Ionity,50,Tesla,2010,No,4.6,8,Monthly
EVS02285,"9063 Toronto Ave, Toronto",DC Fast Charger,0.30,24/7,5.02,86,Greenlots,50,"Type 2, Tesla",2021,Yes,3.9,10,Monthly
EVS02286,"9403 Toronto Ave, Toronto",AC Level 1,0.24,6:00-22:00,3.57,45,Greenlots,22,CCS,2014,No,3.4,5,Monthly
EVS02287,"1564 Mumbai Ave, Mumbai",AC Level 2,0.21,24/7,9.56,25,Ionity,350,Tesla,2019,Yes,3.1,5,Monthly
EVS02288,"5201 Dubai Ave, Dubai",AC Level 1,0.29,24/7,8.53,80,Greenlots,22,CHAdeMO,2020,Yes,3.2,1,Quarterly
EVS02289,"9280 Dubai Ave, Dubai",AC Level 2,0.16,6:00-22:00,10.72,88,Tesla,22,"CHAdeMO, CCS",2013,No,4.3,8,Annually
EVS02290,"4871 Seoul Ave, Seoul",AC Level 1,0.20,9:00-18:00,1.32,75,Tesla,22,Type 2,2021,No,3.2,8,Monthly
EVS02291,"452 Random Rd, City 463, Country",DC Fast Charger,0.16,24/7,9.66,59,Greenlots,22,Type 2,2022,Yes,3.9,1,Monthly
EVS02292,"9689 Toronto Ave, Toronto",DC Fast Charger,0.39,9:00-18:00,3.81,65,Greenlots,50,CHAdeMO,2015,No,4.3,5,Annually
EVS02293,"3314 Berlin Ave, Berlin",DC Fast Charger,0.30,9:00-18:00,10.61,46,Tesla,22,"CCS, Type 2",2017,No,3.7,4,Monthly
EVS02294,"1967 Toronto Ave, Toronto",AC Level 2,0.22,9:00-18:00,17.32,17,ChargePoint,50,CHAdeMO,2016,No,3.8,2,Quarterly
EVS02295,"2982 Sydney Ave, Sydney",AC Level 1,0.22,6:00-22:00,14.28,78,ChargePoint,350,CHAdeMO,2022,No,4.7,5,Annually
EVS02296,"2715 Los Angeles Ave, Los Angeles",DC Fast Charger,0.40,6:00-22:00,1.43,95,Tesla,22,"Type 2, CCS",2015,No,4.8,7,Monthly
EVS02297,"7492 Los Angeles Ave, Los Angeles",AC Level 2,0.17,24/7,5.92,25,ChargePoint,150,"CHAdeMO, Type 2",2012,No,3.3,4,Quarterly
EVS02298,"6559 Moscow Ave, Moscow",AC Level 1,0.41,9:00-18:00,12.83,92,Greenlots,50,"Type 2, CCS",2021,No,3.1,3,Annually
EVS02299,"4401 San Francisco Ave, San Francisco",AC Level 2,0.22,24/7,5.39,32,Ionity,150,CHAdeMO,2015,No,4.8,2,Monthly
EVS02300,"2605 Bangkok Ave, Bangkok",AC Level 2,0.16,24/7,1.62,99,Tesla,150,"Type 2, CHAdeMO",2022,Yes,4.0,5,Annually
EVS02301,"7108 Random Rd, City 118, Country",AC Level 2,0.30,24/7,9.09,55,Tesla,350,"Type 2, CCS",2021,Yes,4.1,2,Quarterly
EVS02302,"1744 Toronto Ave, Toronto",AC Level 2,0.43,24/7,9.85,52,EVgo,150,Tesla,2016,No,3.1,7,Monthly
EVS02303,"3054 Seoul Ave, Seoul",DC Fast Charger,0.37,24/7,16.63,93,EVgo,350,Type 2,2012,Yes,3.9,2,Monthly
EVS02304,"610 Bangkok Ave, Bangkok",AC Level 2,0.14,24/7,15.17,40,Tesla,22,CHAdeMO,2017,No,4.7,1,Quarterly
EVS02305,"2764 Dubai Ave, Dubai",AC Level 2,0.11,9:00-18:00,2.55,77,ChargePoint,350,"Tesla, CCS",2021,No,3.8,8,Quarterly
EVS02306,"8136 Cape Town Ave, Cape Town",DC Fast Charger,0.30,6:00-22:00,5.59,62,ChargePoint,50,"Type 2, CHAdeMO",2022,Yes,4.6,7,Monthly
EVS02307,"7797 Mumbai Ave, Mumbai",DC Fast Charger,0.31,6:00-22:00,1.00,36,ChargePoint,50,"Type 2, Tesla",2022,No,3.9,6,Annually
EVS02308,"7286 Chicago Ave, Chicago",AC Level 1,0.17,6:00-22:00,13.17,69,Tesla,350,"CCS, Tesla",2016,No,4.3,6,Annually
EVS02309,"3916 Cape Town Ave, Cape Town",AC Level 2,0.19,9:00-18:00,17.79,80,Tesla,50,"Tesla, CCS",2017,Yes,3.5,10,Annually
EVS02310,"8917 Los Angeles Ave, Los Angeles",AC Level 2,0.14,24/7,15.34,16,Ionity,150,"Type 2, CHAdeMO",2013,Yes,4.9,8,Quarterly
EVS02311,"6438 Random Rd, City 242, Country",DC Fast Charger,0.43,9:00-18:00,9.47,57,ChargePoint,350,Tesla,2023,Yes,4.0,6,Quarterly
EVS02312,"3187 San Francisco Ave, San Francisco",DC Fast Charger,0.26,24/7,7.01,53,Ionity,350,"CCS, CHAdeMO",2014,No,4.2,4,Monthly
EVS02313,"2232 Bangkok Ave, Bangkok",AC Level 2,0.28,6:00-22:00,14.55,87,Tesla,150,"CCS, Tesla",2020,Yes,3.3,8,Quarterly
EVS02314,"6462 Berlin Ave, Berlin",DC Fast Charger,0.13,6:00-22:00,8.03,17,Tesla,350,Type 2,2022,Yes,3.0,4,Monthly
EVS02315,"4299 Mexico City Ave, Mexico City",AC Level 1,0.24,9:00-18:00,5.89,65,Greenlots,350,CCS,2023,Yes,3.2,6,Annually
EVS02316,"4709 Mumbai Ave, Mumbai",AC Level 2,0.22,9:00-18:00,12.51,51,ChargePoint,50,"Tesla, CCS",2015,Yes,4.8,3,Quarterly
EVS02317,"4241 São Paulo Ave, São Paulo",AC Level 2,0.23,24/7,8.66,100,ChargePoint,350,Tesla,2011,Yes,4.4,9,Annually
EVS02318,"9859 Moscow Ave, Moscow",AC Level 1,0.38,6:00-22:00,11.30,33,Tesla,50,"CHAdeMO, Type 2",2019,Yes,4.2,1,Monthly
EVS02319,"3743 Beijing Ave, Beijing",DC Fast Charger,0.43,24/7,6.72,40,ChargePoint,22,CCS,2012,Yes,3.6,2,Annually
EVS02320,"1340 Mexico City Ave, Mexico City",AC Level 2,0.18,6:00-22:00,8.24,70,EVgo,22,"Type 2, CHAdeMO",2010,Yes,3.2,6,Annually
EVS02321,"6810 Random Rd, City 361, Country",AC Level 2,0.13,24/7,3.34,89,ChargePoint,50,"Tesla, Type 2",2012,Yes,4.8,9,Annually
EVS02322,"9380 Los Angeles Ave, Los Angeles",AC Level 2,0.42,6:00-22:00,5.62,57,Tesla,50,Type 2,2022,Yes,4.3,1,Quarterly
EVS02323,"6604 São Paulo Ave, São Paulo",AC Level 1,0.13,9:00-18:00,17.33,85,ChargePoint,350,Type 2,2019,Yes,3.3,8,Annually
EVS02324,"228 San Francisco Ave, San Francisco",DC Fast Charger,0.20,9:00-18:00,5.05,60,ChargePoint,350,CHAdeMO,2017,Yes,4.8,4,Quarterly
EVS02325,"7759 San Francisco Ave, San Francisco",DC Fast Charger,0.15,9:00-18:00,19.16,13,ChargePoint,50,Type 2,2012,No,3.6,9,Monthly
EVS02326,"2977 Dubai Ave, Dubai",DC Fast Charger,0.19,9:00-18:00,9.52,25,ChargePoint,50,Type 2,2014,Yes,4.5,8,Annually
EVS02327,"9585 Beijing Ave, Beijing",DC Fast Charger,0.47,24/7,5.94,44,Tesla,22,Type 2,2023,No,4.8,9,Monthly
EVS02328,"922 Beijing Ave, Beijing",AC Level 2,0.22,6:00-22:00,10.21,87,EVgo,350,"Type 2, Tesla",2012,No,4.6,7,Monthly
EVS02329,"2559 Toronto Ave, Toronto",AC Level 2,0.10,9:00-18:00,18.47,30,Greenlots,50,"Type 2, CHAdeMO",2016,No,3.4,7,Monthly
EVS02330,"7740 San Francisco Ave, San Francisco",AC Level 2,0.16,9:00-18:00,2.24,53,Tesla,350,CCS,2020,No,4.3,6,Monthly
EVS02331,"7304 Random Rd, City 222, Country",DC Fast Charger,0.46,9:00-18:00,2.94,31,Tesla,350,CCS,2018,Yes,4.8,3,Monthly
EVS02332,"2274 São Paulo Ave, São Paulo",AC Level 1,0.42,24/7,6.92,91,EVgo,22,CCS,2014,Yes,3.5,1,Monthly
EVS02333,"7600 Dubai Ave, Dubai",AC Level 1,0.15,24/7,6.71,97,ChargePoint,22,Type 2,2010,Yes,4.8,8,Monthly
EVS02334,"1909 San Francisco Ave, San Francisco",AC Level 2,0.23,9:00-18:00,7.87,41,Tesla,150,Tesla,2021,Yes,3.7,10,Quarterly
EVS02335,"3073 Seoul Ave, Seoul",AC Level 2,0.25,6:00-22:00,10.35,59,EVgo,150,"CCS, CHAdeMO",2023,No,3.5,1,Annually
EVS02336,"5368 Dubai Ave, Dubai",AC Level 2,0.44,24/7,6.52,62,Greenlots,22,"CCS, Type 2",2017,Yes,4.9,9,Quarterly
EVS02337,"8756 Los Angeles Ave, Los Angeles",AC Level 2,0.23,6:00-22:00,0.67,11,Ionity,150,CHAdeMO,2020,Yes,3.9,2,Annually
EVS02338,"8739 Mexico City Ave, Mexico City",AC Level 2,0.41,24/7,1.47,19,Tesla,22,"CCS, Tesla",2016,Yes,3.2,8,Annually
EVS02339,"8135 Chicago Ave, Chicago",DC Fast Charger,0.44,24/7,12.97,43,Ionity,350,CHAdeMO,2012,Yes,4.7,1,Annually
EVS02340,"9326 Mexico City Ave, Mexico City",AC Level 1,0.10,24/7,11.89,26,Tesla,22,CCS,2012,Yes,3.5,1,Quarterly
EVS02341,"8036 Random Rd, City 279, Country",AC Level 1,0.48,24/7,11.92,57,Tesla,50,"CCS, CHAdeMO",2021,No,4.8,1,Quarterly
EVS02342,"9429 Sydney Ave, Sydney",AC Level 2,0.33,24/7,16.99,19,Greenlots,22,CHAdeMO,2013,No,4.0,9,Quarterly
EVS02343,"8473 Berlin Ave, Berlin",DC Fast Charger,0.17,9:00-18:00,0.96,91,ChargePoint,50,"CCS, CHAdeMO",2015,No,3.6,3,Monthly
EVS02344,"9096 Sydney Ave, Sydney",DC Fast Charger,0.24,6:00-22:00,16.20,10,Greenlots,22,"CHAdeMO, Type 2",2010,Yes,4.2,9,Quarterly
EVS02345,"1938 Sydney Ave, Sydney",AC Level 1,0.42,24/7,0.62,56,EVgo,350,"CCS, Type 2",2019,Yes,3.1,10,Annually
EVS02346,"9268 Chicago Ave, Chicago",AC Level 1,0.11,6:00-22:00,15.00,17,Ionity,22,CHAdeMO,2013,No,3.1,7,Annually
EVS02347,"1835 Los Angeles Ave, Los Angeles",AC Level 1,0.36,24/7,12.83,15,ChargePoint,22,CHAdeMO,2017,No,3.3,3,Monthly
EVS02348,"2261 Chicago Ave, Chicago",DC Fast Charger,0.38,6:00-22:00,16.54,84,ChargePoint,22,Tesla,2013,No,4.1,9,Annually
EVS02349,"8405 Cape Town Ave, Cape Town",AC Level 1,0.42,9:00-18:00,13.01,50,Ionity,350,CCS,2012,No,4.1,1,Quarterly
EVS02350,"1085 Los Angeles Ave, Los Angeles",AC Level 1,0.24,6:00-22:00,12.08,80,EVgo,150,Type 2,2011,Yes,4.7,6,Monthly
EVS02351,"7868 Random Rd, City 2, Country",DC Fast Charger,0.13,9:00-18:00,16.75,84,EVgo,22,CHAdeMO,2011,Yes,3.9,3,Quarterly
EVS02352,"5353 São Paulo Ave, São Paulo",DC Fast Charger,0.26,24/7,2.08,10,ChargePoint,22,Type 2,2015,No,3.4,6,Annually
EVS02353,"1474 Dubai Ave, Dubai",AC Level 1,0.24,9:00-18:00,8.68,44,Ionity,150,CCS,2018,Yes,4.8,4,Annually
EVS02354,"7387 Cape Town Ave, Cape Town",DC Fast Charger,0.20,9:00-18:00,3.58,97,EVgo,22,"CCS, CHAdeMO",2022,Yes,3.5,4,Quarterly
EVS02355,"6468 Toronto Ave, Toronto",AC Level 2,0.10,9:00-18:00,7.19,55,EVgo,22,"Type 2, CHAdeMO",2011,Yes,4.7,9,Annually
EVS02356,"7977 Berlin Ave, Berlin",AC Level 2,0.23,24/7,14.21,45,EVgo,50,CCS,2018,No,4.0,8,Monthly
EVS02357,"3903 Dubai Ave, Dubai",DC Fast Charger,0.16,9:00-18:00,3.68,80,Tesla,150,Tesla,2014,Yes,3.5,6,Annually
EVS02358,"4639 Beijing Ave, Beijing",DC Fast Charger,0.30,6:00-22:00,7.99,46,Tesla,50,Type 2,2013,Yes,4.9,8,Annually
EVS02359,"1967 Seoul Ave, Seoul",AC Level 1,0.44,6:00-22:00,12.76,42,Greenlots,22,Type 2,2013,Yes,4.7,3,Quarterly
EVS02360,"7244 Sydney Ave, Sydney",AC Level 2,0.42,9:00-18:00,1.96,13,Ionity,350,Type 2,2016,No,3.9,8,Annually
EVS02361,"7418 Random Rd, City 4, Country",AC Level 1,0.46,6:00-22:00,5.21,62,Greenlots,350,"Type 2, CCS",2021,No,4.7,2,Annually
EVS02362,"6908 Mexico City Ave, Mexico City",AC Level 2,0.44,24/7,11.85,43,EVgo,50,CHAdeMO,2017,Yes,3.8,2,Annually
EVS02363,"1828 Dubai Ave, Dubai",AC Level 2,0.19,9:00-18:00,4.57,17,Ionity,22,"CHAdeMO, Type 2",2015,No,4.5,2,Monthly
EVS02364,"393 Toronto Ave, Toronto",DC Fast Charger,0.30,6:00-22:00,5.78,83,EVgo,350,"Tesla, CHAdeMO",2011,Yes,3.9,5,Quarterly
EVS02365,"2302 Dubai Ave, Dubai",AC Level 2,0.17,9:00-18:00,3.58,74,ChargePoint,150,"Type 2, Tesla",2020,Yes,4.6,5,Quarterly
EVS02366,"8663 Mexico City Ave, Mexico City",AC Level 1,0.37,9:00-18:00,16.67,84,Tesla,350,"Type 2, CHAdeMO",2010,No,4.0,5,Quarterly
EVS02367,"5617 Los Angeles Ave, Los Angeles",DC Fast Charger,0.23,6:00-22:00,13.58,27,EVgo,22,"CCS, Type 2",2016,Yes,3.7,4,Quarterly
EVS02368,"4263 Cape Town Ave, Cape Town",AC Level 1,0.22,6:00-22:00,3.64,64,Tesla,22,CCS,2015,No,3.8,10,Annually
EVS02369,"7093 Berlin Ave, Berlin",DC Fast Charger,0.33,6:00-22:00,7.41,97,EVgo,50,"Type 2, Tesla",2015,No,3.4,3,Quarterly
EVS02370,"5713 Moscow Ave, Moscow",DC Fast Charger,0.40,24/7,9.55,97,Greenlots,22,CCS,2021,No,4.8,4,Monthly
EVS02371,"9721 Random Rd, City 203, Country",AC Level 1,0.38,24/7,4.93,12,EVgo,150,"Tesla, CCS",2021,Yes,3.3,1,Annually
EVS02372,"6261 Moscow Ave, Moscow",AC Level 1,0.13,6:00-22:00,19.12,17,ChargePoint,22,CCS,2016,Yes,4.9,1,Annually
EVS02373,"4315 Bangkok Ave, Bangkok",DC Fast Charger,0.20,24/7,15.63,32,Ionity,150,CHAdeMO,2012,Yes,3.4,4,Annually
EVS02374,"8013 Berlin Ave, Berlin",AC Level 1,0.15,6:00-22:00,2.12,80,ChargePoint,350,CHAdeMO,2010,No,4.8,1,Quarterly
EVS02375,"2829 Cape Town Ave, Cape Town",DC Fast Charger,0.15,9:00-18:00,19.16,99,Tesla,50,Type 2,2014,No,4.1,4,Annually
EVS02376,"3294 Bangkok Ave, Bangkok",DC Fast Charger,0.42,24/7,6.72,21,Ionity,150,Tesla,2018,Yes,4.9,4,Annually
EVS02377,"9493 Toronto Ave, Toronto",AC Level 1,0.30,6:00-22:00,17.60,18,Tesla,350,"Tesla, CCS",2021,No,3.5,6,Annually
EVS02378,"3460 Berlin Ave, Berlin",AC Level 1,0.14,24/7,6.17,36,EVgo,50,"CCS, CHAdeMO",2010,No,3.4,5,Annually
EVS02379,"8669 San Francisco Ave, San Francisco",DC Fast Charger,0.47,6:00-22:00,16.51,44,ChargePoint,350,"Type 2, CHAdeMO",2014,No,3.4,10,Monthly
EVS02380,"7911 Toronto Ave, Toronto",DC Fast Charger,0.35,6:00-22:00,9.87,92,Tesla,150,"CHAdeMO, CCS",2014,Yes,3.5,6,Monthly
EVS02381,"7953 Random Rd, City 167, Country",DC Fast Charger,0.16,24/7,2.97,36,EVgo,350,CCS,2010,Yes,4.4,7,Monthly
EVS02382,"2495 Mumbai Ave, Mumbai",AC Level 2,0.37,6:00-22:00,16.97,96,Tesla,150,Type 2,2015,Yes,5.0,3,Monthly
EVS02383,"2651 Cape Town Ave, Cape Town",DC Fast Charger,0.15,6:00-22:00,12.91,11,EVgo,22,"CHAdeMO, Type 2",2018,Yes,4.6,3,Monthly
EVS02384,"7302 Moscow Ave, Moscow",DC Fast Charger,0.42,6:00-22:00,18.62,48,ChargePoint,150,"CCS, Tesla",2010,No,4.8,4,Quarterly
EVS02385,"693 Berlin Ave, Berlin",AC Level 2,0.39,24/7,0.59,79,ChargePoint,22,"Tesla, Type 2",2020,Yes,3.1,10,Monthly
EVS02386,"8740 Los Angeles Ave, Los Angeles",AC Level 2,0.45,6:00-22:00,16.29,71,ChargePoint,350,Tesla,2013,No,3.3,3,Monthly
EVS02387,"8243 Mumbai Ave, Mumbai",AC Level 1,0.21,9:00-18:00,1.68,46,Ionity,22,CCS,2015,No,4.3,10,Annually
EVS02388,"5381 Chicago Ave, Chicago",AC Level 2,0.48,24/7,5.24,57,ChargePoint,50,CCS,2012,Yes,3.7,4,Quarterly
EVS02389,"519 Bangkok Ave, Bangkok",AC Level 1,0.42,9:00-18:00,6.10,69,Tesla,22,"Tesla, CHAdeMO",2022,Yes,3.4,7,Quarterly
EVS02390,"507 Beijing Ave, Beijing",AC Level 2,0.28,9:00-18:00,6.92,45,Greenlots,22,"CHAdeMO, Tesla",2018,No,3.3,6,Quarterly
EVS02391,"8233 Random Rd, City 486, Country",DC Fast Charger,0.10,9:00-18:00,17.50,27,Ionity,50,"CCS, CHAdeMO",2016,Yes,3.7,3,Monthly
EVS02392,"329 Chicago Ave, Chicago",AC Level 2,0.20,24/7,5.99,51,EVgo,350,"Type 2, CHAdeMO",2012,Yes,3.7,1,Annually
EVS02393,"2247 Moscow Ave, Moscow",AC Level 1,0.41,24/7,11.91,80,EVgo,350,"CHAdeMO, CCS",2011,Yes,4.0,1,Monthly
EVS02394,"3400 Mumbai Ave, Mumbai",AC Level 2,0.39,6:00-22:00,0.81,21,EVgo,22,Type 2,2015,No,3.2,7,Annually
EVS02395,"7962 Sydney Ave, Sydney",AC Level 2,0.31,6:00-22:00,1.38,95,Ionity,22,CHAdeMO,2018,Yes,4.5,1,Annually
EVS02396,"6988 Seoul Ave, Seoul",DC Fast Charger,0.50,6:00-22:00,18.20,50,Ionity,50,Type 2,2010,Yes,4.7,9,Quarterly
EVS02397,"7007 Dubai Ave, Dubai",DC Fast Charger,0.42,6:00-22:00,3.66,69,ChargePoint,50,CCS,2011,Yes,4.6,6,Monthly
EVS02398,"7822 Dubai Ave, Dubai",AC Level 1,0.44,9:00-18:00,8.93,21,EVgo,350,"CHAdeMO, Type 2",2011,No,4.1,8,Monthly
EVS02399,"7083 San Francisco Ave, San Francisco",DC Fast Charger,0.13,6:00-22:00,10.64,75,Greenlots,50,Type 2,2019,No,4.0,7,Monthly
EVS02400,"1544 Seoul Ave, Seoul",AC Level 1,0.43,6:00-22:00,5.55,38,ChargePoint,150,"Type 2, Tesla",2022,Yes,5.0,4,Monthly
EVS02401,"8802 Random Rd, City 276, Country",AC Level 2,0.37,6:00-22:00,18.54,15,Tesla,150,"Tesla, CCS",2022,Yes,4.8,1,Quarterly
EVS02402,"9141 Seoul Ave, Seoul",AC Level 2,0.47,6:00-22:00,12.67,94,Ionity,350,CCS,2018,Yes,3.0,2,Quarterly
EVS02403,"2937 Moscow Ave, Moscow",AC Level 1,0.33,24/7,17.29,23,EVgo,150,Tesla,2012,Yes,3.0,3,Quarterly
EVS02404,"466 São Paulo Ave, São Paulo",DC Fast Charger,0.43,24/7,0.97,21,ChargePoint,150,"CCS, CHAdeMO",2020,No,3.6,9,Monthly
EVS02405,"8708 São Paulo Ave, São Paulo",DC Fast Charger,0.19,9:00-18:00,1.12,84,Tesla,50,"CCS, Tesla",2010,Yes,5.0,2,Annually
EVS02406,"1699 Chicago Ave, Chicago",AC Level 1,0.26,24/7,5.12,96,EVgo,150,"Type 2, Tesla",2015,No,3.4,8,Quarterly
EVS02407,"1457 Chicago Ave, Chicago",AC Level 1,0.30,24/7,13.87,17,EVgo,150,"CHAdeMO, Tesla",2019,Yes,4.2,4,Monthly
EVS02408,"5967 Mexico City Ave, Mexico City",AC Level 1,0.17,9:00-18:00,3.31,43,ChargePoint,150,"Type 2, CCS",2014,No,4.3,4,Quarterly
EVS02409,"8466 Sydney Ave, Sydney",DC Fast Charger,0.32,24/7,0.86,70,ChargePoint,150,Type 2,2015,No,4.7,8,Monthly
EVS02410,"6904 Chicago Ave, Chicago",DC Fast Charger,0.40,6:00-22:00,17.97,85,ChargePoint,22,"CHAdeMO, Type 2",2010,Yes,4.0,10,Monthly
EVS02411,"4756 Random Rd, City 352, Country",AC Level 2,0.14,6:00-22:00,14.95,83,EVgo,350,"Type 2, CCS",2013,No,3.5,6,Monthly
EVS02412,"1226 Sydney Ave, Sydney",DC Fast Charger,0.37,9:00-18:00,4.30,37,ChargePoint,22,CCS,2019,No,4.2,4,Quarterly
EVS02413,"5439 Moscow Ave, Moscow",AC Level 1,0.48,6:00-22:00,16.80,90,Tesla,350,"Type 2, CHAdeMO",2018,No,4.5,1,Quarterly
EVS02414,"6482 Beijing Ave, Beijing",DC Fast Charger,0.30,6:00-22:00,15.88,43,Ionity,150,CCS,2014,Yes,4.6,9,Quarterly
EVS02415,"9936 Beijing Ave, Beijing",DC Fast Charger,0.39,9:00-18:00,16.46,48,Ionity,50,Type 2,2015,No,4.0,5,Monthly
EVS02416,"2317 Mexico City Ave, Mexico City",DC Fast Charger,0.42,9:00-18:00,16.92,67,ChargePoint,150,Tesla,2019,Yes,3.2,1,Monthly
EVS02417,"7935 Dubai Ave, Dubai",AC Level 2,0.48,6:00-22:00,9.76,66,Ionity,150,"CHAdeMO, Tesla",2015,No,4.4,10,Quarterly
EVS02418,"7210 Chicago Ave, Chicago",AC Level 2,0.27,24/7,3.32,82,Ionity,50,"CHAdeMO, CCS",2016,No,3.3,8,Annually
EVS02419,"882 São Paulo Ave, São Paulo",AC Level 2,0.32,6:00-22:00,3.53,55,Greenlots,150,CHAdeMO,2014,Yes,4.3,8,Monthly
EVS02420,"292 Los Angeles Ave, Los Angeles",AC Level 2,0.20,9:00-18:00,4.99,64,ChargePoint,50,CCS,2015,Yes,4.8,10,Annually
EVS02421,"5585 Random Rd, City 162, Country",AC Level 2,0.19,6:00-22:00,8.97,65,Ionity,350,"Type 2, CHAdeMO",2018,Yes,4.3,2,Quarterly
EVS02422,"3647 Beijing Ave, Beijing",AC Level 1,0.38,9:00-18:00,18.38,69,ChargePoint,350,CCS,2020,Yes,4.2,5,Monthly
EVS02423,"6258 Los Angeles Ave, Los Angeles",DC Fast Charger,0.22,9:00-18:00,5.19,35,Tesla,22,"CCS, Type 2",2012,Yes,3.1,2,Annually
EVS02424,"9617 Mexico City Ave, Mexico City",AC Level 1,0.34,24/7,7.70,93,ChargePoint,350,Type 2,2020,Yes,4.1,10,Quarterly
EVS02425,"8321 Los Angeles Ave, Los Angeles",DC Fast Charger,0.37,6:00-22:00,7.60,59,Ionity,350,Type 2,2022,Yes,3.9,7,Monthly
EVS02426,"6149 Los Angeles Ave, Los Angeles",AC Level 2,0.23,24/7,14.03,51,Greenlots,50,"Tesla, CHAdeMO",2022,Yes,4.6,10,Quarterly
EVS02427,"7115 Chicago Ave, Chicago",AC Level 2,0.25,24/7,4.36,89,Greenlots,150,Type 2,2011,Yes,3.9,8,Monthly
EVS02428,"449 Dubai Ave, Dubai",DC Fast Charger,0.24,9:00-18:00,10.11,55,ChargePoint,150,"Type 2, CCS",2010,Yes,4.7,10,Quarterly
EVS02429,"2608 Berlin Ave, Berlin",AC Level 1,0.24,9:00-18:00,3.14,93,Tesla,150,"CHAdeMO, Tesla",2019,No,3.1,5,Annually
EVS02430,"7868 San Francisco Ave, San Francisco",AC Level 1,0.30,24/7,13.90,92,ChargePoint,350,CCS,2016,Yes,4.6,6,Annually
EVS02431,"7320 Random Rd, City 139, Country",DC Fast Charger,0.11,24/7,6.27,42,Greenlots,22,CCS,2016,Yes,3.3,6,Quarterly
EVS02432,"168 São Paulo Ave, São Paulo",DC Fast Charger,0.27,6:00-22:00,3.11,23,Tesla,350,"Type 2, CHAdeMO",2018,No,5.0,5,Monthly
EVS02433,"770 Chicago Ave, Chicago",AC Level 2,0.26,6:00-22:00,0.75,63,Tesla,50,"Tesla, CHAdeMO",2014,No,3.1,2,Monthly
EVS02434,"700 Toronto Ave, Toronto",DC Fast Charger,0.22,6:00-22:00,1.59,31,Greenlots,22,Tesla,2023,No,4.0,5,Annually
EVS02435,"5472 Toronto Ave, Toronto",DC Fast Charger,0.35,9:00-18:00,0.87,35,ChargePoint,350,"CHAdeMO, CCS",2013,Yes,4.4,1,Annually
EVS02436,"4898 Bangkok Ave, Bangkok",DC Fast Charger,0.39,9:00-18:00,12.51,41,ChargePoint,350,"CHAdeMO, Tesla",2015,No,3.0,5,Annually
EVS02437,"1871 Moscow Ave, Moscow",AC Level 2,0.43,6:00-22:00,6.65,73,Greenlots,150,CHAdeMO,2018,Yes,3.6,7,Quarterly
EVS02438,"5607 Los Angeles Ave, Los Angeles",DC Fast Charger,0.15,6:00-22:00,1.02,78,Ionity,150,CCS,2015,No,4.3,8,Quarterly
EVS02439,"4930 Berlin Ave, Berlin",AC Level 1,0.16,24/7,15.98,13,Tesla,22,Type 2,2011,Yes,4.4,6,Monthly
EVS02440,"9767 Toronto Ave, Toronto",AC Level 1,0.23,24/7,10.44,23,Ionity,150,"CHAdeMO, Tesla",2018,No,4.6,9,Monthly
EVS02441,"6005 Random Rd, City 418, Country",AC Level 1,0.24,24/7,9.00,39,Greenlots,50,Tesla,2014,No,3.3,7,Quarterly
EVS02442,"732 Toronto Ave, Toronto",AC Level 2,0.49,6:00-22:00,11.63,64,EVgo,50,"CHAdeMO, Type 2",2017,No,3.4,10,Quarterly
EVS02443,"6862 San Francisco Ave, San Francisco",AC Level 1,0.15,24/7,12.90,58,ChargePoint,350,Tesla,2016,No,4.8,2,Quarterly
EVS02444,"7804 Sydney Ave, Sydney",AC Level 2,0.13,6:00-22:00,7.39,65,EVgo,50,Tesla,2012,No,4.2,3,Monthly
EVS02445,"2432 Mexico City Ave, Mexico City",DC Fast Charger,0.38,24/7,11.75,19,Greenlots,150,Type 2,2019,No,3.8,4,Quarterly
EVS02446,"8886 Beijing Ave, Beijing",AC Level 2,0.45,6:00-22:00,14.21,40,Tesla,150,CCS,2014,No,3.6,8,Monthly
EVS02447,"8707 Mumbai Ave, Mumbai",AC Level 2,0.18,24/7,11.57,56,EVgo,350,"CCS, Tesla",2018,No,3.3,5,Annually
EVS02448,"6544 Mexico City Ave, Mexico City",AC Level 2,0.29,24/7,4.00,24,Greenlots,22,"CCS, CHAdeMO",2013,No,3.5,10,Monthly
EVS02449,"1426 Dubai Ave, Dubai",DC Fast Charger,0.15,6:00-22:00,3.94,41,Greenlots,350,"CHAdeMO, Tesla",2012,Yes,3.6,10,Monthly
EVS02450,"9821 Berlin Ave, Berlin",DC Fast Charger,0.28,9:00-18:00,6.89,51,Ionity,350,Type 2,2011,Yes,4.9,9,Quarterly
EVS02451,"3175 Random Rd, City 88, Country",AC Level 1,0.35,6:00-22:00,5.97,18,Ionity,350,Type 2,2015,Yes,3.8,10,Quarterly
EVS02452,"9655 Los Angeles Ave, Los Angeles",DC Fast Charger,0.48,24/7,9.72,80,Greenlots,350,Type 2,2015,Yes,4.4,6,Quarterly
EVS02453,"8095 Sydney Ave, Sydney",AC Level 1,0.32,24/7,13.98,93,EVgo,50,Tesla,2022,No,4.6,4,Annually
EVS02454,"8765 Dubai Ave, Dubai",DC Fast Charger,0.12,9:00-18:00,18.97,77,EVgo,50,"Type 2, CCS",2010,Yes,4.6,7,Quarterly
EVS02455,"4679 Mexico City Ave, Mexico City",DC Fast Charger,0.37,9:00-18:00,10.81,59,Ionity,50,Type 2,2019,No,4.4,1,Monthly
EVS02456,"8818 Cape Town Ave, Cape Town",AC Level 1,0.12,24/7,6.57,91,Ionity,50,"Type 2, CHAdeMO",2020,Yes,4.4,10,Monthly
EVS02457,"622 Moscow Ave, Moscow",DC Fast Charger,0.29,9:00-18:00,1.21,49,EVgo,150,"CHAdeMO, Tesla",2015,Yes,3.6,2,Monthly
EVS02458,"5502 Seoul Ave, Seoul",AC Level 1,0.13,6:00-22:00,14.53,42,ChargePoint,22,CHAdeMO,2011,Yes,3.6,9,Quarterly
EVS02459,"599 Seoul Ave, Seoul",DC Fast Charger,0.22,24/7,6.94,70,EVgo,22,"CHAdeMO, Type 2",2019,Yes,3.6,2,Quarterly
EVS02460,"714 Cape Town Ave, Cape Town",AC Level 1,0.37,9:00-18:00,15.05,70,Ionity,150,"CHAdeMO, Type 2",2012,Yes,3.1,5,Annually
EVS02461,"933 Random Rd, City 384, Country",AC Level 2,0.43,9:00-18:00,14.74,11,Ionity,350,"CCS, CHAdeMO",2022,No,3.4,8,Quarterly
EVS02462,"5805 San Francisco Ave, San Francisco",AC Level 2,0.47,24/7,15.38,87,ChargePoint,350,Tesla,2014,No,4.3,7,Quarterly
EVS02463,"2353 San Francisco Ave, San Francisco",AC Level 1,0.28,24/7,10.35,85,Ionity,50,CCS,2019,No,3.9,6,Annually
EVS02464,"5733 Toronto Ave, Toronto",AC Level 2,0.29,9:00-18:00,2.56,16,ChargePoint,350,CHAdeMO,2011,No,3.4,2,Annually
EVS02465,"5333 Moscow Ave, Moscow",DC Fast Charger,0.24,6:00-22:00,3.50,53,EVgo,50,CHAdeMO,2011,Yes,4.4,9,Monthly
EVS02466,"6268 Sydney Ave, Sydney",AC Level 1,0.27,24/7,15.66,48,Greenlots,350,Type 2,2014,No,3.3,10,Monthly
EVS02467,"9038 Beijing Ave, Beijing",AC Level 2,0.10,9:00-18:00,7.27,71,ChargePoint,50,"Tesla, Type 2",2020,No,4.1,7,Monthly
EVS02468,"272 Chicago Ave, Chicago",DC Fast Charger,0.21,9:00-18:00,15.92,56,Ionity,50,"CCS, Tesla",2011,Yes,3.6,8,Monthly
EVS02469,"5055 Dubai Ave, Dubai",AC Level 2,0.10,9:00-18:00,13.09,35,Ionity,150,Tesla,2019,No,4.7,9,Monthly
EVS02470,"5106 Seoul Ave, Seoul",AC Level 2,0.48,24/7,9.67,69,Ionity,150,CCS,2014,Yes,3.6,9,Monthly
EVS02471,"3685 Random Rd, City 97, Country",AC Level 1,0.11,9:00-18:00,10.26,73,ChargePoint,22,"CHAdeMO, Type 2",2017,No,4.6,10,Quarterly
EVS02472,"8956 Beijing Ave, Beijing",DC Fast Charger,0.22,9:00-18:00,2.77,42,EVgo,50,CHAdeMO,2012,Yes,4.7,9,Quarterly
EVS02473,"4505 Beijing Ave, Beijing",DC Fast Charger,0.21,6:00-22:00,18.87,70,ChargePoint,50,Tesla,2021,Yes,3.2,9,Annually
EVS02474,"8997 Bangkok Ave, Bangkok",AC Level 2,0.28,6:00-22:00,6.44,29,Greenlots,22,"CCS, Type 2",2015,Yes,3.6,1,Monthly
EVS02475,"4190 Los Angeles Ave, Los Angeles",AC Level 1,0.25,6:00-22:00,18.70,86,Ionity,50,"Type 2, CHAdeMO",2020,Yes,3.5,10,Quarterly
EVS02476,"7407 Mumbai Ave, Mumbai",AC Level 2,0.15,9:00-18:00,19.10,77,ChargePoint,50,"CHAdeMO, Tesla",2014,Yes,4.8,6,Annually
EVS02477,"3069 Beijing Ave, Beijing",AC Level 2,0.29,24/7,8.72,27,Tesla,150,Type 2,2012,Yes,3.2,5,Monthly
EVS02478,"4624 Moscow Ave, Moscow",DC Fast Charger,0.30,9:00-18:00,14.47,84,Tesla,150,Type 2,2017,No,4.4,2,Quarterly
EVS02479,"4695 Dubai Ave, Dubai",DC Fast Charger,0.39,9:00-18:00,17.86,21,Ionity,150,Type 2,2023,Yes,4.1,5,Quarterly
EVS02480,"5138 Chicago Ave, Chicago",DC Fast Charger,0.26,6:00-22:00,9.36,20,Tesla,150,CHAdeMO,2023,Yes,3.8,10,Quarterly
EVS02481,"5369 Random Rd, City 418, Country",AC Level 1,0.19,9:00-18:00,2.20,88,Greenlots,22,"Type 2, Tesla",2013,Yes,3.0,4,Annually
EVS02482,"2664 Berlin Ave, Berlin",DC Fast Charger,0.42,9:00-18:00,4.72,31,EVgo,22,CCS,2021,No,4.5,10,Monthly
EVS02483,"2346 Beijing Ave, Beijing",DC Fast Charger,0.45,6:00-22:00,10.97,81,Ionity,50,CHAdeMO,2018,No,4.3,4,Monthly
EVS02484,"152 Los Angeles Ave, Los Angeles",DC Fast Charger,0.23,6:00-22:00,13.26,72,EVgo,50,"CCS, CHAdeMO",2012,No,4.9,7,Quarterly
EVS02485,"4909 Bangkok Ave, Bangkok",DC Fast Charger,0.41,9:00-18:00,5.77,28,ChargePoint,150,"Tesla, CCS",2012,No,3.7,7,Monthly
EVS02486,"4671 Moscow Ave, Moscow",AC Level 2,0.11,6:00-22:00,9.98,85,EVgo,22,Tesla,2016,No,3.8,2,Annually
EVS02487,"1661 Chicago Ave, Chicago",DC Fast Charger,0.36,6:00-22:00,13.94,72,Ionity,50,CHAdeMO,2020,Yes,3.9,5,Monthly
EVS02488,"1534 Chicago Ave, Chicago",DC Fast Charger,0.21,24/7,1.81,100,Ionity,150,"CHAdeMO, Tesla",2010,No,3.6,4,Quarterly
EVS02489,"8309 Toronto Ave, Toronto",AC Level 1,0.37,6:00-22:00,19.40,72,EVgo,150,Tesla,2016,Yes,3.5,5,Quarterly
EVS02490,"1898 Cape Town Ave, Cape Town",AC Level 1,0.20,6:00-22:00,12.56,60,Tesla,350,"CHAdeMO, CCS",2017,Yes,4.8,3,Annually
EVS02491,"532 Random Rd, City 82, Country",AC Level 2,0.33,6:00-22:00,7.70,33,Greenlots,350,CCS,2019,No,3.8,6,Monthly
EVS02492,"910 Berlin Ave, Berlin",AC Level 1,0.30,24/7,6.00,27,EVgo,50,Tesla,2022,Yes,3.4,9,Annually
EVS02493,"6825 Dubai Ave, Dubai",AC Level 2,0.25,24/7,3.13,14,ChargePoint,350,"Tesla, CCS",2011,Yes,4.8,10,Quarterly
EVS02494,"7203 Toronto Ave, Toronto",AC Level 1,0.22,6:00-22:00,4.36,83,Ionity,350,"Type 2, CCS",2022,Yes,4.4,1,Quarterly
EVS02495,"5027 Mexico City Ave, Mexico City",AC Level 2,0.26,9:00-18:00,4.92,15,Tesla,350,CCS,2011,Yes,3.1,2,Annually
EVS02496,"8134 Chicago Ave, Chicago",AC Level 1,0.36,24/7,8.98,27,Greenlots,50,Tesla,2023,Yes,3.4,3,Annually
EVS02497,"3977 San Francisco Ave, San Francisco",AC Level 1,0.23,9:00-18:00,12.95,64,Ionity,50,"Tesla, CHAdeMO",2021,No,3.3,10,Annually
EVS02498,"7681 Mexico City Ave, Mexico City",AC Level 2,0.10,6:00-22:00,5.63,42,ChargePoint,22,"CCS, CHAdeMO",2012,Yes,3.8,10,Quarterly
EVS02499,"2607 Moscow Ave, Moscow",DC Fast Charger,0.33,24/7,3.25,45,ChargePoint,22,"Type 2, CHAdeMO",2022,Yes,4.6,9,Annually
EVS02500,"5372 Berlin Ave, Berlin",DC Fast Charger,0.14,9:00-18:00,4.50,66,Greenlots,50,"CCS, Type 2",2023,No,3.2,8,Annually
EVS02501,"606 Random Rd, City 363, Country",AC Level 2,0.47,24/7,3.54,31,EVgo,50,"Tesla, Type 2",2020,No,4.1,8,Quarterly
EVS02502,"7196 Cape Town Ave, Cape Town",AC Level 1,0.26,9:00-18:00,19.22,82,EVgo,22,"Tesla, CCS",2020,Yes,3.8,10,Quarterly
EVS02503,"4767 Sydney Ave, Sydney",AC Level 1,0.26,24/7,13.96,56,EVgo,22,"Type 2, CHAdeMO",2013,Yes,4.5,4,Monthly
EVS02504,"3868 Seoul Ave, Seoul",DC Fast Charger,0.11,6:00-22:00,15.60,100,ChargePoint,50,Type 2,2017,Yes,3.3,7,Annually
EVS02505,"4748 San Francisco Ave, San Francisco",AC Level 1,0.19,9:00-18:00,12.70,62,Ionity,350,Type 2,2020,No,4.4,1,Quarterly
EVS02506,"1066 Berlin Ave, Berlin",DC Fast Charger,0.41,6:00-22:00,8.78,49,EVgo,150,"Tesla, Type 2",2016,No,3.6,3,Annually
EVS02507,"1502 São Paulo Ave, São Paulo",AC Level 2,0.37,24/7,6.85,59,Greenlots,22,CCS,2022,No,3.7,2,Annually
EVS02508,"3160 Moscow Ave, Moscow",AC Level 1,0.26,9:00-18:00,18.02,30,Ionity,350,"CHAdeMO, CCS",2023,No,4.7,3,Monthly
EVS02509,"9759 Sydney Ave, Sydney",AC Level 2,0.36,6:00-22:00,9.39,16,EVgo,350,Tesla,2013,No,4.7,5,Quarterly
EVS02510,"8451 Seoul Ave, Seoul",DC Fast Charger,0.36,24/7,1.32,88,EVgo,150,Tesla,2012,No,4.6,9,Monthly
EVS02511,"6020 Random Rd, City 250, Country",AC Level 1,0.27,6:00-22:00,14.93,12,Ionity,22,"CCS, Tesla",2021,No,4.1,7,Annually
EVS02512,"6911 São Paulo Ave, São Paulo",AC Level 1,0.14,24/7,1.15,64,Tesla,50,"Tesla, Type 2",2017,Yes,3.0,2,Monthly
EVS02513,"4949 São Paulo Ave, São Paulo",AC Level 1,0.21,9:00-18:00,6.32,62,Greenlots,50,"CCS, Tesla",2011,Yes,4.7,1,Monthly
EVS02514,"9727 Chicago Ave, Chicago",AC Level 1,0.31,6:00-22:00,18.59,80,EVgo,150,"Type 2, CCS",2013,No,4.4,2,Annually
EVS02515,"7763 Mexico City Ave, Mexico City",DC Fast Charger,0.48,9:00-18:00,13.15,96,Greenlots,150,Type 2,2011,Yes,4.7,1,Quarterly
EVS02516,"826 Moscow Ave, Moscow",DC Fast Charger,0.32,24/7,4.23,68,Greenlots,150,Type 2,2020,Yes,3.1,10,Quarterly
EVS02517,"2961 Moscow Ave, Moscow",DC Fast Charger,0.40,24/7,15.74,13,EVgo,50,Type 2,2021,No,4.9,2,Annually
EVS02518,"8954 Mexico City Ave, Mexico City",AC Level 2,0.44,9:00-18:00,12.98,86,Ionity,150,CHAdeMO,2014,Yes,4.9,6,Monthly
EVS02519,"4353 Beijing Ave, Beijing",DC Fast Charger,0.40,6:00-22:00,16.71,18,Ionity,350,CCS,2012,Yes,3.2,2,Quarterly
EVS02520,"3028 São Paulo Ave, São Paulo",AC Level 2,0.26,9:00-18:00,8.51,57,Tesla,150,"Tesla, CHAdeMO",2016,Yes,4.2,8,Annually
EVS02521,"1410 Random Rd, City 500, Country",DC Fast Charger,0.21,24/7,13.21,55,Ionity,150,"CHAdeMO, Type 2",2020,No,3.2,10,Annually
EVS02522,"7043 Dubai Ave, Dubai",AC Level 2,0.42,9:00-18:00,9.06,83,ChargePoint,22,CCS,2017,Yes,3.8,4,Monthly
EVS02523,"4855 São Paulo Ave, São Paulo",AC Level 2,0.12,6:00-22:00,7.21,34,Tesla,150,CHAdeMO,2011,Yes,4.5,1,Annually
EVS02524,"4790 Cape Town Ave, Cape Town",AC Level 1,0.44,6:00-22:00,2.05,99,Ionity,350,CCS,2018,Yes,3.6,3,Quarterly
EVS02525,"9938 Bangkok Ave, Bangkok",DC Fast Charger,0.47,6:00-22:00,12.02,92,ChargePoint,150,Type 2,2011,Yes,3.3,8,Quarterly
EVS02526,"6611 Chicago Ave, Chicago",DC Fast Charger,0.33,6:00-22:00,9.73,39,Greenlots,50,CHAdeMO,2022,Yes,3.1,9,Annually
EVS02527,"5025 Moscow Ave, Moscow",AC Level 1,0.42,6:00-22:00,2.12,36,EVgo,50,Tesla,2017,No,4.0,7,Quarterly
EVS02528,"4611 Beijing Ave, Beijing",AC Level 2,0.28,6:00-22:00,16.91,74,Ionity,50,CHAdeMO,2013,No,4.8,9,Quarterly
EVS02529,"6598 San Francisco Ave, San Francisco",AC Level 1,0.41,9:00-18:00,4.71,71,Tesla,50,"CCS, Type 2",2014,Yes,4.9,3,Quarterly
EVS02530,"9977 Chicago Ave, Chicago",AC Level 1,0.32,24/7,13.89,66,Ionity,350,Tesla,2023,No,3.9,6,Quarterly
EVS02531,"3511 Random Rd, City 294, Country",AC Level 2,0.23,24/7,7.23,71,EVgo,22,"Tesla, CCS",2023,No,4.5,10,Monthly
EVS02532,"9941 Los Angeles Ave, Los Angeles",AC Level 1,0.12,9:00-18:00,16.29,12,ChargePoint,150,Type 2,2010,No,4.1,8,Monthly
EVS02533,"7760 Chicago Ave, Chicago",AC Level 2,0.21,6:00-22:00,2.57,66,Tesla,50,"CCS, CHAdeMO",2018,Yes,4.0,7,Quarterly
EVS02534,"7598 Mexico City Ave, Mexico City",DC Fast Charger,0.26,6:00-22:00,1.86,22,EVgo,22,CCS,2014,Yes,4.2,6,Annually
EVS02535,"2005 Seoul Ave, Seoul",DC Fast Charger,0.21,24/7,14.17,74,Greenlots,350,"Tesla, Type 2",2020,No,3.0,6,Quarterly
EVS02536,"1625 Toronto Ave, Toronto",AC Level 2,0.49,24/7,19.01,36,EVgo,50,"CCS, Tesla",2014,Yes,3.4,5,Quarterly
EVS02537,"3992 Mumbai Ave, Mumbai",DC Fast Charger,0.20,6:00-22:00,15.69,17,Greenlots,22,CCS,2020,Yes,3.4,2,Monthly
EVS02538,"9875 Mumbai Ave, Mumbai",AC Level 2,0.10,24/7,5.65,98,ChargePoint,22,"CHAdeMO, Type 2",2010,No,3.0,8,Annually
EVS02539,"2945 São Paulo Ave, São Paulo",AC Level 1,0.23,9:00-18:00,9.66,84,Ionity,350,"Type 2, Tesla",2015,No,3.4,10,Annually
EVS02540,"5805 Mumbai Ave, Mumbai",AC Level 1,0.18,24/7,18.93,31,ChargePoint,50,CCS,2019,No,3.8,5,Annually
EVS02541,"7693 Random Rd, City 55, Country",DC Fast Charger,0.15,6:00-22:00,12.16,92,EVgo,22,"Tesla, CCS",2012,No,3.9,10,Quarterly
EVS02542,"3058 São Paulo Ave, São Paulo",AC Level 2,0.18,24/7,4.20,34,Ionity,50,"CHAdeMO, Type 2",2011,Yes,4.8,8,Annually
EVS02543,"6709 Mexico City Ave, Mexico City",DC Fast Charger,0.23,9:00-18:00,3.13,70,Greenlots,350,"CHAdeMO, Type 2",2010,No,4.4,4,Quarterly
EVS02544,"8177 Mexico City Ave, Mexico City",AC Level 1,0.19,6:00-22:00,19.37,41,ChargePoint,22,Tesla,2013,No,3.1,9,Monthly
EVS02545,"7773 Sydney Ave, Sydney",DC Fast Charger,0.49,24/7,8.95,59,Tesla,150,Tesla,2023,Yes,4.9,9,Annually
EVS02546,"3467 São Paulo Ave, São Paulo",DC Fast Charger,0.25,24/7,6.58,70,EVgo,350,"CHAdeMO, CCS",2018,No,4.4,8,Monthly
EVS02547,"392 Beijing Ave, Beijing",AC Level 1,0.39,9:00-18:00,10.80,15,Tesla,22,Type 2,2018,Yes,3.4,7,Annually
EVS02548,"7894 Toronto Ave, Toronto",AC Level 1,0.45,24/7,6.09,71,EVgo,22,"Tesla, CHAdeMO",2023,No,3.5,1,Annually
EVS02549,"3807 Toronto Ave, Toronto",DC Fast Charger,0.48,9:00-18:00,3.95,24,EVgo,350,Type 2,2014,Yes,3.5,8,Annually
EVS02550,"4306 Dubai Ave, Dubai",AC Level 1,0.18,24/7,8.42,42,Ionity,150,CHAdeMO,2010,No,4.2,5,Monthly
EVS02551,"7453 Random Rd, City 185, Country",AC Level 1,0.15,24/7,12.57,88,Ionity,350,Type 2,2023,No,3.3,8,Annually
EVS02552,"4022 Cape Town Ave, Cape Town",DC Fast Charger,0.23,9:00-18:00,12.72,97,EVgo,150,Tesla,2011,Yes,4.0,10,Quarterly
EVS02553,"6747 Berlin Ave, Berlin",AC Level 2,0.21,24/7,6.98,46,ChargePoint,150,Type 2,2014,No,3.1,4,Annually
EVS02554,"8769 Mumbai Ave, Mumbai",DC Fast Charger,0.46,6:00-22:00,8.26,44,ChargePoint,22,CCS,2018,No,4.1,3,Monthly
EVS02555,"5288 Dubai Ave, Dubai",AC Level 1,0.39,24/7,15.04,53,EVgo,150,Tesla,2012,No,3.5,1,Annually
EVS02556,"370 San Francisco Ave, San Francisco",DC Fast Charger,0.11,24/7,3.59,24,EVgo,150,"CCS, Tesla",2010,No,3.3,10,Annually
EVS02557,"5668 São Paulo Ave, São Paulo",DC Fast Charger,0.13,6:00-22:00,4.54,92,EVgo,150,"CCS, Tesla",2010,Yes,4.8,7,Quarterly
EVS02558,"8630 Bangkok Ave, Bangkok",DC Fast Charger,0.39,9:00-18:00,12.77,15,Ionity,50,Tesla,2012,Yes,3.1,6,Annually
EVS02559,"1811 Los Angeles Ave, Los Angeles",AC Level 2,0.24,9:00-18:00,13.50,99,ChargePoint,350,"Type 2, Tesla",2015,Yes,3.2,5,Annually
EVS02560,"8807 Sydney Ave, Sydney",AC Level 2,0.38,9:00-18:00,10.46,39,EVgo,50,"CHAdeMO, Tesla",2020,Yes,3.5,3,Annually
EVS02561,"6337 Random Rd, City 15, Country",AC Level 1,0.39,6:00-22:00,8.66,95,Greenlots,350,Type 2,2015,No,3.4,5,Annually
EVS02562,"2983 San Francisco Ave, San Francisco",AC Level 1,0.30,9:00-18:00,3.34,54,EVgo,50,CHAdeMO,2011,Yes,3.1,3,Monthly
EVS02563,"9891 Moscow Ave, Moscow",AC Level 1,0.25,6:00-22:00,2.04,81,EVgo,22,Type 2,2022,Yes,4.9,10,Monthly
EVS02564,"1406 Los Angeles Ave, Los Angeles",DC Fast Charger,0.16,24/7,2.52,28,ChargePoint,350,Type 2,2019,Yes,4.0,3,Quarterly
EVS02565,"9595 San Francisco Ave, San Francisco",AC Level 1,0.30,24/7,7.61,27,Ionity,50,Type 2,2011,Yes,4.1,9,Annually
EVS02566,"148 San Francisco Ave, San Francisco",AC Level 1,0.48,24/7,16.08,67,Greenlots,150,"CCS, Tesla",2020,Yes,4.9,2,Quarterly
EVS02567,"5716 São Paulo Ave, São Paulo",AC Level 1,0.12,6:00-22:00,4.44,42,EVgo,350,"CHAdeMO, Tesla",2013,Yes,3.7,4,Quarterly
EVS02568,"4803 Toronto Ave, Toronto",AC Level 1,0.46,6:00-22:00,12.14,10,EVgo,22,"Type 2, CCS",2019,Yes,4.9,10,Monthly
EVS02569,"1954 Los Angeles Ave, Los Angeles",DC Fast Charger,0.28,6:00-22:00,13.74,54,Tesla,150,Tesla,2016,No,4.1,6,Monthly
EVS02570,"5241 Moscow Ave, Moscow",DC Fast Charger,0.36,9:00-18:00,12.50,78,ChargePoint,350,"Tesla, CCS",2021,Yes,4.7,8,Quarterly
EVS02571,"2692 Random Rd, City 415, Country",DC Fast Charger,0.33,6:00-22:00,18.43,78,Ionity,150,"Type 2, Tesla",2021,No,4.3,9,Annually
EVS02572,"647 Chicago Ave, Chicago",DC Fast Charger,0.29,9:00-18:00,0.72,49,Ionity,50,CHAdeMO,2015,No,4.4,3,Quarterly
EVS02573,"1773 Cape Town Ave, Cape Town",DC Fast Charger,0.12,24/7,12.51,19,Tesla,22,"Tesla, CCS",2010,No,4.1,5,Monthly
EVS02574,"1728 Mexico City Ave, Mexico City",AC Level 2,0.37,24/7,15.83,97,EVgo,150,"Tesla, Type 2",2016,No,3.8,5,Quarterly
EVS02575,"8225 Dubai Ave, Dubai",DC Fast Charger,0.38,9:00-18:00,7.76,66,Ionity,150,CCS,2012,No,4.8,5,Monthly
EVS02576,"5761 São Paulo Ave, São Paulo",AC Level 2,0.35,9:00-18:00,11.61,57,Tesla,150,CCS,2014,Yes,4.6,9,Monthly
EVS02577,"3872 Mumbai Ave, Mumbai",AC Level 1,0.49,6:00-22:00,6.88,34,Tesla,50,CHAdeMO,2016,No,3.6,9,Annually
EVS02578,"4806 Berlin Ave, Berlin",AC Level 1,0.21,6:00-22:00,12.86,67,Greenlots,350,"CCS, Type 2",2014,Yes,4.5,2,Quarterly
EVS02579,"7739 Cape Town Ave, Cape Town",AC Level 2,0.26,6:00-22:00,11.51,27,EVgo,150,"CCS, Tesla",2010,No,3.3,7,Annually
EVS02580,"4047 Sydney Ave, Sydney",AC Level 2,0.12,9:00-18:00,12.92,34,ChargePoint,50,Type 2,2014,No,4.6,3,Quarterly
EVS02581,"7023 Random Rd, City 139, Country",AC Level 2,0.14,9:00-18:00,5.25,54,ChargePoint,50,Type 2,2021,No,4.0,6,Monthly
EVS02582,"843 Moscow Ave, Moscow",AC Level 2,0.43,6:00-22:00,11.38,34,Ionity,50,Tesla,2017,No,4.1,1,Quarterly
EVS02583,"6327 Dubai Ave, Dubai",AC Level 2,0.36,24/7,3.36,47,EVgo,22,"CCS, CHAdeMO",2020,No,3.7,1,Annually
EVS02584,"524 Mexico City Ave, Mexico City",AC Level 2,0.29,9:00-18:00,6.02,69,ChargePoint,22,CCS,2011,No,3.3,2,Monthly
EVS02585,"8302 Moscow Ave, Moscow",AC Level 1,0.36,6:00-22:00,1.57,53,ChargePoint,50,CHAdeMO,2017,Yes,4.4,1,Monthly
EVS02586,"9058 Cape Town Ave, Cape Town",DC Fast Charger,0.33,24/7,1.94,80,Ionity,150,"CHAdeMO, Type 2",2017,No,4.4,7,Annually
EVS02587,"158 San Francisco Ave, San Francisco",AC Level 1,0.37,9:00-18:00,13.45,96,Greenlots,350,CHAdeMO,2017,No,4.2,4,Monthly
EVS02588,"9938 São Paulo Ave, São Paulo",DC Fast Charger,0.22,9:00-18:00,4.14,39,EVgo,50,"Type 2, CCS",2012,Yes,4.2,9,Monthly
EVS02589,"2340 Seoul Ave, Seoul",AC Level 1,0.41,24/7,7.54,100,Ionity,50,"Type 2, Tesla",2019,No,4.9,8,Monthly
EVS02590,"7392 Mexico City Ave, Mexico City",AC Level 2,0.28,9:00-18:00,2.14,44,EVgo,22,"Type 2, Tesla",2015,No,3.8,7,Quarterly
EVS02591,"4979 Random Rd, City 366, Country",AC Level 1,0.33,6:00-22:00,7.41,45,Tesla,150,Tesla,2012,No,3.6,9,Monthly
EVS02592,"5859 Los Angeles Ave, Los Angeles",DC Fast Charger,0.42,6:00-22:00,2.24,27,Greenlots,22,"CHAdeMO, Tesla",2017,Yes,4.3,4,Monthly
EVS02593,"3978 Los Angeles Ave, Los Angeles",AC Level 2,0.45,6:00-22:00,13.02,29,Ionity,150,"CHAdeMO, CCS",2011,No,4.6,6,Monthly
EVS02594,"9560 Mexico City Ave, Mexico City",DC Fast Charger,0.28,6:00-22:00,18.51,21,Ionity,350,"Type 2, CCS",2023,Yes,3.7,9,Quarterly
EVS02595,"6636 Mumbai Ave, Mumbai",DC Fast Charger,0.11,24/7,14.93,25,ChargePoint,22,"Tesla, CCS",2022,No,3.4,2,Monthly
EVS02596,"9432 Berlin Ave, Berlin",AC Level 2,0.42,9:00-18:00,16.62,59,EVgo,50,"CCS, CHAdeMO",2020,No,3.2,6,Annually
EVS02597,"5235 Beijing Ave, Beijing",DC Fast Charger,0.33,9:00-18:00,19.62,55,Ionity,150,CHAdeMO,2015,Yes,4.3,8,Annually
EVS02598,"5046 São Paulo Ave, São Paulo",DC Fast Charger,0.16,9:00-18:00,10.29,91,EVgo,150,CCS,2019,Yes,4.7,9,Monthly
EVS02599,"4973 Moscow Ave, Moscow",AC Level 1,0.16,9:00-18:00,9.26,20,Greenlots,350,"CHAdeMO, Tesla",2013,Yes,4.0,4,Monthly
EVS02600,"4656 Mumbai Ave, Mumbai",AC Level 2,0.29,9:00-18:00,8.72,72,ChargePoint,22,"Type 2, CHAdeMO",2022,Yes,3.4,7,Annually
EVS02601,"1167 Random Rd, City 328, Country",AC Level 1,0.42,6:00-22:00,0.52,66,Ionity,22,CHAdeMO,2011,Yes,3.9,1,Annually
EVS02602,"1979 Chicago Ave, Chicago",DC Fast Charger,0.17,6:00-22:00,7.85,71,Tesla,22,CHAdeMO,2017,Yes,4.0,10,Annually
EVS02603,"1085 Dubai Ave, Dubai",AC Level 1,0.12,24/7,2.56,67,Greenlots,22,"CCS, Tesla",2015,Yes,3.7,9,Monthly
EVS02604,"6187 Cape Town Ave, Cape Town",AC Level 1,0.18,9:00-18:00,1.27,76,ChargePoint,22,Tesla,2017,Yes,3.4,7,Annually
EVS02605,"9289 Beijing Ave, Beijing",AC Level 1,0.12,6:00-22:00,8.53,17,ChargePoint,350,Tesla,2017,No,4.1,5,Monthly
EVS02606,"6422 Moscow Ave, Moscow",AC Level 2,0.45,24/7,2.26,43,EVgo,50,"CCS, Tesla",2020,Yes,4.3,1,Quarterly
EVS02607,"3239 Mexico City Ave, Mexico City",AC Level 2,0.39,9:00-18:00,7.52,22,Ionity,350,Tesla,2021,Yes,3.1,7,Monthly
EVS02608,"1413 São Paulo Ave, São Paulo",AC Level 2,0.37,6:00-22:00,13.52,57,ChargePoint,50,"CCS, CHAdeMO",2021,Yes,3.6,5,Monthly
EVS02609,"8491 Bangkok Ave, Bangkok",AC Level 1,0.47,6:00-22:00,18.87,17,EVgo,22,"Type 2, CCS",2022,Yes,3.7,8,Monthly
EVS02610,"2819 Bangkok Ave, Bangkok",AC Level 1,0.41,24/7,17.69,97,EVgo,350,"CCS, CHAdeMO",2017,No,5.0,3,Annually
EVS02611,"8842 Random Rd, City 424, Country",DC Fast Charger,0.18,6:00-22:00,13.86,82,ChargePoint,50,"CHAdeMO, Type 2",2021,No,4.0,6,Quarterly
EVS02612,"3121 Los Angeles Ave, Los Angeles",AC Level 1,0.44,9:00-18:00,16.29,79,Ionity,150,"CHAdeMO, CCS",2019,Yes,4.4,8,Monthly
EVS02613,"536 Los Angeles Ave, Los Angeles",AC Level 1,0.22,9:00-18:00,0.96,88,Ionity,22,Type 2,2021,Yes,3.3,7,Monthly
EVS02614,"945 Mexico City Ave, Mexico City",AC Level 2,0.19,24/7,18.66,69,Greenlots,22,Type 2,2020,Yes,4.0,10,Monthly
EVS02615,"6802 Bangkok Ave, Bangkok",DC Fast Charger,0.33,24/7,15.59,22,ChargePoint,22,Type 2,2019,Yes,4.2,2,Monthly
EVS02616,"1983 Bangkok Ave, Bangkok",DC Fast Charger,0.24,6:00-22:00,7.11,25,Tesla,50,"Type 2, CHAdeMO",2022,Yes,4.5,5,Annually
EVS02617,"2631 Toronto Ave, Toronto",AC Level 2,0.15,6:00-22:00,15.82,64,Tesla,50,"Type 2, CCS",2011,No,3.7,2,Monthly
EVS02618,"826 Bangkok Ave, Bangkok",AC Level 1,0.46,24/7,15.61,23,ChargePoint,22,"CCS, CHAdeMO",2012,Yes,4.8,4,Monthly
EVS02619,"3993 Mumbai Ave, Mumbai",AC Level 1,0.29,6:00-22:00,4.76,88,ChargePoint,150,"Type 2, Tesla",2023,No,3.1,7,Annually
EVS02620,"9792 Mumbai Ave, Mumbai",AC Level 1,0.26,9:00-18:00,18.02,67,EVgo,350,Tesla,2022,Yes,4.3,2,Monthly
EVS02621,"6765 Random Rd, City 236, Country",DC Fast Charger,0.21,24/7,14.62,99,Tesla,50,CHAdeMO,2012,Yes,4.1,9,Annually
EVS02622,"280 Beijing Ave, Beijing",AC Level 1,0.45,6:00-22:00,13.31,37,Greenlots,50,Tesla,2012,Yes,3.8,6,Monthly
EVS02623,"2596 Chicago Ave, Chicago",DC Fast Charger,0.29,9:00-18:00,0.73,96,Ionity,22,"Type 2, CHAdeMO",2010,No,4.2,10,Quarterly
EVS02624,"3427 Seoul Ave, Seoul",DC Fast Charger,0.20,24/7,1.38,35,Ionity,22,"CHAdeMO, CCS",2010,No,3.8,6,Monthly
EVS02625,"1584 Mumbai Ave, Mumbai",AC Level 1,0.38,9:00-18:00,19.01,40,Tesla,22,Type 2,2015,Yes,4.0,7,Annually
EVS02626,"7530 Los Angeles Ave, Los Angeles",AC Level 2,0.38,9:00-18:00,8.21,85,Tesla,22,"Tesla, CCS",2023,Yes,4.7,6,Annually
EVS02627,"3593 Sydney Ave, Sydney",AC Level 2,0.14,9:00-18:00,4.38,31,ChargePoint,350,CCS,2013,No,4.0,5,Annually
EVS02628,"3235 Berlin Ave, Berlin",AC Level 1,0.44,24/7,0.59,16,Tesla,22,"CHAdeMO, Type 2",2015,No,3.3,3,Annually
EVS02629,"283 Dubai Ave, Dubai",AC Level 2,0.49,24/7,4.19,62,Ionity,50,"Type 2, CHAdeMO",2018,Yes,4.6,3,Quarterly
EVS02630,"372 Mexico City Ave, Mexico City",AC Level 1,0.18,9:00-18:00,9.79,51,EVgo,50,"CHAdeMO, Type 2",2012,No,4.6,9,Annually
EVS02631,"2252 Random Rd, City 393, Country",AC Level 2,0.40,24/7,6.63,63,Greenlots,150,CCS,2016,Yes,4.0,9,Annually
EVS02632,"7530 Bangkok Ave, Bangkok",AC Level 1,0.17,24/7,17.48,33,Greenlots,22,"Tesla, Type 2",2013,No,4.9,8,Quarterly
EVS02633,"1729 Mexico City Ave, Mexico City",AC Level 1,0.23,9:00-18:00,11.09,68,Tesla,22,CCS,2015,Yes,4.6,5,Annually
EVS02634,"508 Chicago Ave, Chicago",DC Fast Charger,0.36,9:00-18:00,6.98,29,Greenlots,50,"Type 2, CCS",2014,Yes,3.7,6,Quarterly
EVS02635,"5815 Moscow Ave, Moscow",AC Level 1,0.28,24/7,9.93,23,Ionity,50,"Type 2, CHAdeMO",2012,Yes,4.8,2,Quarterly
EVS02636,"1544 Seoul Ave, Seoul",DC Fast Charger,0.45,24/7,15.75,54,ChargePoint,22,CHAdeMO,2010,Yes,3.7,8,Quarterly
EVS02637,"727 Bangkok Ave, Bangkok",DC Fast Charger,0.39,9:00-18:00,9.71,30,Ionity,150,CCS,2018,No,3.2,4,Quarterly
EVS02638,"7768 Beijing Ave, Beijing",DC Fast Charger,0.30,24/7,18.16,90,ChargePoint,50,Tesla,2022,Yes,3.4,6,Annually
EVS02639,"3985 Beijing Ave, Beijing",DC Fast Charger,0.17,9:00-18:00,9.66,52,ChargePoint,50,"Tesla, Type 2",2018,No,3.1,5,Quarterly
EVS02640,"1647 Mumbai Ave, Mumbai",AC Level 1,0.15,24/7,19.98,97,Tesla,50,CHAdeMO,2020,Yes,3.9,8,Annually
EVS02641,"7297 Random Rd, City 221, Country",DC Fast Charger,0.18,24/7,0.82,81,ChargePoint,350,Type 2,2022,No,4.0,6,Monthly
EVS02642,"5527 Beijing Ave, Beijing",AC Level 1,0.42,6:00-22:00,19.73,53,Tesla,150,"CCS, CHAdeMO",2014,Yes,4.2,3,Monthly
EVS02643,"6832 Mexico City Ave, Mexico City",DC Fast Charger,0.12,24/7,12.17,59,Tesla,22,"Type 2, Tesla",2019,Yes,3.1,8,Monthly
EVS02644,"287 Sydney Ave, Sydney",AC Level 1,0.20,9:00-18:00,2.32,97,EVgo,22,CHAdeMO,2017,Yes,4.0,5,Monthly
EVS02645,"182 Bangkok Ave, Bangkok",AC Level 1,0.13,6:00-22:00,13.31,85,ChargePoint,150,"Type 2, CCS",2017,Yes,3.6,4,Quarterly
EVS02646,"5660 Berlin Ave, Berlin",AC Level 1,0.25,9:00-18:00,3.19,39,EVgo,350,CCS,2016,No,3.1,5,Quarterly
EVS02647,"3869 Chicago Ave, Chicago",AC Level 2,0.25,24/7,2.48,17,Tesla,50,"Tesla, CCS",2018,No,5.0,10,Quarterly
EVS02648,"5086 Los Angeles Ave, Los Angeles",AC Level 2,0.38,6:00-22:00,13.84,30,EVgo,50,Tesla,2011,Yes,4.4,4,Monthly
EVS02649,"121 Dubai Ave, Dubai",AC Level 2,0.37,6:00-22:00,8.11,51,Ionity,350,Type 2,2018,Yes,3.4,2,Monthly
EVS02650,"4214 Berlin Ave, Berlin",AC Level 1,0.39,9:00-18:00,9.70,46,EVgo,350,CHAdeMO,2016,Yes,3.7,1,Annually
EVS02651,"8904 Random Rd, City 90, Country",DC Fast Charger,0.43,24/7,2.45,20,Ionity,50,Type 2,2012,Yes,4.1,9,Monthly
EVS02652,"3807 Chicago Ave, Chicago",AC Level 2,0.44,9:00-18:00,8.73,77,Greenlots,350,Type 2,2017,Yes,3.0,6,Monthly
EVS02653,"5055 Cape Town Ave, Cape Town",AC Level 1,0.42,24/7,13.51,71,Ionity,150,"CHAdeMO, CCS",2015,Yes,3.0,4,Annually
EVS02654,"4763 Bangkok Ave, Bangkok",AC Level 2,0.30,24/7,4.94,68,Tesla,350,Type 2,2016,Yes,3.7,2,Quarterly
EVS02655,"9624 Mexico City Ave, Mexico City",AC Level 1,0.44,9:00-18:00,10.30,31,Greenlots,50,"Tesla, CHAdeMO",2018,No,3.2,5,Annually
EVS02656,"720 Seoul Ave, Seoul",AC Level 1,0.36,6:00-22:00,9.31,25,Greenlots,350,"Tesla, CHAdeMO",2012,Yes,3.4,7,Monthly
EVS02657,"1590 San Francisco Ave, San Francisco",DC Fast Charger,0.46,9:00-18:00,7.53,23,Ionity,22,"Type 2, CHAdeMO",2014,No,4.7,5,Quarterly
EVS02658,"2970 Seoul Ave, Seoul",DC Fast Charger,0.42,24/7,10.99,33,Greenlots,150,"Tesla, Type 2",2012,Yes,3.5,1,Monthly
EVS02659,"723 San Francisco Ave, San Francisco",DC Fast Charger,0.45,24/7,10.88,25,ChargePoint,50,CCS,2021,No,4.9,6,Annually
EVS02660,"4546 San Francisco Ave, San Francisco",AC Level 1,0.37,6:00-22:00,4.50,27,ChargePoint,350,CCS,2019,No,3.3,2,Annually
EVS02661,"349 Random Rd, City 164, Country",AC Level 1,0.43,9:00-18:00,17.08,41,Tesla,50,"CCS, Type 2",2018,Yes,3.8,9,Quarterly
EVS02662,"1524 Bangkok Ave, Bangkok",AC Level 2,0.30,6:00-22:00,0.58,38,Greenlots,22,"CHAdeMO, Type 2",2013,No,4.9,9,Monthly
EVS02663,"1593 Seoul Ave, Seoul",DC Fast Charger,0.46,24/7,11.22,93,ChargePoint,22,"CCS, Type 2",2018,Yes,4.4,5,Monthly
EVS02664,"9291 Dubai Ave, Dubai",AC Level 2,0.21,9:00-18:00,14.15,20,Tesla,350,Tesla,2019,Yes,3.4,4,Monthly
EVS02665,"4646 Mexico City Ave, Mexico City",AC Level 1,0.26,9:00-18:00,6.37,58,Greenlots,50,Type 2,2021,No,3.3,9,Monthly
EVS02666,"7325 San Francisco Ave, San Francisco",AC Level 2,0.28,9:00-18:00,10.33,66,ChargePoint,350,Tesla,2023,No,4.1,2,Annually
EVS02667,"4296 Chicago Ave, Chicago",DC Fast Charger,0.18,9:00-18:00,2.76,95,Tesla,350,CCS,2023,Yes,4.4,3,Annually
EVS02668,"9174 São Paulo Ave, São Paulo",DC Fast Charger,0.33,9:00-18:00,19.55,24,Greenlots,22,"Type 2, CCS",2021,No,3.2,8,Monthly
EVS02669,"2005 Sydney Ave, Sydney",AC Level 1,0.23,9:00-18:00,9.67,66,Ionity,150,"CCS, Tesla",2023,Yes,4.1,8,Annually
EVS02670,"924 Beijing Ave, Beijing",DC Fast Charger,0.22,24/7,13.27,17,EVgo,150,"Type 2, Tesla",2019,Yes,4.0,8,Quarterly
EVS02671,"7218 Random Rd, City 404, Country",DC Fast Charger,0.24,9:00-18:00,18.67,38,Greenlots,350,CCS,2019,Yes,3.2,8,Annually
EVS02672,"4657 Bangkok Ave, Bangkok",AC Level 2,0.16,24/7,8.91,82,ChargePoint,350,"Tesla, CHAdeMO",2010,Yes,5.0,2,Annually
EVS02673,"4171 Los Angeles Ave, Los Angeles",DC Fast Charger,0.38,24/7,17.73,65,Greenlots,150,Tesla,2021,No,3.9,4,Annually
EVS02674,"6017 Bangkok Ave, Bangkok",AC Level 1,0.32,6:00-22:00,7.45,14,Tesla,50,"CCS, CHAdeMO",2023,No,4.6,8,Annually
EVS02675,"297 Chicago Ave, Chicago",DC Fast Charger,0.30,24/7,9.47,45,EVgo,22,CHAdeMO,2015,No,4.1,6,Quarterly
EVS02676,"733 Los Angeles Ave, Los Angeles",DC Fast Charger,0.11,6:00-22:00,19.32,58,Greenlots,350,"Type 2, Tesla",2015,No,3.3,6,Monthly
EVS02677,"8965 Beijing Ave, Beijing",AC Level 2,0.35,6:00-22:00,9.39,33,Ionity,50,Tesla,2019,No,3.9,8,Quarterly
EVS02678,"6459 Beijing Ave, Beijing",AC Level 1,0.13,24/7,0.93,33,Ionity,22,"Tesla, Type 2",2013,No,4.4,8,Monthly
EVS02679,"2249 Chicago Ave, Chicago",DC Fast Charger,0.29,9:00-18:00,19.05,65,EVgo,50,"Tesla, CCS",2021,Yes,3.3,9,Monthly
EVS02680,"2403 Beijing Ave, Beijing",AC Level 1,0.15,24/7,14.81,29,ChargePoint,150,CCS,2011,Yes,4.1,7,Quarterly
EVS02681,"545 Random Rd, City 94, Country",AC Level 1,0.18,24/7,2.77,46,Greenlots,50,CCS,2015,No,4.8,6,Monthly
EVS02682,"7561 Sydney Ave, Sydney",DC Fast Charger,0.35,6:00-22:00,11.30,54,ChargePoint,150,CCS,2017,Yes,5.0,5,Monthly
EVS02683,"6955 Mumbai Ave, Mumbai",AC Level 2,0.24,9:00-18:00,15.92,51,ChargePoint,50,"CHAdeMO, CCS",2018,Yes,3.2,2,Quarterly
EVS02684,"8292 Berlin Ave, Berlin",DC Fast Charger,0.18,24/7,19.85,40,Tesla,150,Tesla,2022,Yes,4.8,5,Annually
EVS02685,"6205 Berlin Ave, Berlin",DC Fast Charger,0.33,6:00-22:00,15.73,64,ChargePoint,50,"Type 2, CCS",2021,No,3.3,6,Annually
EVS02686,"5584 Los Angeles Ave, Los Angeles",AC Level 1,0.35,9:00-18:00,13.02,89,Tesla,50,"Type 2, CCS",2020,Yes,4.7,6,Quarterly
EVS02687,"9981 Mexico City Ave, Mexico City",AC Level 1,0.14,6:00-22:00,9.51,45,ChargePoint,150,"CCS, Tesla",2019,Yes,3.3,1,Monthly
EVS02688,"8393 Dubai Ave, Dubai",AC Level 1,0.47,6:00-22:00,16.98,25,Tesla,350,CHAdeMO,2019,Yes,5.0,2,Quarterly
EVS02689,"4986 San Francisco Ave, San Francisco",DC Fast Charger,0.20,9:00-18:00,8.22,99,ChargePoint,150,"CHAdeMO, Tesla",2023,Yes,3.2,1,Monthly
EVS02690,"2027 Seoul Ave, Seoul",AC Level 1,0.36,24/7,7.78,40,EVgo,50,CCS,2015,No,4.7,1,Monthly
EVS02691,"6564 Random Rd, City 435, Country",AC Level 1,0.17,9:00-18:00,0.60,13,Greenlots,350,CHAdeMO,2017,No,4.2,1,Annually
EVS02692,"8639 Mumbai Ave, Mumbai",AC Level 1,0.17,24/7,14.65,63,EVgo,22,"CCS, Tesla",2021,Yes,4.5,7,Annually
EVS02693,"3982 Dubai Ave, Dubai",AC Level 2,0.36,9:00-18:00,19.72,64,Tesla,50,CHAdeMO,2016,Yes,4.4,4,Quarterly
EVS02694,"5759 Cape Town Ave, Cape Town",AC Level 2,0.34,9:00-18:00,4.12,53,EVgo,350,CHAdeMO,2011,Yes,3.6,4,Monthly
EVS02695,"4343 Mexico City Ave, Mexico City",DC Fast Charger,0.12,9:00-18:00,11.39,86,EVgo,350,CCS,2015,Yes,3.4,9,Annually
EVS02696,"3712 Cape Town Ave, Cape Town",DC Fast Charger,0.31,6:00-22:00,6.52,71,Tesla,350,Type 2,2017,No,3.1,6,Monthly
EVS02697,"3314 Dubai Ave, Dubai",AC Level 1,0.29,6:00-22:00,5.64,31,Greenlots,350,"Type 2, CCS",2014,Yes,3.9,10,Monthly
EVS02698,"1411 Sydney Ave, Sydney",AC Level 2,0.48,24/7,19.22,32,Greenlots,22,CCS,2011,Yes,3.6,6,Quarterly
EVS02699,"145 Beijing Ave, Beijing",AC Level 2,0.48,24/7,11.60,90,Greenlots,50,Tesla,2014,No,4.2,10,Monthly
EVS02700,"4790 Beijing Ave, Beijing",AC Level 1,0.24,9:00-18:00,4.89,66,Ionity,22,CCS,2020,No,4.8,8,Annually
EVS02701,"6184 Random Rd, City 246, Country",AC Level 2,0.13,24/7,3.31,34,Tesla,350,CCS,2021,No,4.8,4,Monthly
EVS02702,"6727 Toronto Ave, Toronto",DC Fast Charger,0.11,9:00-18:00,5.32,72,Tesla,350,"Type 2, CCS",2015,No,3.9,4,Annually
EVS02703,"5505 Moscow Ave, Moscow",AC Level 2,0.24,24/7,11.57,47,EVgo,350,Type 2,2018,Yes,4.1,7,Quarterly
EVS02704,"1263 Toronto Ave, Toronto",AC Level 2,0.46,6:00-22:00,19.30,53,EVgo,50,Tesla,2022,Yes,4.9,4,Quarterly
EVS02705,"2600 Chicago Ave, Chicago",AC Level 1,0.44,24/7,6.26,15,Ionity,50,"CHAdeMO, Tesla",2023,No,4.0,8,Annually
EVS02706,"3231 Mumbai Ave, Mumbai",AC Level 2,0.49,6:00-22:00,14.17,40,Greenlots,350,"Type 2, CHAdeMO",2022,No,3.5,10,Quarterly
EVS02707,"4091 Mexico City Ave, Mexico City",AC Level 2,0.37,6:00-22:00,5.71,97,Tesla,50,CCS,2022,Yes,3.8,2,Monthly
EVS02708,"3907 Toronto Ave, Toronto",AC Level 2,0.37,6:00-22:00,13.95,84,Tesla,150,CCS,2019,Yes,4.6,7,Monthly
EVS02709,"756 Moscow Ave, Moscow",DC Fast Charger,0.24,9:00-18:00,11.99,49,Ionity,350,Type 2,2023,No,3.9,4,Annually
EVS02710,"3188 Bangkok Ave, Bangkok",AC Level 1,0.31,9:00-18:00,7.30,12,Tesla,50,"CHAdeMO, Tesla",2018,Yes,4.3,6,Annually
EVS02711,"7352 Random Rd, City 460, Country",AC Level 2,0.31,24/7,18.45,78,Tesla,50,CHAdeMO,2012,Yes,3.3,9,Monthly
EVS02712,"6172 Sydney Ave, Sydney",AC Level 1,0.26,9:00-18:00,9.44,35,Tesla,350,"CCS, CHAdeMO",2017,Yes,3.5,3,Annually
EVS02713,"4805 Berlin Ave, Berlin",DC Fast Charger,0.14,6:00-22:00,17.89,22,Tesla,150,"Tesla, CCS",2015,No,3.7,1,Annually
EVS02714,"850 Toronto Ave, Toronto",DC Fast Charger,0.29,9:00-18:00,13.50,43,ChargePoint,22,"Tesla, CCS",2015,No,4.7,2,Quarterly
EVS02715,"3956 São Paulo Ave, São Paulo",AC Level 1,0.35,24/7,1.68,52,Greenlots,350,"Tesla, Type 2",2017,No,3.5,6,Quarterly
EVS02716,"3909 Chicago Ave, Chicago",AC Level 1,0.47,6:00-22:00,1.67,96,Ionity,22,CHAdeMO,2017,No,4.5,2,Quarterly
EVS02717,"1734 Toronto Ave, Toronto",AC Level 2,0.20,24/7,14.79,22,ChargePoint,50,"CCS, CHAdeMO",2015,Yes,5.0,4,Annually
EVS02718,"6241 Mumbai Ave, Mumbai",AC Level 2,0.16,6:00-22:00,5.74,98,ChargePoint,50,"CCS, Type 2",2018,No,4.3,6,Quarterly
EVS02719,"199 Mumbai Ave, Mumbai",AC Level 1,0.21,6:00-22:00,9.02,63,Ionity,350,"Tesla, Type 2",2017,Yes,4.7,3,Quarterly
EVS02720,"4531 Seoul Ave, Seoul",AC Level 2,0.29,9:00-18:00,2.32,94,Ionity,50,Type 2,2020,Yes,3.4,6,Quarterly
EVS02721,"5547 Random Rd, City 103, Country",AC Level 2,0.36,9:00-18:00,6.38,30,Greenlots,50,CCS,2014,No,3.0,2,Monthly
EVS02722,"1582 San Francisco Ave, San Francisco",AC Level 1,0.34,6:00-22:00,16.81,46,Greenlots,22,CHAdeMO,2017,Yes,3.4,7,Monthly
EVS02723,"571 Mexico City Ave, Mexico City",DC Fast Charger,0.33,9:00-18:00,4.34,12,Tesla,22,"Type 2, CCS",2013,No,3.2,9,Monthly
EVS02724,"2939 Los Angeles Ave, Los Angeles",AC Level 2,0.15,6:00-22:00,16.27,74,Ionity,50,Type 2,2021,Yes,4.0,2,Monthly
EVS02725,"9853 Seoul Ave, Seoul",AC Level 2,0.15,24/7,19.24,63,ChargePoint,22,"CHAdeMO, Tesla",2016,Yes,3.8,9,Quarterly
EVS02726,"7056 Sydney Ave, Sydney",AC Level 1,0.22,9:00-18:00,18.68,32,Tesla,350,CHAdeMO,2016,No,4.8,4,Quarterly
EVS02727,"667 Mexico City Ave, Mexico City",AC Level 2,0.14,9:00-18:00,7.82,84,ChargePoint,50,Tesla,2011,Yes,5.0,1,Annually
EVS02728,"2657 Dubai Ave, Dubai",AC Level 1,0.24,24/7,6.70,20,Ionity,150,"CCS, CHAdeMO",2015,Yes,4.7,8,Quarterly
EVS02729,"9753 Mexico City Ave, Mexico City",DC Fast Charger,0.34,24/7,11.96,77,ChargePoint,50,"Type 2, CHAdeMO",2020,No,4.8,3,Quarterly
EVS02730,"6485 Berlin Ave, Berlin",AC Level 2,0.31,9:00-18:00,1.15,85,ChargePoint,150,"Type 2, CCS",2021,Yes,4.8,3,Annually
EVS02731,"475 Random Rd, City 134, Country",AC Level 2,0.32,6:00-22:00,10.25,21,ChargePoint,50,CCS,2010,Yes,3.8,4,Quarterly
EVS02732,"7950 Beijing Ave, Beijing",AC Level 2,0.26,6:00-22:00,9.86,26,Greenlots,22,"CCS, Type 2",2012,Yes,4.6,8,Monthly
EVS02733,"6597 San Francisco Ave, San Francisco",AC Level 1,0.19,24/7,6.36,89,Greenlots,150,"Type 2, CHAdeMO",2011,Yes,3.8,10,Quarterly
EVS02734,"5501 Bangkok Ave, Bangkok",AC Level 1,0.36,24/7,9.11,78,Greenlots,22,CHAdeMO,2017,Yes,3.6,3,Monthly
EVS02735,"6732 Berlin Ave, Berlin",AC Level 1,0.34,6:00-22:00,7.72,41,EVgo,350,"Tesla, CCS",2011,No,3.9,9,Monthly
EVS02736,"2702 Seoul Ave, Seoul",AC Level 1,0.45,6:00-22:00,9.70,76,EVgo,22,CCS,2014,No,4.5,6,Annually
EVS02737,"8618 Chicago Ave, Chicago",AC Level 1,0.13,24/7,11.62,39,ChargePoint,350,"Tesla, Type 2",2023,Yes,4.6,6,Quarterly
EVS02738,"744 Berlin Ave, Berlin",AC Level 2,0.48,24/7,1.70,38,Ionity,22,Type 2,2010,Yes,3.4,10,Quarterly
EVS02739,"2893 Toronto Ave, Toronto",AC Level 2,0.12,24/7,12.27,28,Tesla,50,CCS,2020,Yes,4.6,6,Monthly
EVS02740,"3864 Sydney Ave, Sydney",AC Level 2,0.45,6:00-22:00,3.95,63,Ionity,150,"Type 2, Tesla",2018,No,4.2,4,Quarterly
EVS02741,"2363 Random Rd, City 330, Country",AC Level 2,0.46,6:00-22:00,7.02,68,Tesla,50,Tesla,2018,Yes,4.7,2,Monthly
EVS02742,"1103 Cape Town Ave, Cape Town",AC Level 1,0.48,24/7,15.79,52,ChargePoint,350,"CCS, Type 2",2016,No,3.4,8,Quarterly
EVS02743,"3481 Dubai Ave, Dubai",AC Level 1,0.15,24/7,1.67,45,EVgo,22,"CHAdeMO, Tesla",2014,Yes,4.9,8,Monthly
EVS02744,"8664 Los Angeles Ave, Los Angeles",AC Level 2,0.16,9:00-18:00,2.60,44,Greenlots,50,"CCS, CHAdeMO",2014,Yes,4.9,4,Annually
EVS02745,"8843 Cape Town Ave, Cape Town",AC Level 1,0.43,6:00-22:00,9.97,69,Tesla,350,CCS,2023,Yes,3.4,9,Annually
EVS02746,"9738 Los Angeles Ave, Los Angeles",DC Fast Charger,0.45,6:00-22:00,1.53,67,EVgo,150,CCS,2018,Yes,3.6,1,Annually
EVS02747,"9215 Moscow Ave, Moscow",DC Fast Charger,0.12,9:00-18:00,17.77,70,ChargePoint,50,"Tesla, CHAdeMO",2020,Yes,4.0,2,Monthly
EVS02748,"37 Moscow Ave, Moscow",AC Level 2,0.48,6:00-22:00,5.55,65,Greenlots,350,CHAdeMO,2011,Yes,4.8,5,Quarterly
EVS02749,"1252 Chicago Ave, Chicago",DC Fast Charger,0.23,9:00-18:00,6.42,53,Tesla,50,"Tesla, Type 2",2023,No,4.3,6,Quarterly
EVS02750,"7492 Berlin Ave, Berlin",AC Level 1,0.37,24/7,17.91,98,EVgo,150,Tesla,2013,Yes,4.8,5,Monthly
EVS02751,"6014 Random Rd, City 163, Country",AC Level 1,0.39,6:00-22:00,19.76,51,Ionity,22,CHAdeMO,2022,No,3.7,4,Monthly
EVS02752,"5070 Mexico City Ave, Mexico City",DC Fast Charger,0.27,6:00-22:00,18.79,47,Ionity,50,"CCS, CHAdeMO",2014,No,3.1,6,Monthly
EVS02753,"8998 Moscow Ave, Moscow",DC Fast Charger,0.33,9:00-18:00,8.52,98,Greenlots,150,"Tesla, CCS",2023,No,4.8,2,Annually
EVS02754,"5297 Berlin Ave, Berlin",DC Fast Charger,0.45,24/7,10.38,61,Tesla,50,"Type 2, CHAdeMO",2012,Yes,4.2,6,Annually
EVS02755,"7370 Chicago Ave, Chicago",AC Level 1,0.40,24/7,8.23,31,EVgo,22,Type 2,2017,Yes,5.0,4,Annually
EVS02756,"9936 Bangkok Ave, Bangkok",AC Level 2,0.50,24/7,1.51,50,ChargePoint,50,"Type 2, CCS",2014,Yes,3.8,7,Annually
EVS02757,"5253 Seoul Ave, Seoul",DC Fast Charger,0.48,6:00-22:00,13.99,26,Tesla,50,"CCS, Tesla",2011,No,4.9,5,Monthly
EVS02758,"2456 Seoul Ave, Seoul",DC Fast Charger,0.48,24/7,1.57,75,Greenlots,22,"CHAdeMO, Tesla",2013,No,5.0,7,Monthly
EVS02759,"2990 Bangkok Ave, Bangkok",AC Level 1,0.26,6:00-22:00,1.11,80,EVgo,350,"CCS, Tesla",2018,No,4.0,4,Quarterly
EVS02760,"1982 Toronto Ave, Toronto",AC Level 2,0.42,24/7,4.11,62,EVgo,150,CHAdeMO,2010,Yes,4.3,10,Quarterly
EVS02761,"7940 Random Rd, City 220, Country",AC Level 2,0.37,24/7,15.11,98,Ionity,50,CCS,2013,Yes,3.7,4,Annually
EVS02762,"1086 Toronto Ave, Toronto",AC Level 2,0.22,24/7,13.19,94,EVgo,150,"Type 2, CHAdeMO",2019,No,4.7,9,Annually
EVS02763,"2642 Moscow Ave, Moscow",AC Level 2,0.22,9:00-18:00,11.80,87,EVgo,50,"CCS, Tesla",2017,Yes,3.8,8,Quarterly
EVS02764,"4603 Berlin Ave, Berlin",AC Level 1,0.23,24/7,9.83,59,Ionity,150,"Type 2, CCS",2023,No,3.7,2,Annually
EVS02765,"3931 Toronto Ave, Toronto",DC Fast Charger,0.16,24/7,3.70,18,Greenlots,150,"CCS, Tesla",2011,Yes,3.3,2,Annually
EVS02766,"913 Mexico City Ave, Mexico City",AC Level 1,0.27,6:00-22:00,9.06,82,Tesla,150,Tesla,2019,No,3.4,5,Annually
EVS02767,"587 Toronto Ave, Toronto",AC Level 1,0.15,24/7,13.17,72,Ionity,50,"CCS, Type 2",2021,No,3.5,6,Quarterly
EVS02768,"5046 Bangkok Ave, Bangkok",AC Level 2,0.17,6:00-22:00,0.77,79,EVgo,350,CCS,2018,No,4.4,6,Quarterly
EVS02769,"7802 San Francisco Ave, San Francisco",AC Level 1,0.49,24/7,16.95,52,Ionity,50,"CCS, CHAdeMO",2014,Yes,3.2,9,Annually
EVS02770,"9693 San Francisco Ave, San Francisco",DC Fast Charger,0.26,24/7,1.80,97,Ionity,150,"Type 2, CHAdeMO",2022,Yes,4.6,2,Quarterly
EVS02771,"4702 Random Rd, City 500, Country",AC Level 2,0.43,6:00-22:00,19.31,45,Greenlots,150,Type 2,2019,Yes,3.2,2,Quarterly
EVS02772,"9315 Seoul Ave, Seoul",AC Level 1,0.36,6:00-22:00,2.91,95,Greenlots,50,Tesla,2021,Yes,3.6,9,Quarterly
EVS02773,"616 São Paulo Ave, São Paulo",DC Fast Charger,0.30,24/7,1.34,57,ChargePoint,50,"Tesla, CHAdeMO",2010,No,3.5,5,Quarterly
EVS02774,"389 Beijing Ave, Beijing",AC Level 1,0.22,9:00-18:00,5.93,70,Ionity,350,"Tesla, CCS",2013,Yes,4.4,9,Monthly
EVS02775,"2660 Sydney Ave, Sydney",AC Level 1,0.15,9:00-18:00,2.38,91,Tesla,350,"Type 2, Tesla",2012,Yes,5.0,9,Quarterly
EVS02776,"5820 Sydney Ave, Sydney",DC Fast Charger,0.29,9:00-18:00,9.78,20,ChargePoint,22,"Tesla, Type 2",2017,No,4.1,3,Annually
EVS02777,"7236 Toronto Ave, Toronto",AC Level 1,0.48,9:00-18:00,2.98,48,Tesla,150,"Type 2, CHAdeMO",2012,No,3.9,4,Quarterly
EVS02778,"322 San Francisco Ave, San Francisco",DC Fast Charger,0.34,24/7,10.12,30,Tesla,150,Tesla,2023,Yes,4.2,10,Monthly
EVS02779,"9359 São Paulo Ave, São Paulo",AC Level 2,0.17,6:00-22:00,2.00,34,EVgo,350,Type 2,2020,No,3.6,4,Monthly
EVS02780,"3791 San Francisco Ave, San Francisco",AC Level 2,0.47,24/7,18.05,14,Ionity,50,"Type 2, CCS",2021,Yes,3.4,8,Annually
EVS02781,"1435 Random Rd, City 127, Country",DC Fast Charger,0.28,24/7,0.52,63,ChargePoint,150,CHAdeMO,2010,Yes,3.7,4,Monthly
EVS02782,"5279 Mumbai Ave, Mumbai",AC Level 2,0.26,6:00-22:00,8.30,55,Ionity,150,Type 2,2014,No,4.5,3,Quarterly
EVS02783,"109 São Paulo Ave, São Paulo",AC Level 1,0.40,9:00-18:00,17.47,14,ChargePoint,150,CHAdeMO,2015,No,3.9,5,Monthly
EVS02784,"3021 Bangkok Ave, Bangkok",AC Level 2,0.20,9:00-18:00,9.35,28,Ionity,150,"CCS, Tesla",2017,No,3.5,5,Quarterly
EVS02785,"2754 Seoul Ave, Seoul",DC Fast Charger,0.16,24/7,14.49,61,ChargePoint,150,CCS,2014,Yes,4.4,10,Quarterly
EVS02786,"2142 Seoul Ave, Seoul",AC Level 2,0.27,24/7,14.59,50,ChargePoint,50,"Type 2, Tesla",2015,Yes,4.3,5,Annually
EVS02787,"2767 Los Angeles Ave, Los Angeles",AC Level 2,0.29,9:00-18:00,15.75,37,Tesla,50,"Type 2, CCS",2023,No,3.9,9,Annually
EVS02788,"3948 San Francisco Ave, San Francisco",AC Level 2,0.35,24/7,8.37,59,EVgo,350,CCS,2021,Yes,4.3,8,Annually
EVS02789,"3525 Chicago Ave, Chicago",AC Level 1,0.28,24/7,17.74,30,EVgo,50,CCS,2010,Yes,5.0,10,Quarterly
EVS02790,"7215 San Francisco Ave, San Francisco",DC Fast Charger,0.17,9:00-18:00,2.27,94,Ionity,22,Tesla,2019,Yes,4.1,10,Annually
EVS02791,"2261 Random Rd, City 64, Country",DC Fast Charger,0.37,24/7,14.75,73,EVgo,350,Tesla,2018,Yes,4.7,10,Monthly
EVS02792,"9878 Bangkok Ave, Bangkok",DC Fast Charger,0.20,24/7,10.90,62,Tesla,50,"CCS, Type 2",2015,Yes,4.2,1,Annually
EVS02793,"2907 Sydney Ave, Sydney",AC Level 1,0.18,24/7,12.47,33,Ionity,350,Tesla,2019,No,3.6,8,Annually
EVS02794,"3173 Mumbai Ave, Mumbai",AC Level 2,0.39,9:00-18:00,8.92,98,Greenlots,150,"Tesla, CCS",2022,Yes,3.3,1,Monthly
EVS02795,"603 Sydney Ave, Sydney",AC Level 1,0.40,24/7,14.15,28,Greenlots,350,"CHAdeMO, Tesla",2014,No,3.6,2,Annually
EVS02796,"4000 Moscow Ave, Moscow",AC Level 1,0.25,6:00-22:00,11.12,24,ChargePoint,350,"CCS, Type 2",2010,No,4.4,9,Annually
EVS02797,"4531 São Paulo Ave, São Paulo",AC Level 2,0.44,24/7,5.01,45,Ionity,22,CHAdeMO,2012,Yes,3.3,7,Annually
EVS02798,"1935 São Paulo Ave, São Paulo",DC Fast Charger,0.32,9:00-18:00,9.76,67,EVgo,22,CCS,2020,Yes,4.5,3,Annually
EVS02799,"8424 Beijing Ave, Beijing",AC Level 2,0.44,6:00-22:00,9.96,23,Tesla,50,Type 2,2015,No,3.6,4,Quarterly
EVS02800,"4265 Beijing Ave, Beijing",AC Level 2,0.38,6:00-22:00,3.56,95,EVgo,150,"CCS, Tesla",2020,Yes,3.9,8,Quarterly
EVS02801,"6212 Random Rd, City 316, Country",DC Fast Charger,0.49,6:00-22:00,14.64,61,Ionity,22,"CHAdeMO, Type 2",2019,Yes,4.0,7,Monthly
EVS02802,"64 Mexico City Ave, Mexico City",AC Level 1,0.28,6:00-22:00,17.28,40,ChargePoint,50,CHAdeMO,2022,No,3.0,5,Quarterly
EVS02803,"6800 Mexico City Ave, Mexico City",AC Level 2,0.15,6:00-22:00,5.13,40,EVgo,50,Type 2,2014,No,4.6,3,Quarterly
EVS02804,"8050 Beijing Ave, Beijing",AC Level 2,0.12,9:00-18:00,13.90,100,Ionity,350,"Tesla, Type 2",2022,No,4.1,8,Quarterly
EVS02805,"690 Chicago Ave, Chicago",DC Fast Charger,0.32,24/7,9.19,34,Greenlots,50,CHAdeMO,2021,No,3.8,1,Quarterly
EVS02806,"6835 Chicago Ave, Chicago",AC Level 1,0.50,6:00-22:00,19.19,48,Ionity,150,"CCS, CHAdeMO",2018,No,4.3,9,Annually
EVS02807,"5127 Mexico City Ave, Mexico City",AC Level 1,0.14,9:00-18:00,19.45,96,EVgo,22,"Type 2, Tesla",2020,No,4.7,8,Annually
EVS02808,"519 Los Angeles Ave, Los Angeles",AC Level 2,0.44,6:00-22:00,6.38,65,Tesla,150,"Tesla, Type 2",2015,No,4.8,3,Monthly
EVS02809,"7374 Beijing Ave, Beijing",AC Level 1,0.41,9:00-18:00,18.78,43,Greenlots,350,Tesla,2018,No,4.2,1,Quarterly
EVS02810,"2398 Dubai Ave, Dubai",DC Fast Charger,0.17,24/7,7.57,87,Ionity,350,"Type 2, Tesla",2017,No,4.1,8,Quarterly
EVS02811,"9274 Random Rd, City 359, Country",AC Level 1,0.30,6:00-22:00,16.08,88,Tesla,350,CHAdeMO,2015,Yes,3.9,10,Monthly
EVS02812,"4171 Dubai Ave, Dubai",AC Level 1,0.24,24/7,11.58,58,Ionity,22,"CCS, Tesla",2023,Yes,4.0,6,Monthly
EVS02813,"2750 São Paulo Ave, São Paulo",DC Fast Charger,0.24,6:00-22:00,13.91,55,EVgo,22,"Tesla, CHAdeMO",2015,No,3.3,3,Monthly
EVS02814,"2959 Berlin Ave, Berlin",AC Level 1,0.20,6:00-22:00,18.28,94,EVgo,150,"Tesla, CHAdeMO",2022,No,3.8,7,Monthly
EVS02815,"6952 São Paulo Ave, São Paulo",AC Level 2,0.11,6:00-22:00,9.93,27,Greenlots,350,"CHAdeMO, Type 2",2015,Yes,4.2,4,Quarterly
EVS02816,"6380 Mexico City Ave, Mexico City",DC Fast Charger,0.25,24/7,10.11,98,Ionity,350,"CCS, Type 2",2013,No,3.3,7,Annually
EVS02817,"5536 Cape Town Ave, Cape Town",DC Fast Charger,0.37,24/7,15.83,97,Ionity,350,"CHAdeMO, CCS",2010,Yes,4.2,7,Quarterly
EVS02818,"36 Mumbai Ave, Mumbai",AC Level 2,0.23,6:00-22:00,11.12,52,Greenlots,150,"Type 2, CHAdeMO",2023,No,3.7,3,Annually
EVS02819,"3218 Sydney Ave, Sydney",AC Level 2,0.35,24/7,18.07,92,Tesla,22,"Type 2, Tesla",2022,Yes,3.9,3,Quarterly
EVS02820,"3574 Toronto Ave, Toronto",AC Level 2,0.29,9:00-18:00,15.25,72,Tesla,150,CHAdeMO,2017,Yes,4.8,9,Monthly
EVS02821,"6477 Random Rd, City 212, Country",DC Fast Charger,0.32,24/7,16.39,11,Tesla,150,CCS,2019,No,3.8,7,Quarterly
EVS02822,"5743 Berlin Ave, Berlin",AC Level 1,0.33,6:00-22:00,6.95,51,Greenlots,22,"CCS, Type 2",2010,Yes,3.4,4,Quarterly
EVS02823,"1820 Chicago Ave, Chicago",AC Level 2,0.37,24/7,19.61,24,Greenlots,50,Type 2,2017,Yes,4.7,2,Monthly
EVS02824,"307 Sydney Ave, Sydney",AC Level 2,0.37,9:00-18:00,13.41,50,ChargePoint,350,CCS,2014,Yes,4.3,9,Annually
EVS02825,"7140 Sydney Ave, Sydney",AC Level 2,0.12,6:00-22:00,12.02,90,ChargePoint,50,Type 2,2020,No,4.4,3,Quarterly
EVS02826,"4030 Seoul Ave, Seoul",DC Fast Charger,0.39,6:00-22:00,7.79,27,EVgo,50,"Type 2, CCS",2019,No,4.5,5,Annually
EVS02827,"6715 San Francisco Ave, San Francisco",AC Level 2,0.17,24/7,5.36,12,Greenlots,350,"Tesla, CHAdeMO",2015,Yes,3.6,8,Quarterly
EVS02828,"2608 Dubai Ave, Dubai",AC Level 2,0.11,6:00-22:00,19.90,90,Ionity,50,Type 2,2016,Yes,4.3,9,Quarterly
EVS02829,"4110 Cape Town Ave, Cape Town",DC Fast Charger,0.25,9:00-18:00,7.95,64,EVgo,150,"Tesla, CHAdeMO",2012,Yes,3.6,5,Annually
EVS02830,"9849 Beijing Ave, Beijing",AC Level 2,0.32,6:00-22:00,10.13,38,Greenlots,350,"Type 2, CHAdeMO",2022,No,3.3,1,Monthly
EVS02831,"4575 Random Rd, City 9, Country",AC Level 1,0.50,24/7,4.85,30,Ionity,350,CHAdeMO,2016,Yes,4.4,1,Monthly
EVS02832,"6298 Berlin Ave, Berlin",AC Level 2,0.38,24/7,19.12,99,Tesla,150,Type 2,2015,Yes,3.1,10,Quarterly
EVS02833,"9738 Seoul Ave, Seoul",AC Level 2,0.11,9:00-18:00,7.80,74,Ionity,350,CHAdeMO,2011,No,4.9,9,Monthly
EVS02834,"9216 Beijing Ave, Beijing",AC Level 1,0.31,9:00-18:00,3.49,24,Ionity,150,"Tesla, CHAdeMO",2021,No,5.0,6,Annually
EVS02835,"24 Mexico City Ave, Mexico City",AC Level 2,0.40,6:00-22:00,13.53,46,Ionity,22,"Type 2, CCS",2019,No,4.6,6,Monthly
EVS02836,"44 Berlin Ave, Berlin",AC Level 1,0.15,24/7,17.35,65,Tesla,22,Tesla,2019,No,3.6,1,Quarterly
EVS02837,"7785 Mexico City Ave, Mexico City",AC Level 2,0.21,6:00-22:00,14.86,92,EVgo,22,Type 2,2022,Yes,4.0,4,Quarterly
EVS02838,"2322 Sydney Ave, Sydney",DC Fast Charger,0.23,6:00-22:00,8.56,99,ChargePoint,350,Type 2,2021,No,3.5,4,Monthly
EVS02839,"6469 Beijing Ave, Beijing",AC Level 1,0.15,9:00-18:00,4.78,53,Tesla,150,"CHAdeMO, Tesla",2013,Yes,3.4,7,Monthly
EVS02840,"5651 Mexico City Ave, Mexico City",AC Level 2,0.26,24/7,12.66,67,EVgo,150,Tesla,2016,Yes,3.0,7,Monthly
EVS02841,"7960 Random Rd, City 400, Country",DC Fast Charger,0.35,24/7,19.11,35,EVgo,350,CHAdeMO,2022,Yes,4.3,2,Quarterly
EVS02842,"8189 Cape Town Ave, Cape Town",AC Level 1,0.34,24/7,2.22,47,Tesla,150,Tesla,2018,No,4.8,8,Annually
EVS02843,"2613 Los Angeles Ave, Los Angeles",DC Fast Charger,0.13,9:00-18:00,15.68,39,ChargePoint,22,CHAdeMO,2017,Yes,5.0,6,Annually
EVS02844,"4608 Seoul Ave, Seoul",DC Fast Charger,0.37,6:00-22:00,1.52,45,Greenlots,22,CCS,2020,Yes,4.3,3,Monthly
EVS02845,"2158 Bangkok Ave, Bangkok",DC Fast Charger,0.32,24/7,16.29,28,Tesla,22,Type 2,2012,No,4.3,4,Annually
EVS02846,"8468 Berlin Ave, Berlin",DC Fast Charger,0.39,6:00-22:00,15.93,37,Ionity,150,Type 2,2013,No,3.7,4,Quarterly
EVS02847,"5217 Bangkok Ave, Bangkok",DC Fast Charger,0.30,6:00-22:00,16.42,82,Greenlots,22,"Tesla, CCS",2015,No,4.2,2,Quarterly
EVS02848,"8810 Bangkok Ave, Bangkok",DC Fast Charger,0.12,6:00-22:00,12.72,34,Ionity,50,CHAdeMO,2017,No,4.0,8,Quarterly
EVS02849,"9052 Seoul Ave, Seoul",AC Level 2,0.42,9:00-18:00,2.40,48,EVgo,150,CHAdeMO,2011,No,3.7,4,Monthly
EVS02850,"3409 San Francisco Ave, San Francisco",AC Level 1,0.18,24/7,15.09,35,ChargePoint,150,"Tesla, Type 2",2014,Yes,5.0,6,Quarterly
EVS02851,"8753 Random Rd, City 409, Country",AC Level 2,0.48,24/7,17.09,29,EVgo,150,"Tesla, CCS",2016,No,3.7,10,Annually
EVS02852,"5218 Mumbai Ave, Mumbai",AC Level 2,0.26,9:00-18:00,18.88,59,EVgo,150,"CCS, CHAdeMO",2012,No,4.2,2,Monthly
EVS02853,"2163 Los Angeles Ave, Los Angeles",DC Fast Charger,0.34,6:00-22:00,5.17,57,Ionity,150,Tesla,2011,No,4.2,1,Annually
EVS02854,"9556 São Paulo Ave, São Paulo",AC Level 1,0.13,9:00-18:00,3.91,12,ChargePoint,50,"Tesla, Type 2",2020,No,3.4,7,Annually
EVS02855,"728 São Paulo Ave, São Paulo",AC Level 1,0.23,24/7,5.20,48,Ionity,150,CCS,2017,No,4.0,1,Monthly
EVS02856,"5089 Berlin Ave, Berlin",AC Level 2,0.22,6:00-22:00,14.89,41,Ionity,50,Type 2,2020,No,3.7,8,Quarterly
EVS02857,"3369 Cape Town Ave, Cape Town",AC Level 2,0.30,24/7,11.10,35,Tesla,22,"Type 2, Tesla",2016,Yes,4.9,7,Quarterly
EVS02858,"3467 Beijing Ave, Beijing",DC Fast Charger,0.20,6:00-22:00,15.36,90,Greenlots,150,CCS,2023,Yes,4.3,6,Quarterly
EVS02859,"4246 Berlin Ave, Berlin",DC Fast Charger,0.43,6:00-22:00,1.52,53,Tesla,22,Tesla,2015,Yes,4.9,2,Quarterly
EVS02860,"6371 San Francisco Ave, San Francisco",AC Level 2,0.10,24/7,1.59,84,Tesla,150,CCS,2016,No,4.6,8,Monthly
EVS02861,"4297 Random Rd, City 413, Country",AC Level 2,0.12,24/7,15.06,41,Tesla,350,CCS,2017,No,4.2,5,Annually
EVS02862,"9259 São Paulo Ave, São Paulo",AC Level 1,0.15,24/7,11.58,75,Tesla,150,CCS,2017,No,3.3,7,Monthly
EVS02863,"7774 Chicago Ave, Chicago",AC Level 1,0.43,9:00-18:00,16.28,88,Greenlots,150,CCS,2019,Yes,4.9,4,Monthly
EVS02864,"7077 San Francisco Ave, San Francisco",AC Level 2,0.20,9:00-18:00,17.76,73,ChargePoint,22,"Type 2, CHAdeMO",2014,Yes,4.5,3,Quarterly
EVS02865,"3543 Toronto Ave, Toronto",AC Level 2,0.41,6:00-22:00,4.04,81,EVgo,150,"Tesla, CCS",2019,Yes,3.3,3,Annually
EVS02866,"5648 Bangkok Ave, Bangkok",AC Level 2,0.41,6:00-22:00,11.32,19,Greenlots,150,CHAdeMO,2016,No,3.0,8,Annually
EVS02867,"124 Bangkok Ave, Bangkok",AC Level 1,0.16,6:00-22:00,14.58,86,Ionity,350,"Tesla, CHAdeMO",2010,No,3.3,1,Annually
EVS02868,"8744 Mexico City Ave, Mexico City",AC Level 2,0.18,24/7,13.10,80,Greenlots,350,CHAdeMO,2019,No,3.3,7,Quarterly
EVS02869,"334 Beijing Ave, Beijing",AC Level 1,0.47,6:00-22:00,6.04,52,Ionity,350,Tesla,2021,No,3.4,1,Quarterly
EVS02870,"4564 Mexico City Ave, Mexico City",AC Level 1,0.38,6:00-22:00,8.10,21,Greenlots,350,CCS,2014,Yes,3.8,3,Quarterly
EVS02871,"3056 Random Rd, City 68, Country",AC Level 1,0.35,6:00-22:00,14.83,13,ChargePoint,350,"CCS, CHAdeMO",2015,Yes,4.5,5,Quarterly
EVS02872,"915 Dubai Ave, Dubai",DC Fast Charger,0.43,24/7,13.82,26,Greenlots,150,"Type 2, Tesla",2021,Yes,4.4,9,Quarterly
EVS02873,"7143 Mexico City Ave, Mexico City",AC Level 1,0.39,24/7,19.56,45,ChargePoint,50,"CHAdeMO, CCS",2013,Yes,3.7,2,Quarterly
EVS02874,"3446 Sydney Ave, Sydney",AC Level 2,0.18,24/7,7.58,44,Greenlots,350,"Tesla, CHAdeMO",2021,Yes,4.0,1,Monthly
EVS02875,"4967 San Francisco Ave, San Francisco",DC Fast Charger,0.42,6:00-22:00,6.42,10,EVgo,150,Type 2,2017,Yes,4.8,5,Quarterly
EVS02876,"6326 São Paulo Ave, São Paulo",DC Fast Charger,0.19,6:00-22:00,7.11,47,ChargePoint,50,CCS,2010,No,4.3,6,Quarterly
EVS02877,"5278 Chicago Ave, Chicago",AC Level 2,0.41,6:00-22:00,8.04,67,Tesla,150,CHAdeMO,2022,No,3.2,9,Monthly
EVS02878,"4606 Bangkok Ave, Bangkok",AC Level 2,0.22,9:00-18:00,8.32,81,Ionity,50,Tesla,2016,Yes,4.6,4,Annually
EVS02879,"366 Bangkok Ave, Bangkok",DC Fast Charger,0.47,24/7,14.88,43,ChargePoint,350,Tesla,2017,Yes,4.4,9,Annually
EVS02880,"7049 Berlin Ave, Berlin",AC Level 1,0.27,6:00-22:00,2.00,59,ChargePoint,350,CCS,2022,No,3.3,3,Monthly
EVS02881,"6449 Random Rd, City 485, Country",DC Fast Charger,0.11,9:00-18:00,11.98,47,Ionity,350,CCS,2022,Yes,3.3,5,Monthly
EVS02882,"8376 San Francisco Ave, San Francisco",AC Level 2,0.15,9:00-18:00,15.88,94,Ionity,350,"Tesla, CCS",2010,Yes,3.9,5,Annually
EVS02883,"4674 Mumbai Ave, Mumbai",DC Fast Charger,0.29,24/7,19.69,54,ChargePoint,350,CHAdeMO,2016,Yes,4.5,7,Annually
EVS02884,"6267 Dubai Ave, Dubai",AC Level 1,0.23,24/7,16.70,29,Greenlots,350,CCS,2020,Yes,5.0,4,Quarterly
EVS02885,"7405 Mexico City Ave, Mexico City",AC Level 1,0.48,9:00-18:00,19.79,17,ChargePoint,22,CHAdeMO,2015,No,4.4,6,Annually
EVS02886,"1597 Toronto Ave, Toronto",AC Level 1,0.37,24/7,8.78,56,ChargePoint,350,"Type 2, Tesla",2019,No,3.9,5,Annually
EVS02887,"2814 Sydney Ave, Sydney",AC Level 2,0.32,9:00-18:00,17.61,33,Greenlots,150,"Type 2, Tesla",2022,No,4.9,2,Monthly
EVS02888,"9687 Dubai Ave, Dubai",DC Fast Charger,0.17,24/7,7.25,99,ChargePoint,350,CCS,2010,No,4.4,7,Monthly
EVS02889,"2964 Los Angeles Ave, Los Angeles",AC Level 1,0.30,6:00-22:00,1.18,85,EVgo,22,"Type 2, CCS",2011,Yes,3.2,6,Monthly
EVS02890,"3565 Moscow Ave, Moscow",DC Fast Charger,0.18,24/7,12.31,19,ChargePoint,350,CHAdeMO,2016,Yes,4.3,6,Monthly
EVS02891,"102 Random Rd, City 300, Country",AC Level 2,0.46,9:00-18:00,17.95,66,ChargePoint,22,"CCS, CHAdeMO",2022,No,5.0,9,Quarterly
EVS02892,"8827 Mumbai Ave, Mumbai",DC Fast Charger,0.21,6:00-22:00,15.16,88,EVgo,150,"CHAdeMO, Tesla",2014,Yes,3.2,7,Annually
EVS02893,"8173 San Francisco Ave, San Francisco",AC Level 2,0.14,24/7,15.83,64,Greenlots,22,"CCS, Type 2",2016,Yes,3.4,1,Annually
EVS02894,"645 Mexico City Ave, Mexico City",AC Level 1,0.33,6:00-22:00,10.52,51,Ionity,350,"CCS, CHAdeMO",2021,No,3.3,2,Monthly
EVS02895,"9895 Los Angeles Ave, Los Angeles",AC Level 2,0.42,6:00-22:00,19.57,46,ChargePoint,22,CHAdeMO,2013,No,3.9,7,Monthly
EVS02896,"6254 Berlin Ave, Berlin",DC Fast Charger,0.13,24/7,19.01,33,ChargePoint,350,CHAdeMO,2022,No,3.7,10,Monthly
EVS02897,"5215 Sydney Ave, Sydney",DC Fast Charger,0.45,9:00-18:00,14.29,31,Ionity,50,"CHAdeMO, Type 2",2014,Yes,3.5,7,Quarterly
EVS02898,"1757 Los Angeles Ave, Los Angeles",DC Fast Charger,0.15,9:00-18:00,11.71,30,EVgo,22,CHAdeMO,2022,Yes,5.0,9,Quarterly
EVS02899,"8549 Cape Town Ave, Cape Town",AC Level 1,0.12,6:00-22:00,4.23,47,Greenlots,150,CHAdeMO,2012,Yes,3.5,5,Annually
EVS02900,"9716 São Paulo Ave, São Paulo",AC Level 1,0.26,9:00-18:00,13.26,25,Greenlots,22,Tesla,2020,Yes,4.9,1,Annually
EVS02901,"4366 Random Rd, City 180, Country",AC Level 2,0.44,24/7,4.77,25,ChargePoint,22,"Tesla, Type 2",2012,Yes,4.0,5,Quarterly
EVS02902,"5220 Mumbai Ave, Mumbai",AC Level 1,0.24,6:00-22:00,15.52,98,Ionity,150,CHAdeMO,2011,No,4.4,7,Quarterly
EVS02903,"8599 Beijing Ave, Beijing",AC Level 1,0.16,24/7,17.24,81,Greenlots,50,Tesla,2021,Yes,3.8,6,Annually
EVS02904,"1896 Beijing Ave, Beijing",AC Level 2,0.21,9:00-18:00,0.75,44,EVgo,50,"CCS, Tesla",2022,Yes,4.0,6,Monthly
EVS02905,"5790 Moscow Ave, Moscow",AC Level 1,0.25,9:00-18:00,12.72,30,EVgo,150,"Type 2, Tesla",2021,Yes,4.4,9,Quarterly
EVS02906,"8533 Berlin Ave, Berlin",DC Fast Charger,0.28,24/7,8.90,72,ChargePoint,50,Tesla,2014,No,4.3,3,Quarterly
EVS02907,"1607 San Francisco Ave, San Francisco",AC Level 1,0.33,9:00-18:00,4.31,16,EVgo,22,Tesla,2018,Yes,4.8,9,Monthly
EVS02908,"575 Seoul Ave, Seoul",AC Level 2,0.42,6:00-22:00,8.38,90,Tesla,350,"CCS, Tesla",2021,Yes,3.2,5,Annually
EVS02909,"4260 San Francisco Ave, San Francisco",AC Level 1,0.44,6:00-22:00,4.45,56,EVgo,22,"CCS, Tesla",2012,No,3.8,7,Annually
EVS02910,"8885 Sydney Ave, Sydney",AC Level 1,0.25,6:00-22:00,10.36,62,EVgo,50,"Type 2, Tesla",2019,No,3.1,7,Monthly
EVS02911,"8113 Random Rd, City 463, Country",DC Fast Charger,0.20,9:00-18:00,6.64,77,Ionity,350,Type 2,2011,Yes,3.4,3,Monthly
EVS02912,"6125 San Francisco Ave, San Francisco",DC Fast Charger,0.27,24/7,2.92,21,Greenlots,50,"CHAdeMO, Tesla",2021,No,5.0,9,Quarterly
EVS02913,"6439 Sydney Ave, Sydney",AC Level 2,0.28,9:00-18:00,5.04,53,ChargePoint,50,Type 2,2017,Yes,3.3,7,Monthly
EVS02914,"3942 Mexico City Ave, Mexico City",AC Level 1,0.24,24/7,19.74,52,Tesla,22,CCS,2016,Yes,3.1,2,Monthly
EVS02915,"8114 Mumbai Ave, Mumbai",DC Fast Charger,0.43,6:00-22:00,7.02,62,Greenlots,22,"Type 2, CCS",2021,No,3.9,5,Annually
EVS02916,"225 Dubai Ave, Dubai",AC Level 1,0.39,6:00-22:00,3.37,83,ChargePoint,150,Tesla,2022,Yes,4.4,8,Monthly
EVS02917,"1645 Mumbai Ave, Mumbai",AC Level 2,0.20,24/7,12.98,48,Ionity,350,"CHAdeMO, Type 2",2017,No,4.7,3,Quarterly
EVS02918,"4082 Berlin Ave, Berlin",AC Level 1,0.39,24/7,18.77,34,Tesla,50,"Type 2, CCS",2018,Yes,4.1,5,Annually
EVS02919,"2714 Bangkok Ave, Bangkok",AC Level 2,0.19,9:00-18:00,8.23,42,Ionity,350,CCS,2018,Yes,3.0,10,Monthly
EVS02920,"1838 Los Angeles Ave, Los Angeles",AC Level 1,0.32,6:00-22:00,3.35,57,ChargePoint,350,"Tesla, Type 2",2014,Yes,3.8,7,Annually
EVS02921,"1364 Random Rd, City 489, Country",DC Fast Charger,0.32,9:00-18:00,10.28,49,EVgo,50,Type 2,2013,No,3.0,10,Monthly
EVS02922,"6671 Dubai Ave, Dubai",AC Level 1,0.12,24/7,12.69,67,Greenlots,22,"CCS, Type 2",2011,No,4.0,9,Quarterly
EVS02923,"2364 San Francisco Ave, San Francisco",AC Level 1,0.30,9:00-18:00,19.61,87,ChargePoint,22,"Tesla, Type 2",2016,No,3.7,2,Quarterly
EVS02924,"5150 Dubai Ave, Dubai",AC Level 1,0.16,24/7,13.45,42,Ionity,22,CCS,2016,No,3.9,10,Monthly
EVS02925,"3375 Berlin Ave, Berlin",AC Level 1,0.32,6:00-22:00,13.84,100,EVgo,150,CCS,2016,Yes,3.5,3,Annually
EVS02926,"6207 São Paulo Ave, São Paulo",AC Level 2,0.10,24/7,10.15,31,Greenlots,150,"CCS, CHAdeMO",2010,No,3.4,3,Annually
EVS02927,"829 Dubai Ave, Dubai",AC Level 1,0.20,6:00-22:00,1.94,98,ChargePoint,22,"Type 2, Tesla",2011,Yes,3.4,4,Monthly
EVS02928,"42 Mexico City Ave, Mexico City",AC Level 2,0.36,24/7,12.02,81,Greenlots,22,Tesla,2022,Yes,4.8,5,Quarterly
EVS02929,"9547 Dubai Ave, Dubai",DC Fast Charger,0.23,6:00-22:00,11.07,95,Ionity,22,Tesla,2017,No,5.0,3,Monthly
EVS02930,"144 Mexico City Ave, Mexico City",DC Fast Charger,0.32,6:00-22:00,1.65,76,Ionity,350,"CCS, Type 2",2014,No,3.8,2,Annually
EVS02931,"2083 Random Rd, City 461, Country",AC Level 1,0.37,6:00-22:00,7.40,69,EVgo,350,CHAdeMO,2013,Yes,4.0,6,Monthly
EVS02932,"1686 Mexico City Ave, Mexico City",AC Level 1,0.16,9:00-18:00,3.72,31,EVgo,22,Type 2,2020,Yes,3.5,10,Quarterly
EVS02933,"5327 Berlin Ave, Berlin",AC Level 2,0.23,24/7,2.58,53,EVgo,50,CHAdeMO,2017,No,3.1,10,Annually
EVS02934,"7935 Beijing Ave, Beijing",DC Fast Charger,0.42,24/7,4.76,98,Ionity,22,"CHAdeMO, CCS",2015,Yes,3.7,8,Quarterly
EVS02935,"5820 Seoul Ave, Seoul",AC Level 1,0.35,24/7,5.43,30,EVgo,350,"Tesla, CHAdeMO",2021,No,4.2,3,Monthly
EVS02936,"8418 Chicago Ave, Chicago",AC Level 2,0.45,6:00-22:00,5.54,25,ChargePoint,50,Tesla,2012,Yes,3.0,9,Quarterly
EVS02937,"20 Bangkok Ave, Bangkok",AC Level 2,0.25,9:00-18:00,2.57,11,EVgo,150,Tesla,2019,No,3.7,10,Monthly
EVS02938,"7963 Toronto Ave, Toronto",AC Level 1,0.30,6:00-22:00,7.75,88,ChargePoint,50,"Type 2, CHAdeMO",2020,Yes,4.8,4,Monthly
EVS02939,"6456 Beijing Ave, Beijing",AC Level 2,0.27,6:00-22:00,15.16,11,EVgo,50,CHAdeMO,2015,No,4.3,2,Monthly
EVS02940,"9131 Cape Town Ave, Cape Town",DC Fast Charger,0.42,6:00-22:00,4.86,60,ChargePoint,150,"CHAdeMO, Type 2",2021,No,3.5,4,Monthly
EVS02941,"4380 Random Rd, City 57, Country",AC Level 1,0.13,6:00-22:00,8.01,100,ChargePoint,350,"Type 2, CHAdeMO",2010,No,3.9,4,Monthly
EVS02942,"5235 Beijing Ave, Beijing",AC Level 2,0.32,24/7,10.25,75,Ionity,350,"Tesla, CCS",2022,Yes,4.4,10,Monthly
EVS02943,"7536 Toronto Ave, Toronto",AC Level 1,0.25,24/7,9.69,55,Greenlots,22,Type 2,2021,No,4.9,8,Quarterly
EVS02944,"4603 Beijing Ave, Beijing",AC Level 2,0.37,9:00-18:00,18.61,90,EVgo,350,"Tesla, Type 2",2019,Yes,3.3,3,Quarterly
EVS02945,"9423 Los Angeles Ave, Los Angeles",AC Level 1,0.49,24/7,14.81,36,ChargePoint,350,CCS,2013,Yes,3.0,9,Annually
EVS02946,"2848 Los Angeles Ave, Los Angeles",AC Level 1,0.47,6:00-22:00,13.61,74,EVgo,50,Type 2,2023,Yes,4.6,4,Monthly
EVS02947,"6055 Dubai Ave, Dubai",AC Level 2,0.22,24/7,14.04,66,Ionity,50,Type 2,2023,Yes,3.5,5,Annually
EVS02948,"1806 Toronto Ave, Toronto",AC Level 1,0.37,24/7,4.71,62,Greenlots,50,Tesla,2017,No,4.9,4,Quarterly
EVS02949,"9759 Mexico City Ave, Mexico City",AC Level 1,0.42,24/7,13.88,40,Tesla,350,"Type 2, CCS",2014,Yes,4.1,9,Annually
EVS02950,"6169 Dubai Ave, Dubai",DC Fast Charger,0.23,9:00-18:00,8.89,77,Ionity,150,Type 2,2015,Yes,3.2,10,Quarterly
EVS02951,"5546 Random Rd, City 129, Country",AC Level 1,0.36,9:00-18:00,4.49,10,ChargePoint,150,CHAdeMO,2010,Yes,3.6,2,Annually
EVS02952,"6717 Cape Town Ave, Cape Town",DC Fast Charger,0.25,24/7,4.53,100,EVgo,350,"CHAdeMO, Tesla",2013,Yes,3.1,1,Quarterly
EVS02953,"4913 Los Angeles Ave, Los Angeles",AC Level 1,0.48,6:00-22:00,7.57,47,Tesla,150,Type 2,2011,No,3.5,6,Monthly
EVS02954,"9035 Cape Town Ave, Cape Town",AC Level 1,0.34,24/7,0.68,16,Tesla,150,Tesla,2010,No,4.8,4,Annually
EVS02955,"4685 Sydney Ave, Sydney",DC Fast Charger,0.49,6:00-22:00,0.68,28,EVgo,350,CHAdeMO,2015,Yes,3.6,4,Monthly
EVS02956,"8261 Seoul Ave, Seoul",AC Level 2,0.13,24/7,19.00,38,Tesla,350,"Tesla, CHAdeMO",2011,No,4.6,3,Quarterly
EVS02957,"9780 Dubai Ave, Dubai",AC Level 1,0.23,6:00-22:00,11.13,90,EVgo,50,CHAdeMO,2011,Yes,3.4,8,Annually
EVS02958,"1705 Beijing Ave, Beijing",AC Level 1,0.15,24/7,1.50,44,Greenlots,22,CCS,2011,Yes,3.2,10,Quarterly
EVS02959,"7876 Mumbai Ave, Mumbai",AC Level 1,0.43,6:00-22:00,16.40,65,Greenlots,350,Type 2,2023,Yes,4.9,2,Monthly
EVS02960,"3349 San Francisco Ave, San Francisco",AC Level 2,0.37,6:00-22:00,4.61,63,Tesla,50,"Tesla, CCS",2010,Yes,4.6,6,Annually
EVS02961,"7213 Random Rd, City 346, Country",AC Level 2,0.40,6:00-22:00,2.65,76,ChargePoint,50,Type 2,2014,Yes,3.7,2,Monthly
EVS02962,"1788 Bangkok Ave, Bangkok",AC Level 2,0.47,24/7,5.92,19,Ionity,50,CHAdeMO,2022,No,4.7,7,Quarterly
EVS02963,"6295 San Francisco Ave, San Francisco",AC Level 2,0.40,9:00-18:00,9.58,73,Greenlots,50,"Tesla, CHAdeMO",2019,Yes,4.9,7,Quarterly
EVS02964,"4952 Mumbai Ave, Mumbai",AC Level 1,0.16,24/7,6.44,66,Ionity,150,"CHAdeMO, Tesla",2022,Yes,4.5,2,Monthly
EVS02965,"8868 Mumbai Ave, Mumbai",AC Level 2,0.19,6:00-22:00,6.49,94,Greenlots,350,"Tesla, CHAdeMO",2023,Yes,4.7,7,Annually
EVS02966,"4482 Seoul Ave, Seoul",AC Level 2,0.35,6:00-22:00,6.19,51,Tesla,22,"CHAdeMO, Tesla",2010,No,3.9,1,Monthly
EVS02967,"6852 Cape Town Ave, Cape Town",AC Level 2,0.46,24/7,1.74,97,Tesla,50,CHAdeMO,2014,No,4.9,3,Annually
EVS02968,"4888 Seoul Ave, Seoul",AC Level 1,0.36,9:00-18:00,16.16,23,EVgo,350,CCS,2014,Yes,3.7,3,Monthly
EVS02969,"3215 Toronto Ave, Toronto",DC Fast Charger,0.17,9:00-18:00,6.08,57,Tesla,50,Type 2,2010,No,3.8,9,Monthly
EVS02970,"4625 San Francisco Ave, San Francisco",AC Level 2,0.49,9:00-18:00,17.99,40,ChargePoint,22,Type 2,2013,Yes,3.7,4,Monthly
EVS02971,"7285 Random Rd, City 136, Country",DC Fast Charger,0.11,9:00-18:00,9.72,100,Tesla,50,"Tesla, CHAdeMO",2012,No,4.4,3,Quarterly
EVS02972,"458 Bangkok Ave, Bangkok",AC Level 2,0.27,9:00-18:00,7.65,49,Ionity,22,CHAdeMO,2012,No,4.3,9,Quarterly
EVS02973,"8212 San Francisco Ave, San Francisco",AC Level 1,0.25,9:00-18:00,6.34,89,Tesla,150,"CCS, Type 2",2023,Yes,3.8,6,Quarterly
EVS02974,"9759 Chicago Ave, Chicago",AC Level 1,0.16,6:00-22:00,12.14,10,Tesla,150,"Tesla, Type 2",2023,Yes,3.0,6,Monthly
EVS02975,"8184 Toronto Ave, Toronto",AC Level 1,0.13,24/7,13.96,19,ChargePoint,22,"CCS, CHAdeMO",2023,No,3.4,1,Annually
EVS02976,"4958 Sydney Ave, Sydney",AC Level 2,0.24,6:00-22:00,18.35,34,EVgo,350,"Type 2, CHAdeMO",2020,Yes,4.3,9,Annually
EVS02977,"4683 Cape Town Ave, Cape Town",AC Level 2,0.35,6:00-22:00,4.47,71,Ionity,22,CHAdeMO,2017,No,4.6,8,Quarterly
EVS02978,"5560 Cape Town Ave, Cape Town",DC Fast Charger,0.27,24/7,5.64,31,EVgo,22,CCS,2014,Yes,4.3,10,Annually
EVS02979,"4677 Mumbai Ave, Mumbai",AC Level 2,0.47,24/7,13.65,98,Tesla,50,"CCS, Tesla",2016,Yes,4.5,4,Quarterly
EVS02980,"4419 Berlin Ave, Berlin",AC Level 2,0.16,24/7,11.55,50,Ionity,50,CCS,2010,Yes,5.0,10,Monthly
EVS02981,"8271 Random Rd, City 384, Country",AC Level 1,0.16,24/7,5.15,64,ChargePoint,50,CCS,2020,Yes,4.6,2,Quarterly
EVS02982,"7498 Moscow Ave, Moscow",AC Level 2,0.43,24/7,14.58,88,EVgo,150,"CCS, Type 2",2017,Yes,5.0,3,Monthly
EVS02983,"2049 Los Angeles Ave, Los Angeles",AC Level 1,0.13,6:00-22:00,16.01,17,ChargePoint,50,"Type 2, CCS",2013,Yes,4.2,2,Quarterly
EVS02984,"587 Sydney Ave, Sydney",DC Fast Charger,0.36,24/7,16.36,73,EVgo,22,CHAdeMO,2023,No,4.6,1,Quarterly
EVS02985,"2174 Beijing Ave, Beijing",AC Level 2,0.14,6:00-22:00,10.80,23,Ionity,350,Type 2,2016,Yes,4.7,9,Quarterly
EVS02986,"7201 Sydney Ave, Sydney",DC Fast Charger,0.25,9:00-18:00,14.04,29,Ionity,350,Tesla,2022,No,3.4,5,Annually
EVS02987,"7660 Bangkok Ave, Bangkok",AC Level 2,0.14,6:00-22:00,6.37,35,EVgo,22,"Tesla, Type 2",2014,Yes,4.8,1,Quarterly
EVS02988,"4125 Bangkok Ave, Bangkok",AC Level 2,0.16,24/7,14.28,48,ChargePoint,22,"Tesla, Type 2",2017,Yes,4.7,4,Annually
EVS02989,"1224 Mumbai Ave, Mumbai",AC Level 2,0.40,9:00-18:00,7.74,52,Tesla,22,"CHAdeMO, CCS",2013,No,4.1,5,Annually
EVS02990,"6173 Moscow Ave, Moscow",AC Level 2,0.44,6:00-22:00,17.11,50,Ionity,150,"Tesla, Type 2",2019,No,3.0,8,Quarterly
EVS02991,"5543 Random Rd, City 491, Country",AC Level 2,0.32,9:00-18:00,9.41,72,EVgo,50,Type 2,2022,No,4.9,10,Monthly
EVS02992,"6412 Sydney Ave, Sydney",DC Fast Charger,0.19,6:00-22:00,3.73,41,Tesla,350,Tesla,2017,No,4.6,3,Monthly
EVS02993,"4427 Cape Town Ave, Cape Town",AC Level 2,0.20,24/7,14.04,27,EVgo,22,Tesla,2012,No,3.1,1,Quarterly
EVS02994,"9523 Seoul Ave, Seoul",AC Level 2,0.45,24/7,18.13,79,Ionity,22,"CCS, Type 2",2010,Yes,3.9,2,Annually
EVS02995,"6917 Los Angeles Ave, Los Angeles",AC Level 1,0.10,24/7,1.97,82,ChargePoint,350,"CCS, CHAdeMO",2011,No,3.6,10,Quarterly
EVS02996,"216 Cape Town Ave, Cape Town",AC Level 2,0.11,6:00-22:00,18.70,47,EVgo,22,"CCS, Type 2",2022,Yes,3.5,1,Annually
EVS02997,"7272 Mexico City Ave, Mexico City",DC Fast Charger,0.44,9:00-18:00,11.23,30,ChargePoint,150,"CHAdeMO, Tesla",2021,No,4.7,10,Monthly
EVS02998,"3905 São Paulo Ave, São Paulo",AC Level 2,0.46,24/7,18.79,35,Ionity,150,CHAdeMO,2017,No,4.0,7,Monthly
EVS02999,"6940 Beijing Ave, Beijing",DC Fast Charger,0.21,6:00-22:00,6.94,83,Tesla,350,"Tesla, CHAdeMO",2011,Yes,4.6,7,Quarterly
EVS03000,"360 Seoul Ave, Seoul",AC Level 2,0.13,9:00-18:00,14.25,39,ChargePoint,150,Type 2,2019,Yes,4.5,6,Quarterly
EVS03001,"6084 Random Rd, City 60, Country",AC Level 1,0.34,9:00-18:00,8.41,23,EVgo,50,CHAdeMO,2020,No,4.2,4,Monthly
EVS03002,"3477 Sydney Ave, Sydney",DC Fast Charger,0.41,9:00-18:00,1.26,65,ChargePoint,350,"CHAdeMO, CCS",2011,No,4.6,7,Monthly
EVS03003,"6716 Cape Town Ave, Cape Town",AC Level 2,0.17,6:00-22:00,15.20,64,ChargePoint,50,CHAdeMO,2020,Yes,3.2,1,Annually
EVS03004,"9563 Chicago Ave, Chicago",AC Level 2,0.27,24/7,12.94,35,EVgo,50,"Type 2, Tesla",2017,Yes,4.3,3,Annually
EVS03005,"3124 Dubai Ave, Dubai",AC Level 1,0.14,24/7,12.77,31,Tesla,50,"CCS, Type 2",2022,No,3.8,10,Annually
EVS03006,"3758 Berlin Ave, Berlin",DC Fast Charger,0.44,24/7,16.48,20,ChargePoint,50,"Tesla, CHAdeMO",2012,No,4.5,2,Quarterly
EVS03007,"8808 Toronto Ave, Toronto",AC Level 1,0.38,6:00-22:00,11.32,87,Greenlots,150,"Type 2, CHAdeMO",2018,Yes,4.3,3,Monthly
EVS03008,"5119 Bangkok Ave, Bangkok",AC Level 1,0.31,9:00-18:00,1.97,26,Greenlots,150,"Type 2, CCS",2011,Yes,4.2,2,Monthly
EVS03009,"944 Berlin Ave, Berlin",AC Level 2,0.48,24/7,8.08,20,Greenlots,50,Tesla,2010,No,4.2,10,Monthly
EVS03010,"7775 Seoul Ave, Seoul",AC Level 1,0.11,6:00-22:00,16.14,99,Tesla,22,"CHAdeMO, Type 2",2018,No,3.6,10,Quarterly
EVS03011,"4067 Random Rd, City 454, Country",DC Fast Charger,0.48,6:00-22:00,8.53,70,Ionity,350,Tesla,2010,No,3.4,1,Annually
EVS03012,"8336 Chicago Ave, Chicago",AC Level 2,0.12,9:00-18:00,7.99,24,Greenlots,22,CHAdeMO,2015,Yes,4.7,1,Monthly
EVS03013,"1783 Mumbai Ave, Mumbai",AC Level 2,0.41,9:00-18:00,2.34,89,Ionity,50,CHAdeMO,2023,Yes,3.5,8,Quarterly
EVS03014,"6097 Berlin Ave, Berlin",AC Level 1,0.37,24/7,18.47,22,EVgo,22,"CCS, Type 2",2020,No,3.2,6,Monthly
EVS03015,"5856 Los Angeles Ave, Los Angeles",AC Level 2,0.10,6:00-22:00,3.52,78,ChargePoint,50,CHAdeMO,2012,Yes,4.2,9,Quarterly
EVS03016,"6213 Moscow Ave, Moscow",AC Level 2,0.10,6:00-22:00,2.57,35,Tesla,350,CHAdeMO,2011,Yes,4.8,10,Annually
EVS03017,"5656 Seoul Ave, Seoul",AC Level 1,0.27,9:00-18:00,13.65,63,Tesla,50,Type 2,2012,No,4.3,2,Annually
EVS03018,"8432 Beijing Ave, Beijing",AC Level 2,0.45,6:00-22:00,13.31,54,Greenlots,350,"CHAdeMO, CCS",2013,Yes,3.1,10,Annually
EVS03019,"1555 Los Angeles Ave, Los Angeles",AC Level 2,0.35,24/7,18.05,84,Tesla,350,CCS,2018,No,3.7,3,Annually
EVS03020,"1579 Toronto Ave, Toronto",DC Fast Charger,0.47,9:00-18:00,4.26,13,Tesla,50,"CHAdeMO, Type 2",2017,No,3.2,10,Annually
EVS03021,"6634 Random Rd, City 341, Country",AC Level 1,0.37,9:00-18:00,5.40,25,ChargePoint,350,"Tesla, Type 2",2014,Yes,3.3,10,Annually
EVS03022,"8381 Chicago Ave, Chicago",DC Fast Charger,0.16,6:00-22:00,11.80,15,Greenlots,50,CCS,2011,Yes,4.5,4,Monthly
EVS03023,"9530 Moscow Ave, Moscow",DC Fast Charger,0.17,9:00-18:00,12.93,19,ChargePoint,22,Type 2,2023,No,4.5,8,Monthly
EVS03024,"7874 Mumbai Ave, Mumbai",AC Level 2,0.48,9:00-18:00,10.27,43,ChargePoint,22,"Type 2, CHAdeMO",2012,Yes,4.5,9,Monthly
EVS03025,"8725 San Francisco Ave, San Francisco",AC Level 2,0.44,9:00-18:00,4.90,48,Greenlots,22,"CCS, Type 2",2015,Yes,4.8,6,Monthly
EVS03026,"7958 Cape Town Ave, Cape Town",AC Level 1,0.30,24/7,6.11,18,EVgo,22,Tesla,2020,No,3.2,8,Annually
EVS03027,"4923 São Paulo Ave, São Paulo",DC Fast Charger,0.26,6:00-22:00,9.23,81,Ionity,22,Type 2,2013,Yes,3.5,2,Monthly
EVS03028,"1628 Toronto Ave, Toronto",AC Level 2,0.36,24/7,9.74,80,Ionity,150,Tesla,2012,No,3.6,4,Monthly
EVS03029,"692 Chicago Ave, Chicago",AC Level 1,0.39,9:00-18:00,14.53,45,ChargePoint,350,Tesla,2020,No,3.6,3,Annually
EVS03030,"4301 San Francisco Ave, San Francisco",AC Level 1,0.16,9:00-18:00,3.29,65,Tesla,350,"CHAdeMO, Tesla",2012,No,3.7,1,Monthly
EVS03031,"6326 Random Rd, City 478, Country",DC Fast Charger,0.27,6:00-22:00,9.96,29,Tesla,150,CCS,2018,No,4.3,4,Quarterly
EVS03032,"8851 Beijing Ave, Beijing",AC Level 2,0.33,6:00-22:00,6.93,13,Tesla,350,"Tesla, CCS",2021,Yes,3.9,3,Annually
EVS03033,"9226 Sydney Ave, Sydney",DC Fast Charger,0.25,6:00-22:00,8.16,55,EVgo,22,Type 2,2015,No,4.7,2,Annually
EVS03034,"185 Beijing Ave, Beijing",DC Fast Charger,0.22,6:00-22:00,11.29,90,Greenlots,50,Type 2,2017,Yes,4.0,5,Quarterly
EVS03035,"521 Cape Town Ave, Cape Town",DC Fast Charger,0.32,6:00-22:00,8.41,20,Tesla,22,Type 2,2014,No,4.9,10,Annually
EVS03036,"4150 Los Angeles Ave, Los Angeles",AC Level 1,0.22,24/7,7.63,99,Greenlots,150,"CHAdeMO, Tesla",2023,Yes,3.6,1,Annually
EVS03037,"7739 Moscow Ave, Moscow",AC Level 2,0.33,6:00-22:00,1.60,28,Greenlots,22,Tesla,2016,No,4.2,10,Annually
EVS03038,"4917 Chicago Ave, Chicago",DC Fast Charger,0.48,24/7,3.34,18,Tesla,350,CCS,2023,Yes,3.2,9,Monthly
EVS03039,"8163 Moscow Ave, Moscow",AC Level 1,0.17,24/7,8.09,84,EVgo,50,CCS,2018,No,5.0,5,Annually
EVS03040,"1682 Dubai Ave, Dubai",DC Fast Charger,0.38,9:00-18:00,10.45,83,Ionity,50,Type 2,2016,Yes,3.7,3,Quarterly
EVS03041,"4704 Random Rd, City 388, Country",AC Level 2,0.30,24/7,5.10,41,Tesla,50,"CCS, Type 2",2023,No,3.4,1,Annually
EVS03042,"4264 Berlin Ave, Berlin",AC Level 2,0.44,9:00-18:00,2.75,99,Greenlots,150,"Tesla, Type 2",2011,No,4.8,9,Annually
EVS03043,"4963 Cape Town Ave, Cape Town",DC Fast Charger,0.50,9:00-18:00,12.16,43,Greenlots,22,CCS,2015,No,3.4,1,Monthly
EVS03044,"1262 Seoul Ave, Seoul",DC Fast Charger,0.43,9:00-18:00,11.76,17,Tesla,350,"CHAdeMO, CCS",2021,No,3.3,1,Quarterly
EVS03045,"3832 Beijing Ave, Beijing",DC Fast Charger,0.21,24/7,11.12,35,Ionity,350,"CCS, Tesla",2012,Yes,3.7,5,Monthly
EVS03046,"9405 Toronto Ave, Toronto",AC Level 1,0.16,24/7,10.73,40,EVgo,150,CCS,2013,No,4.4,6,Annually
EVS03047,"5781 Mexico City Ave, Mexico City",AC Level 2,0.46,24/7,1.89,12,Greenlots,50,CHAdeMO,2021,Yes,4.3,3,Monthly
EVS03048,"7071 Cape Town Ave, Cape Town",AC Level 2,0.18,6:00-22:00,1.16,22,Ionity,350,"Type 2, CCS",2022,No,3.6,5,Quarterly
EVS03049,"2130 Toronto Ave, Toronto",AC Level 2,0.14,9:00-18:00,12.51,18,Tesla,150,CCS,2017,No,4.5,4,Annually
EVS03050,"6386 Mexico City Ave, Mexico City",AC Level 2,0.40,24/7,2.98,24,Tesla,150,Type 2,2021,Yes,4.6,6,Quarterly
EVS03051,"4915 Random Rd, City 244, Country",DC Fast Charger,0.48,9:00-18:00,16.66,13,EVgo,150,"Type 2, Tesla",2013,Yes,3.1,10,Monthly
EVS03052,"716 Moscow Ave, Moscow",AC Level 1,0.37,6:00-22:00,7.30,66,ChargePoint,50,"Type 2, CHAdeMO",2016,No,4.6,1,Monthly
EVS03053,"781 Seoul Ave, Seoul",DC Fast Charger,0.42,9:00-18:00,9.20,20,ChargePoint,150,"Type 2, CCS",2019,Yes,4.2,6,Quarterly
EVS03054,"4245 Beijing Ave, Beijing",AC Level 2,0.11,6:00-22:00,1.73,38,Greenlots,350,"Type 2, CHAdeMO",2010,Yes,3.1,1,Annually
EVS03055,"7812 Moscow Ave, Moscow",AC Level 2,0.24,6:00-22:00,3.68,43,Greenlots,350,Tesla,2023,Yes,3.4,3,Quarterly
EVS03056,"9339 Los Angeles Ave, Los Angeles",AC Level 2,0.33,9:00-18:00,9.91,47,Greenlots,50,CCS,2020,Yes,3.6,10,Annually
EVS03057,"3452 Cape Town Ave, Cape Town",DC Fast Charger,0.14,6:00-22:00,17.86,38,Greenlots,50,"Type 2, Tesla",2015,No,3.4,8,Annually
EVS03058,"7350 Sydney Ave, Sydney",AC Level 1,0.37,9:00-18:00,14.73,49,Greenlots,50,"Type 2, CHAdeMO",2011,Yes,4.2,5,Monthly
EVS03059,"5753 Mumbai Ave, Mumbai",DC Fast Charger,0.36,6:00-22:00,5.23,15,Tesla,50,Tesla,2017,No,4.4,7,Annually
EVS03060,"2387 Dubai Ave, Dubai",AC Level 1,0.19,24/7,16.21,14,ChargePoint,150,"Tesla, CCS",2023,Yes,3.5,7,Quarterly
EVS03061,"8182 Random Rd, City 366, Country",AC Level 1,0.45,6:00-22:00,9.36,43,Tesla,150,"CCS, Type 2",2016,No,4.4,9,Monthly
EVS03062,"1521 Beijing Ave, Beijing",DC Fast Charger,0.17,24/7,12.04,37,EVgo,150,CHAdeMO,2020,No,3.4,7,Monthly
EVS03063,"5516 Beijing Ave, Beijing",DC Fast Charger,0.19,24/7,12.27,57,Tesla,50,"Tesla, CCS",2011,No,4.1,5,Monthly
EVS03064,"7137 Chicago Ave, Chicago",AC Level 1,0.35,6:00-22:00,13.11,14,EVgo,50,Tesla,2014,Yes,4.8,3,Annually
EVS03065,"3176 Seoul Ave, Seoul",AC Level 1,0.24,9:00-18:00,16.52,49,Ionity,50,"CCS, Type 2",2023,Yes,4.6,8,Monthly
EVS03066,"7594 São Paulo Ave, São Paulo",AC Level 2,0.18,24/7,10.81,90,Tesla,50,Tesla,2021,No,4.6,5,Quarterly
EVS03067,"6988 Moscow Ave, Moscow",AC Level 1,0.15,24/7,0.74,90,Greenlots,22,Tesla,2015,Yes,4.6,3,Monthly
EVS03068,"6006 Chicago Ave, Chicago",AC Level 1,0.41,24/7,5.25,37,ChargePoint,50,CCS,2013,No,3.5,6,Annually
EVS03069,"2113 Mumbai Ave, Mumbai",DC Fast Charger,0.23,6:00-22:00,14.39,35,Ionity,22,"Tesla, CHAdeMO",2023,No,3.8,9,Quarterly
EVS03070,"3237 Beijing Ave, Beijing",AC Level 1,0.28,6:00-22:00,10.25,17,Ionity,22,"Tesla, CCS",2019,Yes,4.3,7,Monthly
EVS03071,"5046 Random Rd, City 181, Country",AC Level 2,0.34,6:00-22:00,11.97,43,Greenlots,350,"CHAdeMO, CCS",2018,No,3.4,1,Quarterly
EVS03072,"3630 Dubai Ave, Dubai",AC Level 1,0.37,24/7,12.41,27,EVgo,50,CHAdeMO,2015,Yes,4.2,5,Annually
EVS03073,"800 Toronto Ave, Toronto",DC Fast Charger,0.47,9:00-18:00,10.50,62,EVgo,22,"CHAdeMO, Tesla",2017,No,4.7,5,Annually
EVS03074,"5717 Chicago Ave, Chicago",DC Fast Charger,0.43,24/7,1.62,52,ChargePoint,50,"Type 2, CHAdeMO",2021,Yes,3.2,10,Quarterly
EVS03075,"2876 Mumbai Ave, Mumbai",AC Level 2,0.16,6:00-22:00,14.57,57,EVgo,50,"Type 2, CCS",2019,Yes,4.8,6,Annually
EVS03076,"7206 Dubai Ave, Dubai",AC Level 2,0.13,9:00-18:00,12.21,39,ChargePoint,22,"CHAdeMO, CCS",2011,Yes,4.6,2,Annually
EVS03077,"251 Bangkok Ave, Bangkok",DC Fast Charger,0.39,24/7,5.52,28,Greenlots,22,"CHAdeMO, Type 2",2014,Yes,4.8,10,Monthly
EVS03078,"1289 Cape Town Ave, Cape Town",AC Level 2,0.40,6:00-22:00,12.46,57,Ionity,350,"CCS, Tesla",2015,Yes,4.2,10,Monthly
EVS03079,"9084 San Francisco Ave, San Francisco",DC Fast Charger,0.49,6:00-22:00,17.77,59,ChargePoint,350,"Tesla, CCS",2013,Yes,4.0,7,Monthly
EVS03080,"5631 São Paulo Ave, São Paulo",AC Level 2,0.29,9:00-18:00,9.22,75,Greenlots,350,"CHAdeMO, Type 2",2013,Yes,3.5,4,Annually
EVS03081,"8888 Random Rd, City 216, Country",AC Level 1,0.16,6:00-22:00,2.14,72,EVgo,22,CCS,2018,No,4.5,10,Annually
EVS03082,"922 Dubai Ave, Dubai",DC Fast Charger,0.39,24/7,1.64,37,EVgo,50,CHAdeMO,2023,No,4.1,6,Monthly
EVS03083,"6495 Seoul Ave, Seoul",DC Fast Charger,0.19,9:00-18:00,4.28,40,ChargePoint,350,"Type 2, Tesla",2014,No,3.7,10,Monthly
EVS03084,"617 Seoul Ave, Seoul",AC Level 1,0.33,9:00-18:00,11.94,94,Greenlots,350,Tesla,2019,Yes,3.0,4,Annually
EVS03085,"2232 Cape Town Ave, Cape Town",DC Fast Charger,0.40,9:00-18:00,16.87,33,Tesla,350,Type 2,2021,Yes,3.7,5,Monthly
EVS03086,"9896 Seoul Ave, Seoul",DC Fast Charger,0.28,6:00-22:00,10.80,59,Ionity,150,"CCS, CHAdeMO",2010,Yes,3.1,8,Quarterly
EVS03087,"3279 Bangkok Ave, Bangkok",AC Level 1,0.17,24/7,7.36,19,EVgo,50,"Tesla, CHAdeMO",2015,No,4.2,10,Monthly
EVS03088,"9499 Dubai Ave, Dubai",DC Fast Charger,0.46,9:00-18:00,1.70,47,Ionity,350,Tesla,2012,No,4.3,6,Annually
EVS03089,"7677 Mumbai Ave, Mumbai",DC Fast Charger,0.34,9:00-18:00,7.08,74,Tesla,22,"Type 2, Tesla",2021,No,4.7,3,Annually
EVS03090,"4458 Berlin Ave, Berlin",AC Level 1,0.36,6:00-22:00,2.74,83,ChargePoint,150,Tesla,2016,No,4.6,1,Quarterly
EVS03091,"7740 Random Rd, City 177, Country",DC Fast Charger,0.45,6:00-22:00,4.45,15,Greenlots,150,CCS,2019,No,3.8,1,Annually
EVS03092,"7589 Dubai Ave, Dubai",AC Level 1,0.49,6:00-22:00,5.16,17,Tesla,150,Type 2,2013,No,4.0,2,Quarterly
EVS03093,"2058 Sydney Ave, Sydney",AC Level 1,0.37,6:00-22:00,8.28,81,EVgo,22,Tesla,2018,Yes,4.7,3,Quarterly
EVS03094,"5044 Beijing Ave, Beijing",AC Level 2,0.28,24/7,2.40,78,Ionity,22,"CCS, Tesla",2017,No,4.0,4,Monthly
EVS03095,"1454 Moscow Ave, Moscow",AC Level 1,0.36,24/7,6.29,34,Tesla,350,Tesla,2013,No,4.3,7,Monthly
EVS03096,"9209 Berlin Ave, Berlin",AC Level 1,0.33,24/7,7.42,29,Ionity,350,"Type 2, CHAdeMO",2022,Yes,4.2,7,Quarterly
EVS03097,"6179 Los Angeles Ave, Los Angeles",AC Level 2,0.41,9:00-18:00,8.51,14,ChargePoint,22,Tesla,2013,Yes,4.2,10,Monthly
EVS03098,"3348 Mumbai Ave, Mumbai",AC Level 2,0.45,9:00-18:00,7.81,61,Tesla,350,"CHAdeMO, Type 2",2017,No,3.2,9,Monthly
EVS03099,"4300 Bangkok Ave, Bangkok",DC Fast Charger,0.40,24/7,17.57,49,ChargePoint,22,"Tesla, CHAdeMO",2013,No,3.9,10,Annually
EVS03100,"8251 Chicago Ave, Chicago",AC Level 1,0.44,9:00-18:00,3.73,72,Tesla,22,CHAdeMO,2015,Yes,3.0,9,Quarterly
EVS03101,"9767 Random Rd, City 139, Country",AC Level 2,0.31,6:00-22:00,6.82,62,Ionity,22,Type 2,2019,Yes,4.3,1,Monthly
EVS03102,"3738 Beijing Ave, Beijing",AC Level 1,0.38,9:00-18:00,11.99,72,EVgo,50,"Type 2, CCS",2018,Yes,3.9,4,Annually
EVS03103,"3261 São Paulo Ave, São Paulo",AC Level 2,0.32,6:00-22:00,18.27,89,Greenlots,350,Tesla,2018,No,4.9,4,Quarterly
EVS03104,"5370 Bangkok Ave, Bangkok",AC Level 1,0.40,6:00-22:00,1.63,22,Tesla,50,"Type 2, CCS",2020,Yes,3.3,5,Quarterly
EVS03105,"3215 Moscow Ave, Moscow",AC Level 1,0.22,6:00-22:00,10.83,80,EVgo,350,CHAdeMO,2016,Yes,3.7,9,Quarterly
EVS03106,"730 Cape Town Ave, Cape Town",DC Fast Charger,0.26,6:00-22:00,12.59,25,Greenlots,150,Tesla,2019,Yes,3.5,10,Annually
EVS03107,"3633 Mumbai Ave, Mumbai",AC Level 1,0.50,9:00-18:00,3.08,91,Greenlots,22,"CCS, Tesla",2019,Yes,3.2,3,Quarterly
EVS03108,"4081 Mexico City Ave, Mexico City",AC Level 1,0.18,24/7,5.82,51,EVgo,350,"CCS, Type 2",2012,Yes,3.5,6,Monthly
EVS03109,"1932 Los Angeles Ave, Los Angeles",DC Fast Charger,0.42,9:00-18:00,13.37,15,Greenlots,150,Tesla,2020,Yes,3.9,8,Quarterly
EVS03110,"9142 San Francisco Ave, San Francisco",AC Level 1,0.39,9:00-18:00,18.08,86,EVgo,22,"Type 2, CHAdeMO",2021,No,4.9,4,Quarterly
EVS03111,"496 Random Rd, City 467, Country",AC Level 1,0.24,24/7,12.14,99,Greenlots,350,"Tesla, CHAdeMO",2014,Yes,3.5,7,Monthly
EVS03112,"9825 Cape Town Ave, Cape Town",AC Level 1,0.41,9:00-18:00,14.36,84,ChargePoint,22,CHAdeMO,2012,No,3.9,2,Quarterly
EVS03113,"2205 São Paulo Ave, São Paulo",AC Level 1,0.49,24/7,12.68,61,ChargePoint,50,"Type 2, CHAdeMO",2022,No,3.8,4,Annually
EVS03114,"2676 São Paulo Ave, São Paulo",DC Fast Charger,0.46,9:00-18:00,8.33,54,Ionity,22,"Type 2, Tesla",2010,No,4.4,10,Monthly
EVS03115,"380 Toronto Ave, Toronto",AC Level 2,0.35,24/7,16.12,16,Greenlots,350,"CHAdeMO, Tesla",2010,Yes,4.1,2,Annually
EVS03116,"7837 Mumbai Ave, Mumbai",AC Level 1,0.43,9:00-18:00,5.28,15,Ionity,50,"CCS, Tesla",2018,No,4.3,7,Monthly
EVS03117,"1555 Berlin Ave, Berlin",AC Level 2,0.43,9:00-18:00,14.64,56,Tesla,22,CHAdeMO,2017,Yes,3.4,5,Quarterly
EVS03118,"7192 Cape Town Ave, Cape Town",AC Level 1,0.25,9:00-18:00,7.00,20,Ionity,350,"CCS, CHAdeMO",2015,Yes,4.0,6,Monthly
EVS03119,"9615 Cape Town Ave, Cape Town",AC Level 2,0.14,24/7,6.70,26,Tesla,350,CCS,2016,Yes,4.3,10,Quarterly
EVS03120,"2980 Mexico City Ave, Mexico City",AC Level 1,0.39,6:00-22:00,13.31,53,Greenlots,150,"Tesla, Type 2",2023,No,3.1,7,Quarterly
EVS03121,"3753 Random Rd, City 440, Country",AC Level 2,0.39,9:00-18:00,11.10,25,Tesla,350,Tesla,2014,Yes,4.2,5,Quarterly
EVS03122,"5118 Los Angeles Ave, Los Angeles",AC Level 2,0.37,6:00-22:00,13.79,95,Tesla,350,"Type 2, CCS",2015,Yes,3.6,10,Annually
EVS03123,"4854 Seoul Ave, Seoul",AC Level 2,0.39,9:00-18:00,13.86,22,Greenlots,150,"Type 2, Tesla",2018,No,3.2,4,Annually
EVS03124,"3445 Chicago Ave, Chicago",AC Level 2,0.30,9:00-18:00,19.05,14,ChargePoint,350,"Tesla, CCS",2012,No,4.8,8,Monthly
EVS03125,"7714 Berlin Ave, Berlin",AC Level 2,0.24,24/7,5.45,33,Greenlots,150,"Tesla, CHAdeMO",2012,Yes,3.4,9,Annually
EVS03126,"4617 Dubai Ave, Dubai",AC Level 1,0.49,9:00-18:00,7.93,21,ChargePoint,50,CHAdeMO,2011,No,3.6,8,Monthly
EVS03127,"6533 Mumbai Ave, Mumbai",AC Level 1,0.30,9:00-18:00,18.22,50,Greenlots,22,"Type 2, CHAdeMO",2014,No,3.3,1,Monthly
EVS03128,"6388 Seoul Ave, Seoul",AC Level 2,0.48,9:00-18:00,8.97,77,ChargePoint,350,CHAdeMO,2014,Yes,3.3,7,Monthly
EVS03129,"4700 Moscow Ave, Moscow",AC Level 2,0.41,6:00-22:00,12.70,87,EVgo,22,CCS,2019,Yes,3.3,1,Monthly
EVS03130,"7223 Moscow Ave, Moscow",AC Level 2,0.36,9:00-18:00,15.29,36,Tesla,22,CHAdeMO,2017,No,3.7,10,Annually
EVS03131,"5586 Random Rd, City 59, Country",AC Level 2,0.35,9:00-18:00,5.02,45,ChargePoint,150,CCS,2010,Yes,4.3,8,Monthly
EVS03132,"6583 Sydney Ave, Sydney",DC Fast Charger,0.30,6:00-22:00,12.00,57,Ionity,350,"CHAdeMO, CCS",2012,No,3.8,1,Quarterly
EVS03133,"5305 San Francisco Ave, San Francisco",DC Fast Charger,0.33,6:00-22:00,4.93,11,Greenlots,50,CHAdeMO,2012,Yes,4.5,10,Annually
EVS03134,"6207 Dubai Ave, Dubai",AC Level 1,0.41,6:00-22:00,1.69,80,Ionity,350,"CHAdeMO, CCS",2011,No,3.6,10,Monthly
EVS03135,"5536 Chicago Ave, Chicago",DC Fast Charger,0.36,6:00-22:00,2.88,23,Ionity,50,"CCS, Tesla",2010,No,3.1,3,Quarterly
EVS03136,"3910 Los Angeles Ave, Los Angeles",AC Level 1,0.16,6:00-22:00,19.04,15,Tesla,150,"Type 2, CHAdeMO",2023,No,3.2,9,Monthly
EVS03137,"2934 Mexico City Ave, Mexico City",AC Level 1,0.26,24/7,17.57,92,Ionity,150,CHAdeMO,2017,Yes,3.9,8,Monthly
EVS03138,"7360 Chicago Ave, Chicago",AC Level 1,0.15,9:00-18:00,6.29,62,Tesla,22,Tesla,2014,No,4.4,3,Annually
EVS03139,"3795 Mumbai Ave, Mumbai",DC Fast Charger,0.30,24/7,16.95,39,Ionity,50,Tesla,2010,Yes,3.2,3,Quarterly
EVS03140,"8461 Dubai Ave, Dubai",AC Level 2,0.49,24/7,12.71,65,ChargePoint,22,CHAdeMO,2019,No,4.5,1,Monthly
EVS03141,"6572 Random Rd, City 496, Country",AC Level 1,0.19,9:00-18:00,10.55,55,Ionity,22,"Type 2, CHAdeMO",2013,Yes,3.5,5,Quarterly
EVS03142,"7613 Berlin Ave, Berlin",DC Fast Charger,0.42,6:00-22:00,7.50,77,ChargePoint,350,"Type 2, Tesla",2013,No,4.8,8,Quarterly
EVS03143,"6009 Berlin Ave, Berlin",DC Fast Charger,0.39,6:00-22:00,13.32,25,Ionity,50,CHAdeMO,2020,No,4.1,6,Monthly
EVS03144,"1408 Chicago Ave, Chicago",AC Level 2,0.44,24/7,5.29,82,Ionity,350,CHAdeMO,2015,No,3.5,9,Quarterly
EVS03145,"4632 San Francisco Ave, San Francisco",AC Level 1,0.21,24/7,4.39,70,ChargePoint,150,"CHAdeMO, CCS",2021,No,4.1,7,Monthly
EVS03146,"2216 Los Angeles Ave, Los Angeles",AC Level 1,0.12,24/7,18.60,39,ChargePoint,150,"Type 2, Tesla",2022,Yes,4.5,4,Annually
EVS03147,"2336 San Francisco Ave, San Francisco",AC Level 1,0.37,9:00-18:00,19.73,42,Tesla,350,CHAdeMO,2018,Yes,4.4,5,Quarterly
EVS03148,"6092 Moscow Ave, Moscow",DC Fast Charger,0.21,6:00-22:00,7.73,29,EVgo,22,Tesla,2021,No,3.8,7,Monthly
EVS03149,"2401 Seoul Ave, Seoul",DC Fast Charger,0.16,9:00-18:00,13.27,38,Ionity,150,CHAdeMO,2018,Yes,4.3,3,Quarterly
EVS03150,"5619 Bangkok Ave, Bangkok",AC Level 1,0.31,24/7,10.85,77,Tesla,22,CHAdeMO,2023,Yes,4.2,3,Annually
EVS03151,"9271 Random Rd, City 11, Country",AC Level 1,0.18,24/7,7.86,55,Tesla,150,"CCS, Type 2",2021,Yes,4.5,3,Monthly
EVS03152,"2588 Cape Town Ave, Cape Town",DC Fast Charger,0.23,9:00-18:00,5.25,35,EVgo,150,"Tesla, Type 2",2017,No,5.0,6,Annually
EVS03153,"4890 Berlin Ave, Berlin",DC Fast Charger,0.16,6:00-22:00,14.12,63,Ionity,22,CHAdeMO,2023,No,3.2,10,Monthly
EVS03154,"1528 Berlin Ave, Berlin",DC Fast Charger,0.24,9:00-18:00,19.36,42,Greenlots,50,"Type 2, Tesla",2017,Yes,3.6,2,Monthly
EVS03155,"2555 Sydney Ave, Sydney",DC Fast Charger,0.44,24/7,11.92,43,Ionity,50,"CCS, CHAdeMO",2022,Yes,3.8,9,Annually
EVS03156,"333 Mexico City Ave, Mexico City",AC Level 2,0.44,6:00-22:00,11.37,97,Ionity,22,CCS,2013,Yes,4.0,4,Monthly
EVS03157,"191 Mexico City Ave, Mexico City",AC Level 2,0.26,6:00-22:00,5.19,66,Greenlots,22,Type 2,2016,Yes,4.4,5,Quarterly
EVS03158,"3355 São Paulo Ave, São Paulo",AC Level 2,0.27,24/7,13.53,45,Tesla,350,CCS,2014,No,3.1,8,Monthly
EVS03159,"4506 Beijing Ave, Beijing",AC Level 1,0.34,9:00-18:00,10.08,74,Ionity,150,CCS,2010,Yes,3.9,1,Quarterly
EVS03160,"6040 São Paulo Ave, São Paulo",AC Level 2,0.38,24/7,19.14,17,Ionity,50,"Type 2, Tesla",2014,Yes,4.5,6,Monthly
EVS03161,"7375 Random Rd, City 394, Country",AC Level 2,0.25,6:00-22:00,12.66,99,EVgo,350,"Type 2, CHAdeMO",2016,Yes,4.8,8,Monthly
EVS03162,"1863 Seoul Ave, Seoul",AC Level 1,0.14,6:00-22:00,4.43,27,EVgo,150,Tesla,2015,No,4.1,2,Monthly
EVS03163,"710 San Francisco Ave, San Francisco",AC Level 1,0.34,24/7,7.37,38,Tesla,50,CHAdeMO,2020,No,3.1,1,Annually
EVS03164,"6070 Beijing Ave, Beijing",DC Fast Charger,0.27,6:00-22:00,18.95,50,Greenlots,150,"CHAdeMO, CCS",2023,Yes,3.8,8,Monthly
EVS03165,"6569 Mumbai Ave, Mumbai",AC Level 1,0.48,6:00-22:00,7.00,65,ChargePoint,150,"Tesla, CCS",2012,No,3.0,6,Monthly
EVS03166,"9991 Berlin Ave, Berlin",DC Fast Charger,0.21,24/7,1.82,22,Tesla,150,"CCS, Tesla",2023,No,4.4,6,Annually
EVS03167,"5096 Seoul Ave, Seoul",AC Level 2,0.28,9:00-18:00,3.30,36,EVgo,350,Type 2,2021,Yes,3.1,10,Monthly
EVS03168,"3287 Bangkok Ave, Bangkok",DC Fast Charger,0.22,9:00-18:00,12.87,84,Tesla,350,"CHAdeMO, CCS",2021,Yes,4.1,5,Annually
EVS03169,"81 Dubai Ave, Dubai",AC Level 1,0.20,9:00-18:00,12.64,56,EVgo,150,"CHAdeMO, Tesla",2019,Yes,3.1,4,Monthly
EVS03170,"8758 São Paulo Ave, São Paulo",AC Level 1,0.17,24/7,2.24,94,EVgo,50,Tesla,2013,Yes,4.1,3,Monthly
EVS03171,"6922 Random Rd, City 206, Country",AC Level 1,0.20,24/7,16.49,91,Greenlots,50,"CCS, CHAdeMO",2023,Yes,4.4,9,Monthly
EVS03172,"7672 Mexico City Ave, Mexico City",DC Fast Charger,0.38,24/7,19.65,72,EVgo,350,"Type 2, Tesla",2021,Yes,4.8,1,Quarterly
EVS03173,"140 Beijing Ave, Beijing",AC Level 1,0.31,6:00-22:00,14.32,78,Tesla,150,"Type 2, CHAdeMO",2017,Yes,4.8,5,Quarterly
EVS03174,"1933 Mumbai Ave, Mumbai",DC Fast Charger,0.33,24/7,19.61,91,Ionity,22,"Type 2, CHAdeMO",2010,No,4.9,5,Quarterly
EVS03175,"9775 Sydney Ave, Sydney",DC Fast Charger,0.37,24/7,11.97,20,EVgo,350,Type 2,2023,No,3.3,10,Quarterly
EVS03176,"4773 Beijing Ave, Beijing",AC Level 2,0.33,9:00-18:00,15.26,80,Greenlots,50,"CHAdeMO, CCS",2022,No,3.1,7,Quarterly
EVS03177,"8903 San Francisco Ave, San Francisco",AC Level 2,0.32,9:00-18:00,17.89,62,Tesla,150,"Tesla, CHAdeMO",2021,Yes,5.0,7,Quarterly
EVS03178,"6727 Cape Town Ave, Cape Town",DC Fast Charger,0.44,24/7,16.86,74,Greenlots,150,"CHAdeMO, CCS",2023,No,4.4,8,Quarterly
EVS03179,"9856 San Francisco Ave, San Francisco",AC Level 2,0.50,9:00-18:00,5.92,41,EVgo,50,CHAdeMO,2021,Yes,3.5,9,Quarterly
EVS03180,"4637 Mumbai Ave, Mumbai",DC Fast Charger,0.45,9:00-18:00,10.50,12,ChargePoint,350,"CCS, Type 2",2010,No,3.1,2,Quarterly
EVS03181,"2591 Random Rd, City 394, Country",AC Level 2,0.29,6:00-22:00,7.58,47,Ionity,350,"CCS, CHAdeMO",2023,Yes,4.0,2,Monthly
EVS03182,"9855 Dubai Ave, Dubai",DC Fast Charger,0.11,9:00-18:00,18.05,65,Ionity,50,"Tesla, Type 2",2010,Yes,3.9,10,Annually
EVS03183,"7082 São Paulo Ave, São Paulo",AC Level 1,0.16,9:00-18:00,15.38,31,EVgo,150,"Tesla, Type 2",2020,No,4.6,5,Quarterly
EVS03184,"5153 Dubai Ave, Dubai",DC Fast Charger,0.45,6:00-22:00,2.82,43,Tesla,150,"CCS, Type 2",2022,Yes,4.5,10,Annually
EVS03185,"7160 Beijing Ave, Beijing",DC Fast Charger,0.41,24/7,11.53,44,Ionity,150,Tesla,2018,Yes,4.4,1,Quarterly
EVS03186,"1424 Mexico City Ave, Mexico City",AC Level 1,0.16,24/7,4.48,17,ChargePoint,350,CHAdeMO,2015,Yes,4.4,1,Quarterly
EVS03187,"5657 Bangkok Ave, Bangkok",AC Level 1,0.37,6:00-22:00,16.30,11,ChargePoint,150,"Tesla, Type 2",2015,Yes,4.4,1,Annually
EVS03188,"490 Cape Town Ave, Cape Town",AC Level 2,0.41,24/7,10.75,87,Greenlots,22,Type 2,2019,No,3.1,9,Monthly
EVS03189,"4315 Cape Town Ave, Cape Town",AC Level 2,0.15,6:00-22:00,9.40,68,Tesla,50,CCS,2017,Yes,4.1,4,Annually
EVS03190,"1186 São Paulo Ave, São Paulo",AC Level 1,0.24,24/7,10.99,88,Greenlots,50,"CHAdeMO, CCS",2022,Yes,4.8,8,Monthly
EVS03191,"9773 Random Rd, City 12, Country",AC Level 1,0.24,9:00-18:00,11.05,96,EVgo,150,"Type 2, CCS",2013,No,3.7,7,Quarterly
EVS03192,"6364 San Francisco Ave, San Francisco",DC Fast Charger,0.27,24/7,3.23,46,Tesla,150,Tesla,2019,No,4.7,9,Quarterly
EVS03193,"8838 Cape Town Ave, Cape Town",AC Level 2,0.35,24/7,7.70,54,Tesla,50,CHAdeMO,2018,No,4.2,3,Quarterly
EVS03194,"3966 Beijing Ave, Beijing",AC Level 2,0.40,24/7,7.32,72,EVgo,350,Type 2,2012,No,4.4,8,Quarterly
EVS03195,"4561 Bangkok Ave, Bangkok",AC Level 2,0.20,24/7,1.58,29,ChargePoint,350,"Type 2, CCS",2014,No,4.8,7,Quarterly
EVS03196,"4636 Chicago Ave, Chicago",AC Level 2,0.40,9:00-18:00,3.25,35,ChargePoint,150,CCS,2012,Yes,3.6,2,Annually
EVS03197,"8666 São Paulo Ave, São Paulo",AC Level 1,0.36,24/7,5.39,65,EVgo,150,Tesla,2017,Yes,4.7,4,Monthly
EVS03198,"8962 Seoul Ave, Seoul",DC Fast Charger,0.20,6:00-22:00,11.16,29,Tesla,22,"CHAdeMO, CCS",2020,No,3.3,3,Monthly
EVS03199,"1661 São Paulo Ave, São Paulo",DC Fast Charger,0.48,24/7,12.17,22,ChargePoint,350,"CHAdeMO, Type 2",2011,Yes,4.0,4,Monthly
EVS03200,"876 Chicago Ave, Chicago",AC Level 1,0.26,6:00-22:00,1.54,64,EVgo,150,"Type 2, CHAdeMO",2011,No,3.8,2,Monthly
EVS03201,"6055 Random Rd, City 451, Country",AC Level 1,0.45,6:00-22:00,1.20,91,ChargePoint,350,"CHAdeMO, Type 2",2019,No,4.3,5,Quarterly
EVS03202,"9394 Mumbai Ave, Mumbai",DC Fast Charger,0.40,24/7,10.25,72,Ionity,150,"CCS, Tesla",2011,Yes,4.6,2,Annually
EVS03203,"515 São Paulo Ave, São Paulo",AC Level 1,0.45,9:00-18:00,6.33,71,Ionity,350,CCS,2018,No,4.1,1,Quarterly
EVS03204,"5434 Los Angeles Ave, Los Angeles",AC Level 1,0.26,6:00-22:00,8.13,43,Greenlots,50,CCS,2022,No,4.6,4,Annually
EVS03205,"1588 San Francisco Ave, San Francisco",AC Level 2,0.43,9:00-18:00,10.80,89,Greenlots,350,"CHAdeMO, Type 2",2011,Yes,4.9,9,Monthly
EVS03206,"4329 Toronto Ave, Toronto",AC Level 1,0.49,9:00-18:00,4.72,98,Tesla,50,"CHAdeMO, CCS",2013,Yes,3.8,8,Annually
EVS03207,"4406 Mexico City Ave, Mexico City",DC Fast Charger,0.15,9:00-18:00,6.70,63,Ionity,22,"Type 2, Tesla",2012,No,3.9,4,Annually
EVS03208,"4532 Berlin Ave, Berlin",DC Fast Charger,0.49,24/7,9.52,65,Greenlots,150,CHAdeMO,2011,No,4.8,4,Monthly
EVS03209,"4131 Cape Town Ave, Cape Town",AC Level 2,0.34,24/7,18.18,90,Greenlots,350,"CHAdeMO, CCS",2017,No,3.9,7,Monthly
EVS03210,"6962 Mexico City Ave, Mexico City",AC Level 1,0.23,9:00-18:00,4.82,37,Greenlots,22,"Tesla, CHAdeMO",2010,Yes,3.1,6,Quarterly
EVS03211,"7647 Random Rd, City 297, Country",DC Fast Charger,0.45,9:00-18:00,3.71,88,ChargePoint,150,"Tesla, Type 2",2010,No,3.6,5,Annually
EVS03212,"2402 Seoul Ave, Seoul",DC Fast Charger,0.14,6:00-22:00,17.25,94,EVgo,150,CCS,2018,No,5.0,6,Quarterly
EVS03213,"9311 Sydney Ave, Sydney",AC Level 2,0.14,9:00-18:00,19.94,34,EVgo,350,"Type 2, CHAdeMO",2015,No,4.6,9,Quarterly
EVS03214,"4674 Dubai Ave, Dubai",AC Level 2,0.28,9:00-18:00,16.23,72,Tesla,22,"Tesla, CHAdeMO",2011,Yes,4.9,7,Annually
EVS03215,"4437 Bangkok Ave, Bangkok",AC Level 2,0.18,24/7,3.42,15,Greenlots,150,CHAdeMO,2023,Yes,3.7,7,Monthly
EVS03216,"7444 São Paulo Ave, São Paulo",AC Level 2,0.15,9:00-18:00,8.21,17,EVgo,350,"CCS, Type 2",2018,No,3.8,4,Annually
EVS03217,"2058 Dubai Ave, Dubai",AC Level 2,0.16,9:00-18:00,15.50,21,Greenlots,22,"CCS, Type 2",2016,Yes,3.5,2,Quarterly
EVS03218,"134 Cape Town Ave, Cape Town",AC Level 1,0.37,9:00-18:00,7.41,62,Ionity,150,"Tesla, CCS",2023,No,3.2,6,Quarterly
EVS03219,"2494 Seoul Ave, Seoul",AC Level 2,0.49,9:00-18:00,19.80,82,Tesla,22,"Type 2, Tesla",2021,Yes,4.5,2,Annually
EVS03220,"4071 Berlin Ave, Berlin",AC Level 1,0.49,6:00-22:00,5.56,31,Greenlots,150,Tesla,2023,Yes,4.1,1,Quarterly
EVS03221,"5823 Random Rd, City 495, Country",AC Level 1,0.49,9:00-18:00,9.80,75,Ionity,150,CCS,2012,Yes,4.0,4,Monthly
EVS03222,"4116 Mumbai Ave, Mumbai",AC Level 2,0.39,6:00-22:00,3.87,76,ChargePoint,350,"Tesla, CCS",2010,Yes,4.2,10,Quarterly
EVS03223,"4676 Seoul Ave, Seoul",DC Fast Charger,0.29,9:00-18:00,15.13,99,ChargePoint,50,"CCS, Tesla",2020,No,3.0,2,Monthly
EVS03224,"1958 Mexico City Ave, Mexico City",DC Fast Charger,0.22,24/7,19.87,39,EVgo,50,"CHAdeMO, Type 2",2019,No,4.5,3,Annually
EVS03225,"9865 Cape Town Ave, Cape Town",AC Level 2,0.43,24/7,2.46,37,Greenlots,350,CCS,2019,Yes,4.6,4,Annually
EVS03226,"9076 San Francisco Ave, San Francisco",AC Level 1,0.33,6:00-22:00,18.49,44,ChargePoint,50,Tesla,2018,Yes,4.7,9,Annually
EVS03227,"6742 Mumbai Ave, Mumbai",AC Level 1,0.35,24/7,16.53,71,Tesla,150,"Type 2, CHAdeMO",2016,Yes,5.0,7,Annually
EVS03228,"6338 Beijing Ave, Beijing",AC Level 2,0.29,9:00-18:00,3.85,39,ChargePoint,350,Tesla,2016,No,4.2,2,Annually
EVS03229,"7874 Mexico City Ave, Mexico City",AC Level 2,0.28,9:00-18:00,3.75,99,Tesla,50,Type 2,2014,No,3.4,6,Annually
EVS03230,"8903 Mumbai Ave, Mumbai",AC Level 2,0.11,6:00-22:00,2.45,82,EVgo,22,"CCS, Type 2",2014,No,4.4,7,Quarterly
EVS03231,"376 Random Rd, City 411, Country",AC Level 1,0.26,24/7,3.86,92,Greenlots,22,CCS,2011,Yes,3.6,4,Monthly
EVS03232,"8740 San Francisco Ave, San Francisco",AC Level 1,0.18,6:00-22:00,14.60,56,Ionity,150,Type 2,2015,No,4.1,1,Quarterly
EVS03233,"3264 Dubai Ave, Dubai",DC Fast Charger,0.19,9:00-18:00,12.72,14,EVgo,150,"CHAdeMO, CCS",2018,No,4.0,9,Quarterly
EVS03234,"7408 São Paulo Ave, São Paulo",DC Fast Charger,0.13,6:00-22:00,3.13,37,Greenlots,350,"Type 2, Tesla",2012,No,4.5,4,Annually
EVS03235,"3244 Berlin Ave, Berlin",AC Level 2,0.41,24/7,4.65,39,Tesla,350,"Tesla, Type 2",2014,Yes,4.6,9,Monthly
EVS03236,"705 Toronto Ave, Toronto",DC Fast Charger,0.30,24/7,0.92,86,ChargePoint,22,CCS,2019,Yes,3.8,5,Annually
EVS03237,"9487 Moscow Ave, Moscow",AC Level 1,0.22,9:00-18:00,5.53,87,Ionity,150,CCS,2015,No,4.8,3,Monthly
EVS03238,"3630 Toronto Ave, Toronto",DC Fast Charger,0.16,24/7,9.56,18,Ionity,50,Tesla,2013,No,3.9,4,Annually
EVS03239,"3560 San Francisco Ave, San Francisco",AC Level 2,0.21,6:00-22:00,18.40,95,EVgo,350,"CCS, Type 2",2012,Yes,3.3,6,Monthly
EVS03240,"8405 Sydney Ave, Sydney",DC Fast Charger,0.36,9:00-18:00,19.15,60,EVgo,50,CHAdeMO,2016,Yes,4.8,8,Monthly
EVS03241,"1632 Random Rd, City 8, Country",AC Level 1,0.20,9:00-18:00,13.40,62,Greenlots,22,CHAdeMO,2022,No,4.2,5,Annually
EVS03242,"5486 Mexico City Ave, Mexico City",DC Fast Charger,0.10,24/7,4.53,38,Ionity,22,"Type 2, CCS",2013,No,4.8,1,Monthly
EVS03243,"7762 Bangkok Ave, Bangkok",AC Level 2,0.21,6:00-22:00,15.16,34,Greenlots,350,CCS,2012,Yes,4.0,9,Monthly
EVS03244,"271 Dubai Ave, Dubai",DC Fast Charger,0.17,9:00-18:00,10.52,100,ChargePoint,150,CHAdeMO,2017,No,5.0,6,Quarterly
EVS03245,"4223 Bangkok Ave, Bangkok",DC Fast Charger,0.50,9:00-18:00,14.17,23,Ionity,50,"Tesla, CHAdeMO",2010,No,3.6,9,Monthly
EVS03246,"1353 Mexico City Ave, Mexico City",DC Fast Charger,0.22,9:00-18:00,12.58,11,Tesla,50,"Type 2, Tesla",2010,No,4.2,7,Monthly
EVS03247,"1348 Moscow Ave, Moscow",AC Level 1,0.30,6:00-22:00,12.32,48,EVgo,150,"Tesla, CHAdeMO",2022,Yes,4.4,4,Monthly
EVS03248,"7423 Bangkok Ave, Bangkok",AC Level 1,0.43,6:00-22:00,1.93,68,ChargePoint,22,Type 2,2019,No,3.6,8,Quarterly
EVS03249,"9795 Sydney Ave, Sydney",DC Fast Charger,0.15,9:00-18:00,16.52,77,Tesla,22,"CHAdeMO, CCS",2015,No,3.1,2,Monthly
EVS03250,"1070 Sydney Ave, Sydney",AC Level 1,0.19,9:00-18:00,8.05,29,Ionity,150,Type 2,2018,No,3.7,6,Monthly
EVS03251,"2247 Random Rd, City 229, Country",DC Fast Charger,0.19,24/7,11.38,43,Tesla,22,CCS,2022,No,4.5,4,Quarterly
EVS03252,"4230 San Francisco Ave, San Francisco",AC Level 1,0.49,9:00-18:00,14.15,25,Tesla,50,"Tesla, CHAdeMO",2010,Yes,3.4,1,Annually
EVS03253,"3833 Cape Town Ave, Cape Town",AC Level 2,0.48,6:00-22:00,14.60,13,Tesla,150,"Type 2, Tesla",2021,No,3.4,7,Annually
EVS03254,"6285 Los Angeles Ave, Los Angeles",AC Level 2,0.27,9:00-18:00,9.05,37,ChargePoint,50,"Type 2, CCS",2010,Yes,3.2,8,Annually
EVS03255,"2075 Berlin Ave, Berlin",DC Fast Charger,0.43,9:00-18:00,18.27,33,EVgo,22,Type 2,2012,No,3.3,4,Monthly
EVS03256,"8858 Toronto Ave, Toronto",DC Fast Charger,0.40,9:00-18:00,18.09,78,Ionity,50,"CHAdeMO, Type 2",2020,No,4.1,6,Quarterly
EVS03257,"7706 San Francisco Ave, San Francisco",DC Fast Charger,0.17,9:00-18:00,12.31,34,ChargePoint,50,CCS,2021,Yes,5.0,6,Annually
EVS03258,"6392 Chicago Ave, Chicago",AC Level 1,0.12,6:00-22:00,6.73,63,Tesla,50,"Tesla, Type 2",2014,No,3.3,5,Quarterly
EVS03259,"1689 San Francisco Ave, San Francisco",AC Level 2,0.16,24/7,9.28,87,Ionity,350,"Tesla, CCS",2019,No,3.7,4,Quarterly
EVS03260,"2024 Toronto Ave, Toronto",DC Fast Charger,0.16,24/7,12.75,48,Greenlots,150,CCS,2021,Yes,4.6,1,Quarterly
EVS03261,"2383 Random Rd, City 410, Country",AC Level 2,0.19,6:00-22:00,2.89,43,Greenlots,50,CHAdeMO,2023,Yes,3.7,4,Annually
EVS03262,"835 Seoul Ave, Seoul",AC Level 1,0.20,6:00-22:00,10.35,72,Tesla,350,Tesla,2022,No,4.8,4,Quarterly
EVS03263,"863 Bangkok Ave, Bangkok",DC Fast Charger,0.42,24/7,13.55,37,ChargePoint,150,Tesla,2011,No,3.2,1,Quarterly
EVS03264,"3006 Moscow Ave, Moscow",AC Level 1,0.28,9:00-18:00,10.72,90,Tesla,50,CCS,2014,No,3.4,3,Annually
EVS03265,"6702 Sydney Ave, Sydney",AC Level 2,0.10,24/7,12.23,86,ChargePoint,22,"CCS, Type 2",2017,Yes,3.6,8,Monthly
EVS03266,"7389 Mumbai Ave, Mumbai",AC Level 1,0.20,6:00-22:00,19.85,31,Ionity,150,Tesla,2017,No,4.0,9,Quarterly
EVS03267,"5740 Bangkok Ave, Bangkok",DC Fast Charger,0.47,9:00-18:00,16.71,100,Tesla,22,"CCS, Tesla",2021,No,4.6,2,Monthly
EVS03268,"7835 San Francisco Ave, San Francisco",DC Fast Charger,0.45,24/7,8.96,16,EVgo,150,"CHAdeMO, CCS",2019,Yes,4.4,7,Annually
EVS03269,"6203 Toronto Ave, Toronto",AC Level 2,0.25,9:00-18:00,13.39,53,Greenlots,50,"CHAdeMO, CCS",2013,No,4.8,6,Quarterly
EVS03270,"1154 Beijing Ave, Beijing",DC Fast Charger,0.46,6:00-22:00,13.16,97,EVgo,350,CCS,2010,Yes,3.9,4,Monthly
EVS03271,"4846 Random Rd, City 263, Country",AC Level 1,0.49,24/7,9.10,42,EVgo,22,Type 2,2010,Yes,3.1,7,Annually
EVS03272,"8756 Mumbai Ave, Mumbai",DC Fast Charger,0.15,6:00-22:00,6.50,87,ChargePoint,50,"CHAdeMO, Tesla",2011,No,4.4,6,Monthly
EVS03273,"5054 Dubai Ave, Dubai",DC Fast Charger,0.25,24/7,19.55,33,ChargePoint,22,CCS,2017,Yes,4.7,6,Quarterly
EVS03274,"4262 São Paulo Ave, São Paulo",DC Fast Charger,0.47,24/7,11.17,45,Ionity,150,Tesla,2010,No,4.4,9,Monthly
EVS03275,"5981 Cape Town Ave, Cape Town",AC Level 2,0.12,6:00-22:00,15.83,13,Tesla,22,Tesla,2016,Yes,3.3,1,Annually
EVS03276,"481 Los Angeles Ave, Los Angeles",AC Level 1,0.46,24/7,1.24,31,EVgo,50,CHAdeMO,2017,No,4.5,1,Annually
EVS03277,"8076 Sydney Ave, Sydney",AC Level 1,0.49,24/7,16.80,63,ChargePoint,150,"Type 2, CHAdeMO",2016,No,4.6,1,Annually
EVS03278,"6850 Mumbai Ave, Mumbai",AC Level 2,0.13,24/7,17.79,72,Ionity,50,Tesla,2015,Yes,3.5,2,Monthly
EVS03279,"8742 São Paulo Ave, São Paulo",AC Level 2,0.29,24/7,3.62,38,Tesla,150,"CHAdeMO, Tesla",2010,No,3.2,7,Annually
EVS03280,"4797 São Paulo Ave, São Paulo",DC Fast Charger,0.29,6:00-22:00,1.02,20,Greenlots,350,CCS,2015,Yes,3.2,2,Quarterly
EVS03281,"9432 Random Rd, City 129, Country",AC Level 2,0.16,6:00-22:00,14.03,10,ChargePoint,350,Type 2,2011,No,3.4,5,Quarterly
EVS03282,"9436 Cape Town Ave, Cape Town",AC Level 2,0.12,6:00-22:00,16.07,64,Tesla,50,Type 2,2018,No,5.0,1,Annually
EVS03283,"8087 Moscow Ave, Moscow",AC Level 2,0.17,6:00-22:00,8.57,89,Greenlots,22,"CHAdeMO, Tesla",2016,Yes,4.5,7,Quarterly
EVS03284,"6887 Berlin Ave, Berlin",AC Level 2,0.34,24/7,13.93,91,ChargePoint,22,"CCS, Type 2",2022,Yes,3.3,4,Monthly
EVS03285,"3403 Mexico City Ave, Mexico City",AC Level 2,0.43,24/7,19.87,95,ChargePoint,350,"Type 2, Tesla",2010,No,3.8,1,Annually
EVS03286,"9342 Chicago Ave, Chicago",AC Level 2,0.41,6:00-22:00,8.51,61,ChargePoint,50,"Type 2, CHAdeMO",2016,No,4.1,1,Quarterly
EVS03287,"8495 Mexico City Ave, Mexico City",AC Level 1,0.37,9:00-18:00,12.56,36,ChargePoint,350,Tesla,2019,Yes,3.5,2,Monthly
EVS03288,"5761 Los Angeles Ave, Los Angeles",AC Level 2,0.19,9:00-18:00,4.59,53,Greenlots,50,"CCS, CHAdeMO",2020,No,4.9,5,Quarterly
EVS03289,"7342 Cape Town Ave, Cape Town",AC Level 2,0.26,9:00-18:00,7.45,81,Ionity,22,CCS,2021,Yes,4.9,6,Quarterly
EVS03290,"3543 Bangkok Ave, Bangkok",AC Level 2,0.10,24/7,5.19,96,EVgo,22,"CHAdeMO, Tesla",2010,No,4.6,2,Annually
EVS03291,"878 Random Rd, City 53, Country",AC Level 1,0.12,6:00-22:00,18.08,68,ChargePoint,350,CCS,2010,Yes,4.8,4,Quarterly
EVS03292,"3554 Dubai Ave, Dubai",AC Level 1,0.24,6:00-22:00,4.47,10,Tesla,22,CCS,2018,No,4.2,4,Annually
EVS03293,"8643 Moscow Ave, Moscow",DC Fast Charger,0.40,6:00-22:00,13.09,93,EVgo,22,"Type 2, CCS",2015,No,3.4,3,Annually
EVS03294,"2968 Beijing Ave, Beijing",AC Level 1,0.47,24/7,2.34,47,Tesla,350,CCS,2020,No,3.0,7,Annually
EVS03295,"1516 San Francisco Ave, San Francisco",AC Level 1,0.49,6:00-22:00,9.71,96,EVgo,150,"Tesla, CCS",2020,Yes,4.7,4,Quarterly
EVS03296,"9607 San Francisco Ave, San Francisco",AC Level 1,0.31,24/7,6.17,61,EVgo,350,CCS,2011,Yes,3.2,7,Annually
EVS03297,"4595 São Paulo Ave, São Paulo",AC Level 1,0.41,24/7,8.51,21,Greenlots,50,CCS,2021,No,4.3,6,Monthly
EVS03298,"1034 Mumbai Ave, Mumbai",AC Level 2,0.20,9:00-18:00,14.54,44,Greenlots,50,"CCS, Tesla",2019,Yes,4.4,10,Annually
EVS03299,"7494 Mexico City Ave, Mexico City",DC Fast Charger,0.27,6:00-22:00,12.17,73,ChargePoint,22,"Type 2, Tesla",2014,Yes,3.7,9,Annually
EVS03300,"4034 Dubai Ave, Dubai",DC Fast Charger,0.35,24/7,16.57,11,Greenlots,22,"Type 2, Tesla",2012,No,3.6,1,Quarterly
EVS03301,"1968 Random Rd, City 108, Country",AC Level 1,0.12,24/7,4.93,55,Greenlots,350,"CHAdeMO, Type 2",2022,No,4.1,10,Monthly
EVS03302,"3992 Dubai Ave, Dubai",AC Level 1,0.44,6:00-22:00,10.36,93,EVgo,22,Tesla,2013,Yes,3.5,6,Quarterly
EVS03303,"1437 Chicago Ave, Chicago",DC Fast Charger,0.31,24/7,15.69,94,Greenlots,22,CHAdeMO,2011,Yes,4.1,6,Quarterly
EVS03304,"412 Sydney Ave, Sydney",AC Level 2,0.15,9:00-18:00,6.83,77,Greenlots,150,"CHAdeMO, CCS",2021,No,4.4,4,Quarterly
EVS03305,"4854 Mexico City Ave, Mexico City",AC Level 1,0.30,9:00-18:00,1.86,49,EVgo,22,"Type 2, CHAdeMO",2012,Yes,4.8,9,Annually
EVS03306,"79 San Francisco Ave, San Francisco",AC Level 2,0.31,9:00-18:00,9.46,40,Greenlots,50,CCS,2023,No,3.4,8,Quarterly
EVS03307,"3547 Cape Town Ave, Cape Town",DC Fast Charger,0.24,24/7,4.88,89,Greenlots,50,Type 2,2020,No,3.6,8,Annually
EVS03308,"8835 Cape Town Ave, Cape Town",DC Fast Charger,0.16,6:00-22:00,7.60,30,Tesla,350,"Type 2, CHAdeMO",2012,No,4.9,8,Monthly
EVS03309,"3000 Moscow Ave, Moscow",AC Level 2,0.22,6:00-22:00,7.92,37,Ionity,150,CCS,2013,Yes,4.2,2,Quarterly
EVS03310,"1618 Seoul Ave, Seoul",AC Level 1,0.11,6:00-22:00,15.95,15,EVgo,350,Type 2,2012,No,3.7,3,Monthly
EVS03311,"5389 Random Rd, City 256, Country",AC Level 2,0.37,6:00-22:00,12.17,35,Greenlots,350,"Type 2, Tesla",2023,No,3.9,3,Annually
EVS03312,"1783 Dubai Ave, Dubai",AC Level 1,0.33,9:00-18:00,15.10,50,Ionity,22,"Type 2, CCS",2011,Yes,4.1,6,Annually
EVS03313,"2265 Beijing Ave, Beijing",AC Level 1,0.42,6:00-22:00,8.39,96,Greenlots,350,Tesla,2014,No,3.3,5,Monthly
EVS03314,"7631 Cape Town Ave, Cape Town",AC Level 1,0.37,24/7,14.97,13,Ionity,150,CCS,2012,Yes,4.3,8,Quarterly
EVS03315,"8141 Chicago Ave, Chicago",AC Level 2,0.21,6:00-22:00,3.52,64,Greenlots,50,"CHAdeMO, CCS",2016,Yes,3.0,9,Quarterly
EVS03316,"3151 Sydney Ave, Sydney",AC Level 1,0.40,9:00-18:00,7.45,76,EVgo,50,Tesla,2014,No,3.1,6,Annually
EVS03317,"7641 Seoul Ave, Seoul",DC Fast Charger,0.14,9:00-18:00,5.37,59,Ionity,150,"Type 2, Tesla",2011,Yes,4.2,10,Annually
EVS03318,"6736 Mumbai Ave, Mumbai",AC Level 2,0.38,9:00-18:00,2.71,36,EVgo,22,"CHAdeMO, Type 2",2019,Yes,3.9,5,Annually
EVS03319,"452 São Paulo Ave, São Paulo",AC Level 1,0.34,24/7,1.27,16,Tesla,22,"Type 2, CHAdeMO",2020,Yes,4.1,1,Annually
EVS03320,"7881 Mumbai Ave, Mumbai",AC Level 2,0.31,24/7,2.80,84,Greenlots,350,CHAdeMO,2019,No,3.9,9,Monthly
EVS03321,"4918 Random Rd, City 340, Country",AC Level 1,0.48,9:00-18:00,9.54,29,Ionity,350,"CCS, Type 2",2018,Yes,3.7,4,Monthly
EVS03322,"9037 Mumbai Ave, Mumbai",AC Level 1,0.50,9:00-18:00,18.59,12,EVgo,350,Type 2,2017,Yes,4.8,5,Annually
EVS03323,"8019 Moscow Ave, Moscow",AC Level 1,0.41,9:00-18:00,12.82,43,Tesla,50,"Type 2, Tesla",2019,Yes,4.7,3,Monthly
EVS03324,"1588 Seoul Ave, Seoul",AC Level 2,0.31,9:00-18:00,14.48,41,Ionity,350,CCS,2020,Yes,3.1,2,Annually
EVS03325,"2707 Berlin Ave, Berlin",AC Level 1,0.26,6:00-22:00,5.04,72,ChargePoint,50,"CHAdeMO, Type 2",2019,No,3.9,9,Quarterly
EVS03326,"4316 Beijing Ave, Beijing",DC Fast Charger,0.38,6:00-22:00,17.53,59,Tesla,50,"Type 2, Tesla",2010,No,4.6,5,Annually
EVS03327,"85 Chicago Ave, Chicago",AC Level 1,0.37,24/7,6.11,33,Tesla,150,CHAdeMO,2014,Yes,3.8,1,Annually
EVS03328,"9158 Dubai Ave, Dubai",AC Level 2,0.49,6:00-22:00,10.87,93,Greenlots,22,CHAdeMO,2015,Yes,4.0,5,Monthly
EVS03329,"2332 Sydney Ave, Sydney",AC Level 2,0.44,9:00-18:00,14.20,31,Ionity,350,CCS,2023,Yes,3.5,1,Annually
EVS03330,"1242 Beijing Ave, Beijing",DC Fast Charger,0.47,9:00-18:00,1.33,72,EVgo,150,"CCS, Type 2",2010,Yes,4.1,9,Monthly
EVS03331,"2317 Random Rd, City 441, Country",AC Level 1,0.40,24/7,7.40,76,Tesla,50,Type 2,2012,Yes,4.5,9,Annually
EVS03332,"6007 San Francisco Ave, San Francisco",AC Level 1,0.16,6:00-22:00,7.36,64,Tesla,22,"CCS, CHAdeMO",2015,No,3.2,3,Quarterly
EVS03333,"9382 Moscow Ave, Moscow",AC Level 1,0.28,9:00-18:00,6.71,98,EVgo,350,"CCS, Tesla",2010,Yes,4.9,7,Annually
EVS03334,"7412 Sydney Ave, Sydney",AC Level 2,0.26,24/7,13.47,10,Tesla,150,CCS,2011,No,4.9,8,Quarterly
EVS03335,"3869 Cape Town Ave, Cape Town",DC Fast Charger,0.13,24/7,10.67,71,ChargePoint,22,"CCS, CHAdeMO",2010,No,3.1,5,Annually
EVS03336,"6646 Los Angeles Ave, Los Angeles",AC Level 2,0.49,24/7,12.04,36,EVgo,50,CCS,2018,Yes,4.0,10,Quarterly
EVS03337,"923 Dubai Ave, Dubai",AC Level 2,0.45,9:00-18:00,0.74,80,Greenlots,350,"Type 2, Tesla",2017,No,4.9,1,Monthly
EVS03338,"6414 Bangkok Ave, Bangkok",AC Level 1,0.35,9:00-18:00,16.66,63,Greenlots,50,CHAdeMO,2015,Yes,3.6,6,Monthly
EVS03339,"2423 Mexico City Ave, Mexico City",DC Fast Charger,0.13,9:00-18:00,10.04,66,Tesla,350,"Type 2, CHAdeMO",2023,Yes,4.6,7,Annually
EVS03340,"1260 Toronto Ave, Toronto",AC Level 2,0.31,6:00-22:00,12.63,75,ChargePoint,150,CHAdeMO,2022,Yes,4.8,3,Quarterly
EVS03341,"9662 Random Rd, City 64, Country",DC Fast Charger,0.46,24/7,6.97,49,EVgo,22,"CHAdeMO, CCS",2012,No,3.7,9,Monthly
EVS03342,"1213 Cape Town Ave, Cape Town",DC Fast Charger,0.23,6:00-22:00,7.99,79,Greenlots,50,"Type 2, CCS",2016,Yes,3.9,8,Monthly
EVS03343,"9996 Mumbai Ave, Mumbai",AC Level 1,0.49,6:00-22:00,19.80,11,Ionity,350,Tesla,2020,Yes,3.4,4,Monthly
EVS03344,"2497 Seoul Ave, Seoul",AC Level 2,0.38,9:00-18:00,19.76,42,Greenlots,22,Type 2,2014,No,4.4,9,Monthly
EVS03345,"539 Beijing Ave, Beijing",AC Level 2,0.50,24/7,4.39,75,EVgo,50,CHAdeMO,2017,Yes,4.5,3,Annually
EVS03346,"6464 Seoul Ave, Seoul",AC Level 2,0.30,9:00-18:00,11.02,26,Tesla,350,Type 2,2020,No,4.8,10,Annually
EVS03347,"8406 Moscow Ave, Moscow",DC Fast Charger,0.27,24/7,15.64,12,Tesla,50,Tesla,2011,No,4.9,7,Monthly
EVS03348,"8114 Berlin Ave, Berlin",AC Level 1,0.42,9:00-18:00,4.71,15,EVgo,350,"Tesla, CHAdeMO",2018,No,4.5,8,Annually
EVS03349,"8930 Bangkok Ave, Bangkok",AC Level 2,0.22,9:00-18:00,11.41,20,EVgo,350,"CHAdeMO, Type 2",2012,No,4.7,9,Annually
EVS03350,"1596 Chicago Ave, Chicago",AC Level 1,0.33,9:00-18:00,14.45,61,ChargePoint,150,CCS,2016,No,4.1,7,Annually
EVS03351,"4562 Random Rd, City 99, Country",AC Level 2,0.21,24/7,7.94,79,ChargePoint,50,"CHAdeMO, Type 2",2012,Yes,4.9,6,Monthly
EVS03352,"9004 Seoul Ave, Seoul",AC Level 2,0.48,9:00-18:00,13.26,100,ChargePoint,350,Tesla,2016,No,4.8,1,Monthly
EVS03353,"7235 São Paulo Ave, São Paulo",AC Level 2,0.23,24/7,10.36,94,Greenlots,350,Tesla,2012,Yes,3.6,1,Annually
EVS03354,"3736 Berlin Ave, Berlin",DC Fast Charger,0.28,24/7,7.43,46,ChargePoint,150,"CCS, CHAdeMO",2015,Yes,3.7,6,Annually
EVS03355,"597 Seoul Ave, Seoul",AC Level 2,0.46,24/7,16.27,60,EVgo,350,CCS,2019,Yes,3.4,2,Monthly
EVS03356,"486 San Francisco Ave, San Francisco",AC Level 1,0.49,9:00-18:00,4.18,40,Greenlots,50,CCS,2013,Yes,4.0,7,Monthly
EVS03357,"1259 Cape Town Ave, Cape Town",DC Fast Charger,0.18,24/7,14.88,100,Tesla,150,"Type 2, Tesla",2018,Yes,4.3,1,Quarterly
EVS03358,"8282 Sydney Ave, Sydney",DC Fast Charger,0.49,6:00-22:00,19.47,28,EVgo,150,"CHAdeMO, Tesla",2012,No,4.9,10,Annually
EVS03359,"7460 Dubai Ave, Dubai",AC Level 1,0.14,6:00-22:00,13.28,62,ChargePoint,50,Tesla,2012,Yes,4.4,7,Annually
EVS03360,"6050 Mexico City Ave, Mexico City",AC Level 2,0.23,24/7,9.44,78,Ionity,50,"Tesla, Type 2",2011,No,4.4,8,Annually
EVS03361,"641 Random Rd, City 335, Country",AC Level 1,0.18,9:00-18:00,15.80,55,EVgo,350,"CHAdeMO, Tesla",2015,Yes,4.8,10,Annually
EVS03362,"7656 Beijing Ave, Beijing",DC Fast Charger,0.29,24/7,10.59,87,Greenlots,350,Tesla,2022,No,3.8,7,Monthly
EVS03363,"8627 Beijing Ave, Beijing",AC Level 1,0.32,9:00-18:00,3.64,93,Tesla,350,CCS,2019,No,4.9,2,Quarterly
EVS03364,"8418 Mexico City Ave, Mexico City",AC Level 2,0.30,24/7,14.48,79,EVgo,50,"CHAdeMO, Type 2",2015,Yes,3.8,9,Monthly
EVS03365,"3032 Bangkok Ave, Bangkok",AC Level 1,0.30,6:00-22:00,7.35,10,Tesla,22,"Tesla, CHAdeMO",2023,Yes,4.3,4,Monthly
EVS03366,"4126 Sydney Ave, Sydney",AC Level 1,0.25,9:00-18:00,3.24,80,EVgo,50,CCS,2014,No,3.5,3,Monthly
EVS03367,"2142 Beijing Ave, Beijing",DC Fast Charger,0.12,9:00-18:00,3.14,92,Ionity,350,"Tesla, Type 2",2017,Yes,4.9,1,Quarterly
EVS03368,"7655 Bangkok Ave, Bangkok",DC Fast Charger,0.39,24/7,12.52,10,EVgo,150,CHAdeMO,2017,No,3.4,3,Monthly
EVS03369,"3773 Beijing Ave, Beijing",DC Fast Charger,0.43,9:00-18:00,15.83,31,Ionity,22,"Type 2, Tesla",2013,Yes,3.2,10,Monthly
EVS03370,"403 Bangkok Ave, Bangkok",AC Level 1,0.34,6:00-22:00,8.30,91,Greenlots,150,CHAdeMO,2019,No,3.0,1,Quarterly
EVS03371,"33 Random Rd, City 9, Country",AC Level 1,0.21,9:00-18:00,19.32,65,Tesla,50,"CHAdeMO, Tesla",2018,No,3.6,6,Monthly
EVS03372,"9564 Los Angeles Ave, Los Angeles",DC Fast Charger,0.27,9:00-18:00,17.63,95,Greenlots,22,"Type 2, CHAdeMO",2016,Yes,3.8,8,Monthly
EVS03373,"9453 Sydney Ave, Sydney",AC Level 1,0.11,9:00-18:00,18.06,84,ChargePoint,50,CHAdeMO,2016,Yes,3.7,3,Annually
EVS03374,"4162 Mumbai Ave, Mumbai",AC Level 1,0.47,6:00-22:00,18.73,45,Greenlots,50,CHAdeMO,2020,Yes,4.1,8,Monthly
EVS03375,"2172 Moscow Ave, Moscow",AC Level 2,0.47,6:00-22:00,8.03,40,Greenlots,22,"CCS, Tesla",2023,Yes,4.0,1,Annually
EVS03376,"1613 São Paulo Ave, São Paulo",DC Fast Charger,0.27,6:00-22:00,10.57,38,ChargePoint,50,CCS,2019,Yes,3.4,5,Quarterly
EVS03377,"1911 Beijing Ave, Beijing",AC Level 2,0.11,24/7,15.87,34,ChargePoint,22,"CCS, Tesla",2022,No,5.0,8,Monthly
EVS03378,"6665 Berlin Ave, Berlin",AC Level 2,0.22,24/7,1.75,45,ChargePoint,150,Tesla,2023,No,3.1,4,Annually
EVS03379,"6656 Moscow Ave, Moscow",AC Level 1,0.41,24/7,11.18,17,Ionity,50,"Type 2, Tesla",2023,Yes,4.7,4,Annually
EVS03380,"9429 Seoul Ave, Seoul",DC Fast Charger,0.32,9:00-18:00,14.42,21,Tesla,150,"CCS, Tesla",2020,Yes,3.3,7,Monthly
EVS03381,"6911 Random Rd, City 239, Country",AC Level 2,0.37,9:00-18:00,15.98,95,Ionity,150,Type 2,2011,Yes,3.6,3,Annually
EVS03382,"2619 Mexico City Ave, Mexico City",AC Level 2,0.18,9:00-18:00,1.86,97,Greenlots,22,Type 2,2021,Yes,3.2,6,Monthly
EVS03383,"6473 Seoul Ave, Seoul",DC Fast Charger,0.49,9:00-18:00,13.66,34,Greenlots,22,"CHAdeMO, Tesla",2013,Yes,4.1,3,Quarterly
EVS03384,"2615 Dubai Ave, Dubai",DC Fast Charger,0.11,9:00-18:00,19.33,20,Ionity,150,CHAdeMO,2022,No,4.8,10,Quarterly
EVS03385,"4513 Seoul Ave, Seoul",AC Level 1,0.38,9:00-18:00,7.59,32,ChargePoint,350,"Tesla, Type 2",2021,No,3.6,5,Annually
EVS03386,"8530 Seoul Ave, Seoul",DC Fast Charger,0.20,9:00-18:00,4.71,92,ChargePoint,50,"CHAdeMO, Tesla",2011,Yes,4.5,5,Quarterly
EVS03387,"7545 San Francisco Ave, San Francisco",AC Level 2,0.28,24/7,9.39,48,ChargePoint,150,"CCS, Tesla",2015,No,3.9,7,Annually
EVS03388,"2678 São Paulo Ave, São Paulo",AC Level 2,0.30,24/7,9.34,96,EVgo,350,"Type 2, CCS",2012,No,3.7,10,Monthly
EVS03389,"7664 Moscow Ave, Moscow",AC Level 1,0.48,24/7,16.91,88,Tesla,350,Type 2,2018,Yes,3.8,2,Quarterly
EVS03390,"2900 Dubai Ave, Dubai",AC Level 1,0.39,24/7,17.90,58,EVgo,50,"Tesla, CCS",2022,Yes,3.0,2,Quarterly
EVS03391,"9943 Random Rd, City 489, Country",DC Fast Charger,0.35,24/7,5.72,61,ChargePoint,50,"CHAdeMO, Type 2",2014,Yes,3.1,2,Quarterly
EVS03392,"6719 Mexico City Ave, Mexico City",AC Level 1,0.16,24/7,17.52,80,Greenlots,350,Tesla,2017,No,3.0,5,Quarterly
EVS03393,"7953 Sydney Ave, Sydney",AC Level 1,0.29,9:00-18:00,13.59,84,Ionity,350,"CHAdeMO, Type 2",2012,Yes,4.1,6,Monthly
EVS03394,"7885 Beijing Ave, Beijing",AC Level 2,0.13,6:00-22:00,5.42,49,Greenlots,22,"Tesla, Type 2",2015,Yes,3.1,3,Monthly
EVS03395,"5567 Bangkok Ave, Bangkok",AC Level 1,0.13,9:00-18:00,18.49,18,EVgo,22,Tesla,2014,Yes,3.8,10,Monthly
EVS03396,"6620 San Francisco Ave, San Francisco",AC Level 1,0.33,24/7,4.62,32,ChargePoint,350,"CHAdeMO, Tesla",2015,No,4.9,6,Annually
EVS03397,"3597 Dubai Ave, Dubai",AC Level 2,0.19,24/7,16.89,14,Ionity,22,CHAdeMO,2014,No,3.2,2,Quarterly
EVS03398,"7790 Mexico City Ave, Mexico City",AC Level 2,0.33,6:00-22:00,10.45,12,EVgo,350,CHAdeMO,2020,Yes,3.7,8,Monthly
EVS03399,"8347 Dubai Ave, Dubai",AC Level 1,0.38,9:00-18:00,12.04,58,EVgo,350,CHAdeMO,2015,Yes,3.4,4,Monthly
EVS03400,"1148 Moscow Ave, Moscow",AC Level 2,0.41,9:00-18:00,0.84,31,Greenlots,50,Tesla,2015,No,4.2,7,Monthly
EVS03401,"7565 Random Rd, City 498, Country",DC Fast Charger,0.38,24/7,12.41,16,Greenlots,350,"CHAdeMO, CCS",2023,No,3.0,5,Monthly
EVS03402,"7082 Berlin Ave, Berlin",AC Level 2,0.48,9:00-18:00,14.04,63,Tesla,22,"Tesla, Type 2",2022,Yes,4.2,6,Quarterly
EVS03403,"2254 Cape Town Ave, Cape Town",AC Level 2,0.36,24/7,1.38,87,EVgo,150,"CHAdeMO, CCS",2016,Yes,4.9,10,Quarterly
EVS03404,"8353 Mumbai Ave, Mumbai",AC Level 1,0.24,9:00-18:00,3.00,29,Greenlots,150,CCS,2017,No,4.9,5,Annually
EVS03405,"1532 Dubai Ave, Dubai",DC Fast Charger,0.38,24/7,4.86,22,Greenlots,150,"CHAdeMO, Tesla",2016,No,4.5,2,Monthly
EVS03406,"2848 Moscow Ave, Moscow",AC Level 2,0.46,6:00-22:00,12.04,19,Ionity,50,CHAdeMO,2010,No,3.2,10,Annually
EVS03407,"297 Bangkok Ave, Bangkok",AC Level 2,0.37,9:00-18:00,9.74,48,ChargePoint,150,CHAdeMO,2018,Yes,3.0,5,Monthly
EVS03408,"7026 Mexico City Ave, Mexico City",AC Level 1,0.19,24/7,1.74,28,Greenlots,22,CCS,2018,Yes,3.8,6,Quarterly
EVS03409,"261 Cape Town Ave, Cape Town",DC Fast Charger,0.29,24/7,1.09,87,Greenlots,22,Tesla,2011,Yes,4.2,10,Annually
EVS03410,"8479 Mumbai Ave, Mumbai",AC Level 1,0.10,6:00-22:00,5.54,67,ChargePoint,350,"Type 2, Tesla",2012,Yes,4.2,9,Quarterly
EVS03411,"6488 Random Rd, City 395, Country",AC Level 1,0.21,24/7,10.47,10,Tesla,350,CHAdeMO,2020,Yes,4.4,8,Quarterly
EVS03412,"4840 São Paulo Ave, São Paulo",DC Fast Charger,0.25,24/7,14.33,36,Tesla,50,Type 2,2021,No,3.6,4,Quarterly
EVS03413,"3450 Berlin Ave, Berlin",DC Fast Charger,0.15,6:00-22:00,10.56,87,EVgo,150,"Tesla, Type 2",2013,Yes,3.6,5,Quarterly
EVS03414,"7642 Cape Town Ave, Cape Town",AC Level 2,0.16,6:00-22:00,8.29,23,ChargePoint,50,"Type 2, CHAdeMO",2021,Yes,4.9,6,Annually
EVS03415,"5486 Seoul Ave, Seoul",AC Level 1,0.47,24/7,9.90,42,Greenlots,50,CCS,2013,No,3.5,9,Annually
EVS03416,"931 Mumbai Ave, Mumbai",DC Fast Charger,0.18,9:00-18:00,7.81,88,Greenlots,50,Tesla,2010,Yes,3.5,1,Annually
EVS03417,"7586 Bangkok Ave, Bangkok",AC Level 2,0.24,6:00-22:00,19.59,59,Tesla,50,Type 2,2018,Yes,4.9,2,Annually
EVS03418,"1412 Moscow Ave, Moscow",DC Fast Charger,0.41,24/7,2.23,10,Ionity,50,Type 2,2013,No,4.2,10,Monthly
EVS03419,"922 Los Angeles Ave, Los Angeles",AC Level 1,0.34,6:00-22:00,16.44,68,Greenlots,150,"Tesla, CHAdeMO",2017,Yes,3.3,2,Quarterly
EVS03420,"6622 Mexico City Ave, Mexico City",DC Fast Charger,0.49,9:00-18:00,8.96,28,Greenlots,350,"Type 2, CHAdeMO",2017,No,3.4,10,Monthly
EVS03421,"2255 Random Rd, City 366, Country",AC Level 2,0.49,6:00-22:00,0.89,28,ChargePoint,150,"Type 2, CCS",2014,Yes,4.9,3,Quarterly
EVS03422,"3322 Los Angeles Ave, Los Angeles",AC Level 2,0.44,9:00-18:00,9.46,25,Tesla,350,Tesla,2017,No,3.4,2,Quarterly
EVS03423,"4746 Toronto Ave, Toronto",DC Fast Charger,0.23,24/7,1.87,44,EVgo,350,"CHAdeMO, Tesla",2019,Yes,4.5,3,Monthly
EVS03424,"1576 Toronto Ave, Toronto",AC Level 2,0.39,24/7,13.28,68,EVgo,50,Type 2,2020,Yes,4.6,6,Annually
EVS03425,"8476 Bangkok Ave, Bangkok",AC Level 2,0.13,24/7,16.91,38,Greenlots,350,CHAdeMO,2020,No,3.6,3,Monthly
EVS03426,"5741 Moscow Ave, Moscow",AC Level 2,0.39,6:00-22:00,17.56,30,Ionity,50,Type 2,2012,Yes,3.6,7,Monthly
EVS03427,"435 Cape Town Ave, Cape Town",AC Level 1,0.47,24/7,15.59,14,Tesla,22,"Type 2, CHAdeMO",2014,No,4.4,4,Monthly
EVS03428,"3961 São Paulo Ave, São Paulo",AC Level 2,0.22,24/7,11.81,29,Tesla,150,"Type 2, CHAdeMO",2022,No,4.0,4,Quarterly
EVS03429,"7724 Sydney Ave, Sydney",DC Fast Charger,0.23,24/7,6.61,11,ChargePoint,350,"Type 2, Tesla",2018,Yes,4.0,2,Quarterly
EVS03430,"9884 São Paulo Ave, São Paulo",AC Level 1,0.24,9:00-18:00,6.00,67,Greenlots,50,Tesla,2014,Yes,4.3,2,Quarterly
EVS03431,"7615 Random Rd, City 275, Country",AC Level 1,0.18,6:00-22:00,16.12,100,EVgo,50,Type 2,2019,No,3.3,2,Annually
EVS03432,"3409 Beijing Ave, Beijing",AC Level 1,0.34,6:00-22:00,1.33,92,Tesla,22,Tesla,2022,No,3.2,7,Annually
EVS03433,"6747 Mexico City Ave, Mexico City",AC Level 1,0.39,9:00-18:00,6.78,37,Greenlots,50,CCS,2022,Yes,4.4,3,Monthly
EVS03434,"2749 Sydney Ave, Sydney",AC Level 2,0.15,9:00-18:00,18.10,96,Greenlots,350,"CHAdeMO, Tesla",2013,No,3.8,3,Annually
EVS03435,"1283 Beijing Ave, Beijing",AC Level 1,0.13,6:00-22:00,15.54,14,ChargePoint,22,"CCS, Type 2",2019,Yes,4.1,7,Monthly
EVS03436,"8493 Los Angeles Ave, Los Angeles",AC Level 2,0.42,9:00-18:00,10.47,100,Ionity,150,CCS,2013,No,4.8,5,Annually
EVS03437,"5592 São Paulo Ave, São Paulo",DC Fast Charger,0.46,24/7,3.07,19,ChargePoint,150,CCS,2016,No,3.9,7,Quarterly
EVS03438,"4155 Mexico City Ave, Mexico City",DC Fast Charger,0.21,6:00-22:00,6.68,80,Ionity,50,CHAdeMO,2011,Yes,3.1,6,Quarterly
EVS03439,"740 Toronto Ave, Toronto",AC Level 1,0.50,6:00-22:00,0.57,55,Tesla,350,"CHAdeMO, Type 2",2011,Yes,3.8,5,Quarterly
EVS03440,"3353 Cape Town Ave, Cape Town",AC Level 2,0.14,6:00-22:00,5.93,11,ChargePoint,50,"CCS, Type 2",2012,No,3.6,7,Quarterly
EVS03441,"9283 Random Rd, City 459, Country",AC Level 2,0.32,9:00-18:00,11.18,81,Ionity,150,Tesla,2020,No,3.1,6,Annually
EVS03442,"4631 Seoul Ave, Seoul",AC Level 2,0.27,6:00-22:00,19.15,98,EVgo,50,CHAdeMO,2016,Yes,3.0,9,Monthly
EVS03443,"3157 Toronto Ave, Toronto",DC Fast Charger,0.41,6:00-22:00,3.21,18,ChargePoint,22,"Type 2, CCS",2016,No,4.1,9,Annually
EVS03444,"9017 Los Angeles Ave, Los Angeles",AC Level 2,0.13,6:00-22:00,7.55,25,Tesla,50,"Type 2, Tesla",2017,Yes,4.4,9,Monthly
EVS03445,"9285 Bangkok Ave, Bangkok",AC Level 1,0.26,9:00-18:00,18.90,58,Tesla,50,"CCS, CHAdeMO",2018,Yes,4.7,9,Quarterly
EVS03446,"7483 Chicago Ave, Chicago",AC Level 1,0.45,24/7,2.31,39,EVgo,50,"Type 2, CCS",2020,Yes,3.4,5,Annually
EVS03447,"7190 Berlin Ave, Berlin",AC Level 1,0.48,9:00-18:00,14.65,76,Tesla,150,"Tesla, CHAdeMO",2020,No,4.6,2,Monthly
EVS03448,"3705 Bangkok Ave, Bangkok",AC Level 2,0.26,24/7,10.81,76,Tesla,22,CHAdeMO,2022,No,4.7,7,Monthly
EVS03449,"4166 Beijing Ave, Beijing",AC Level 2,0.28,24/7,6.29,34,Greenlots,50,"CHAdeMO, Tesla",2014,No,3.9,9,Monthly
EVS03450,"4564 Moscow Ave, Moscow",DC Fast Charger,0.32,6:00-22:00,2.78,94,Tesla,22,"CCS, Type 2",2021,No,4.4,1,Annually
EVS03451,"2333 Random Rd, City 173, Country",AC Level 1,0.19,9:00-18:00,1.12,80,ChargePoint,350,CHAdeMO,2020,No,3.6,5,Monthly
EVS03452,"3715 Berlin Ave, Berlin",DC Fast Charger,0.16,6:00-22:00,13.04,65,Ionity,350,"CCS, Tesla",2022,No,4.8,5,Quarterly
EVS03453,"761 Los Angeles Ave, Los Angeles",DC Fast Charger,0.25,24/7,18.42,97,Ionity,22,"CHAdeMO, CCS",2010,Yes,4.1,3,Monthly
EVS03454,"1610 Seoul Ave, Seoul",AC Level 1,0.49,6:00-22:00,9.52,85,Greenlots,150,Type 2,2012,Yes,4.6,7,Annually
EVS03455,"4125 Mexico City Ave, Mexico City",DC Fast Charger,0.28,9:00-18:00,19.59,10,Greenlots,150,"CHAdeMO, Tesla",2018,No,3.7,8,Quarterly
EVS03456,"684 Chicago Ave, Chicago",DC Fast Charger,0.40,6:00-22:00,2.77,65,EVgo,50,"Tesla, CCS",2021,Yes,4.8,9,Annually
EVS03457,"8054 Chicago Ave, Chicago",DC Fast Charger,0.39,9:00-18:00,14.91,71,Tesla,350,Tesla,2014,Yes,3.9,7,Quarterly
EVS03458,"3576 Mexico City Ave, Mexico City",AC Level 2,0.12,9:00-18:00,8.98,13,Tesla,50,"CCS, Type 2",2019,No,4.2,6,Monthly
EVS03459,"1095 Sydney Ave, Sydney",AC Level 2,0.19,6:00-22:00,15.77,47,Greenlots,150,Tesla,2021,Yes,3.3,3,Quarterly
EVS03460,"3701 Mumbai Ave, Mumbai",AC Level 1,0.16,9:00-18:00,5.81,23,Tesla,22,"Tesla, CCS",2021,Yes,4.6,2,Monthly
EVS03461,"4691 Random Rd, City 146, Country",AC Level 2,0.24,24/7,12.54,29,Tesla,350,CCS,2012,No,5.0,2,Annually
EVS03462,"2376 São Paulo Ave, São Paulo",DC Fast Charger,0.50,9:00-18:00,18.73,73,EVgo,350,"CHAdeMO, Tesla",2014,Yes,4.3,7,Quarterly
EVS03463,"9793 Sydney Ave, Sydney",DC Fast Charger,0.43,24/7,13.75,10,Ionity,350,CHAdeMO,2015,Yes,5.0,3,Quarterly
EVS03464,"9172 Seoul Ave, Seoul",DC Fast Charger,0.47,24/7,10.61,47,Tesla,22,"CCS, Type 2",2023,Yes,4.7,8,Monthly
EVS03465,"1490 Los Angeles Ave, Los Angeles",DC Fast Charger,0.26,6:00-22:00,5.77,11,Tesla,150,"Tesla, CCS",2013,Yes,3.8,1,Monthly
EVS03466,"3410 San Francisco Ave, San Francisco",DC Fast Charger,0.44,6:00-22:00,8.02,53,Greenlots,50,"Tesla, Type 2",2022,No,4.2,4,Monthly
EVS03467,"7123 Seoul Ave, Seoul",DC Fast Charger,0.26,6:00-22:00,18.99,82,Tesla,150,"Type 2, CHAdeMO",2013,Yes,4.7,4,Quarterly
EVS03468,"3861 Seoul Ave, Seoul",DC Fast Charger,0.28,9:00-18:00,14.02,44,ChargePoint,350,CHAdeMO,2011,Yes,3.8,2,Quarterly
EVS03469,"7459 Bangkok Ave, Bangkok",AC Level 2,0.30,24/7,17.36,95,Greenlots,350,CHAdeMO,2016,No,3.9,10,Annually
EVS03470,"9045 Dubai Ave, Dubai",DC Fast Charger,0.23,24/7,9.00,100,EVgo,50,"CHAdeMO, CCS",2017,Yes,5.0,9,Monthly
EVS03471,"7659 Random Rd, City 428, Country",DC Fast Charger,0.30,9:00-18:00,6.18,75,ChargePoint,350,"Type 2, CCS",2012,Yes,3.5,4,Quarterly
EVS03472,"9063 Beijing Ave, Beijing",DC Fast Charger,0.16,9:00-18:00,15.99,68,Tesla,22,"Tesla, CCS",2011,Yes,4.8,1,Monthly
EVS03473,"8461 San Francisco Ave, San Francisco",AC Level 1,0.42,6:00-22:00,17.90,78,ChargePoint,150,CHAdeMO,2020,No,3.5,3,Annually
EVS03474,"2342 Mumbai Ave, Mumbai",DC Fast Charger,0.10,24/7,12.24,92,Greenlots,150,"CHAdeMO, Type 2",2014,No,4.4,6,Monthly
EVS03475,"5449 San Francisco Ave, San Francisco",AC Level 1,0.11,24/7,11.67,94,ChargePoint,350,CHAdeMO,2015,No,3.6,2,Annually
EVS03476,"2658 São Paulo Ave, São Paulo",AC Level 1,0.45,6:00-22:00,11.00,51,Tesla,22,Type 2,2022,No,3.5,9,Annually
EVS03477,"1033 San Francisco Ave, San Francisco",AC Level 1,0.25,6:00-22:00,18.31,78,Greenlots,350,"Type 2, CCS",2021,Yes,4.2,10,Quarterly
EVS03478,"7190 Bangkok Ave, Bangkok",DC Fast Charger,0.27,9:00-18:00,0.68,75,EVgo,22,"Tesla, CHAdeMO",2012,Yes,3.6,9,Annually
EVS03479,"9416 São Paulo Ave, São Paulo",AC Level 1,0.45,6:00-22:00,1.63,52,Ionity,50,"Type 2, CCS",2013,No,3.8,8,Annually
EVS03480,"6937 Dubai Ave, Dubai",DC Fast Charger,0.45,9:00-18:00,8.10,28,Ionity,22,Tesla,2010,No,4.3,7,Quarterly
EVS03481,"773 Random Rd, City 27, Country",DC Fast Charger,0.44,6:00-22:00,9.74,53,EVgo,150,"Type 2, CHAdeMO",2018,Yes,4.3,6,Annually
EVS03482,"8918 Los Angeles Ave, Los Angeles",DC Fast Charger,0.34,6:00-22:00,15.71,93,EVgo,22,Tesla,2016,No,4.2,4,Quarterly
EVS03483,"5094 São Paulo Ave, São Paulo",AC Level 1,0.25,24/7,3.91,30,Ionity,350,"Tesla, CHAdeMO",2012,Yes,3.6,5,Annually
EVS03484,"7591 Toronto Ave, Toronto",DC Fast Charger,0.11,9:00-18:00,4.15,11,ChargePoint,350,"CCS, Type 2",2014,Yes,4.7,1,Monthly
EVS03485,"4579 Chicago Ave, Chicago",DC Fast Charger,0.26,6:00-22:00,19.06,48,Tesla,50,"CHAdeMO, Type 2",2021,No,3.3,8,Monthly
EVS03486,"1964 Cape Town Ave, Cape Town",DC Fast Charger,0.34,6:00-22:00,1.47,25,EVgo,150,Tesla,2017,Yes,3.1,10,Monthly
EVS03487,"5748 Berlin Ave, Berlin",DC Fast Charger,0.24,24/7,10.05,19,Tesla,22,"Type 2, CCS",2010,No,3.9,4,Monthly
EVS03488,"4078 Bangkok Ave, Bangkok",AC Level 1,0.24,6:00-22:00,3.66,77,EVgo,150,"Type 2, CCS",2020,No,3.1,1,Monthly
EVS03489,"4667 Cape Town Ave, Cape Town",AC Level 2,0.38,6:00-22:00,0.99,18,Tesla,22,Tesla,2020,Yes,4.7,5,Quarterly
EVS03490,"4639 Berlin Ave, Berlin",DC Fast Charger,0.16,24/7,16.90,39,Ionity,150,CHAdeMO,2020,Yes,3.3,4,Annually
EVS03491,"7355 Random Rd, City 213, Country",AC Level 1,0.29,24/7,13.63,89,Ionity,350,"Type 2, Tesla",2021,Yes,3.5,10,Quarterly
EVS03492,"5366 Toronto Ave, Toronto",AC Level 2,0.20,9:00-18:00,19.39,27,Ionity,150,"CHAdeMO, CCS",2020,No,3.2,4,Monthly
EVS03493,"3220 Los Angeles Ave, Los Angeles",AC Level 1,0.36,24/7,19.87,55,Ionity,350,"Tesla, Type 2",2019,No,4.9,4,Monthly
EVS03494,"1156 Sydney Ave, Sydney",AC Level 2,0.33,9:00-18:00,11.11,14,ChargePoint,22,"CHAdeMO, CCS",2021,Yes,4.8,1,Quarterly
EVS03495,"1584 Mexico City Ave, Mexico City",AC Level 1,0.48,9:00-18:00,9.72,88,EVgo,350,CHAdeMO,2011,Yes,3.3,10,Monthly
EVS03496,"2190 Bangkok Ave, Bangkok",AC Level 1,0.23,6:00-22:00,16.92,30,Greenlots,22,CCS,2016,Yes,4.5,6,Quarterly
EVS03497,"7957 Moscow Ave, Moscow",AC Level 1,0.41,9:00-18:00,16.55,65,ChargePoint,350,Tesla,2013,No,4.6,2,Annually
EVS03498,"9252 Beijing Ave, Beijing",AC Level 2,0.37,6:00-22:00,11.79,24,Ionity,50,"Tesla, CCS",2017,Yes,3.7,2,Annually
EVS03499,"2932 Chicago Ave, Chicago",AC Level 2,0.22,24/7,15.07,91,Greenlots,22,"Type 2, Tesla",2012,No,4.5,2,Monthly
EVS03500,"739 Los Angeles Ave, Los Angeles",AC Level 2,0.38,24/7,16.38,70,Ionity,22,"CCS, Tesla",2017,Yes,4.6,4,Annually
EVS03501,"2088 Random Rd, City 348, Country",AC Level 2,0.33,6:00-22:00,8.34,21,EVgo,50,CHAdeMO,2015,Yes,3.7,7,Quarterly
EVS03502,"8254 Bangkok Ave, Bangkok",DC Fast Charger,0.18,9:00-18:00,5.21,87,EVgo,50,CCS,2022,Yes,3.4,7,Quarterly
EVS03503,"4384 Dubai Ave, Dubai",DC Fast Charger,0.27,6:00-22:00,5.00,36,Ionity,50,"CCS, CHAdeMO",2014,No,3.5,9,Quarterly
EVS03504,"3829 Cape Town Ave, Cape Town",AC Level 1,0.39,24/7,0.93,78,Greenlots,350,CHAdeMO,2018,No,4.9,6,Quarterly
EVS03505,"4318 Mumbai Ave, Mumbai",AC Level 1,0.10,24/7,9.26,30,Ionity,350,Tesla,2020,No,4.3,7,Annually
EVS03506,"9524 Beijing Ave, Beijing",AC Level 1,0.43,9:00-18:00,5.01,53,Ionity,150,"CCS, CHAdeMO",2010,Yes,4.1,8,Quarterly
EVS03507,"6422 Moscow Ave, Moscow",DC Fast Charger,0.29,6:00-22:00,6.22,86,ChargePoint,350,Tesla,2019,Yes,4.4,6,Annually
EVS03508,"6693 Toronto Ave, Toronto",AC Level 2,0.25,9:00-18:00,6.34,89,Ionity,350,"CCS, Type 2",2015,Yes,4.0,2,Monthly
EVS03509,"8445 Moscow Ave, Moscow",AC Level 2,0.22,9:00-18:00,15.16,47,Ionity,22,"CHAdeMO, Tesla",2019,Yes,4.4,9,Annually
EVS03510,"3383 Mexico City Ave, Mexico City",AC Level 1,0.29,9:00-18:00,6.92,76,Ionity,50,"Tesla, Type 2",2020,No,4.0,2,Annually
EVS03511,"9433 Random Rd, City 277, Country",AC Level 1,0.38,6:00-22:00,4.41,50,ChargePoint,50,"Type 2, CHAdeMO",2018,Yes,3.1,3,Monthly
EVS03512,"8340 Dubai Ave, Dubai",AC Level 2,0.41,9:00-18:00,6.21,78,Ionity,350,"Type 2, Tesla",2016,Yes,3.7,2,Quarterly
EVS03513,"3606 Moscow Ave, Moscow",DC Fast Charger,0.37,9:00-18:00,14.70,48,ChargePoint,150,"CHAdeMO, Type 2",2020,Yes,4.7,9,Monthly
EVS03514,"3355 Sydney Ave, Sydney",AC Level 2,0.43,9:00-18:00,14.65,34,Tesla,22,"Type 2, Tesla",2019,No,4.2,6,Quarterly
EVS03515,"9674 Mumbai Ave, Mumbai",DC Fast Charger,0.13,6:00-22:00,9.81,96,Tesla,150,"CHAdeMO, Tesla",2010,No,3.5,5,Monthly
EVS03516,"2871 Bangkok Ave, Bangkok",AC Level 2,0.29,24/7,10.74,78,Ionity,150,"CCS, CHAdeMO",2016,Yes,4.6,8,Monthly
EVS03517,"4561 Bangkok Ave, Bangkok",DC Fast Charger,0.27,24/7,15.88,21,EVgo,150,Type 2,2019,No,3.4,3,Monthly
EVS03518,"1670 Moscow Ave, Moscow",AC Level 1,0.11,24/7,9.49,82,ChargePoint,350,"Type 2, CCS",2020,Yes,4.0,6,Annually
EVS03519,"8871 Mumbai Ave, Mumbai",AC Level 1,0.15,9:00-18:00,12.43,69,Tesla,22,Type 2,2015,No,3.0,9,Monthly
EVS03520,"277 Chicago Ave, Chicago",AC Level 1,0.43,6:00-22:00,14.07,26,Tesla,350,Tesla,2017,Yes,3.2,8,Annually
EVS03521,"5306 Random Rd, City 65, Country",AC Level 2,0.48,24/7,14.91,28,Ionity,22,Type 2,2018,No,3.6,2,Annually
EVS03522,"8092 Chicago Ave, Chicago",AC Level 2,0.10,24/7,4.88,26,Greenlots,350,"CCS, CHAdeMO",2020,No,4.8,3,Quarterly
EVS03523,"3336 Mexico City Ave, Mexico City",DC Fast Charger,0.50,6:00-22:00,6.23,77,Tesla,350,"Type 2, Tesla",2018,No,4.8,3,Annually
EVS03524,"5979 Mumbai Ave, Mumbai",DC Fast Charger,0.29,9:00-18:00,7.00,50,EVgo,22,Tesla,2022,No,3.7,9,Quarterly
EVS03525,"9288 Moscow Ave, Moscow",AC Level 1,0.45,9:00-18:00,13.39,90,EVgo,150,"Type 2, Tesla",2014,Yes,3.2,5,Annually
EVS03526,"1099 Beijing Ave, Beijing",DC Fast Charger,0.42,9:00-18:00,16.69,48,Ionity,150,"Type 2, Tesla",2012,No,4.4,6,Quarterly
EVS03527,"1174 Sydney Ave, Sydney",DC Fast Charger,0.45,6:00-22:00,14.26,72,Ionity,22,Tesla,2014,No,4.7,2,Quarterly
EVS03528,"8239 Mexico City Ave, Mexico City",AC Level 1,0.43,24/7,9.27,42,Ionity,22,"CCS, Tesla",2015,No,4.9,7,Annually
EVS03529,"6975 Los Angeles Ave, Los Angeles",AC Level 1,0.41,9:00-18:00,14.13,54,Tesla,50,"CCS, CHAdeMO",2019,Yes,4.6,7,Monthly
EVS03530,"3352 Moscow Ave, Moscow",AC Level 1,0.18,6:00-22:00,7.30,81,Ionity,150,Type 2,2010,Yes,4.9,4,Quarterly
EVS03531,"5851 Random Rd, City 458, Country",DC Fast Charger,0.48,6:00-22:00,2.32,16,Tesla,150,CHAdeMO,2023,Yes,4.7,7,Quarterly
EVS03532,"5081 São Paulo Ave, São Paulo",AC Level 1,0.27,24/7,17.51,63,Ionity,350,CCS,2019,No,3.7,5,Quarterly
EVS03533,"4408 Chicago Ave, Chicago",AC Level 1,0.25,9:00-18:00,11.94,86,Greenlots,22,Tesla,2012,Yes,3.3,3,Annually
EVS03534,"3820 Moscow Ave, Moscow",AC Level 1,0.41,9:00-18:00,2.99,75,Tesla,50,"Type 2, CHAdeMO",2023,No,4.8,5,Quarterly
EVS03535,"726 San Francisco Ave, San Francisco",AC Level 2,0.21,24/7,14.09,89,Tesla,150,"Tesla, CCS",2020,No,3.8,2,Annually
EVS03536,"5424 Sydney Ave, Sydney",AC Level 1,0.49,6:00-22:00,6.14,65,Greenlots,50,Type 2,2011,Yes,3.4,5,Annually
EVS03537,"2090 Chicago Ave, Chicago",AC Level 1,0.38,24/7,16.24,60,Greenlots,50,CCS,2018,Yes,4.0,1,Quarterly
EVS03538,"995 Dubai Ave, Dubai",AC Level 1,0.16,6:00-22:00,16.17,59,Ionity,50,"Type 2, CCS",2022,No,3.1,1,Quarterly
EVS03539,"9649 São Paulo Ave, São Paulo",AC Level 2,0.31,9:00-18:00,16.86,12,Tesla,350,CCS,2016,No,3.0,4,Quarterly
EVS03540,"8821 Toronto Ave, Toronto",AC Level 1,0.33,9:00-18:00,14.51,63,Ionity,350,"CHAdeMO, CCS",2011,Yes,4.2,6,Monthly
EVS03541,"8191 Random Rd, City 324, Country",AC Level 1,0.20,24/7,18.40,44,ChargePoint,50,Type 2,2022,Yes,4.8,5,Quarterly
EVS03542,"6978 San Francisco Ave, San Francisco",AC Level 1,0.45,9:00-18:00,1.79,52,EVgo,350,Type 2,2013,No,4.8,5,Quarterly
EVS03543,"1830 Dubai Ave, Dubai",AC Level 2,0.43,9:00-18:00,12.31,67,Ionity,350,Tesla,2013,Yes,3.9,9,Monthly
EVS03544,"9687 Cape Town Ave, Cape Town",AC Level 1,0.42,6:00-22:00,5.02,24,Ionity,50,"CHAdeMO, Tesla",2014,No,3.3,10,Monthly
EVS03545,"4779 Chicago Ave, Chicago",AC Level 2,0.27,9:00-18:00,13.03,55,Ionity,350,"CHAdeMO, Tesla",2021,Yes,3.1,10,Annually
EVS03546,"4618 Cape Town Ave, Cape Town",AC Level 1,0.20,6:00-22:00,13.19,23,ChargePoint,350,Tesla,2018,Yes,3.3,1,Annually
EVS03547,"2188 Moscow Ave, Moscow",AC Level 1,0.34,24/7,7.55,84,ChargePoint,50,CCS,2022,No,5.0,2,Monthly
EVS03548,"3581 Berlin Ave, Berlin",AC Level 1,0.41,9:00-18:00,8.49,54,Ionity,22,CCS,2014,No,4.7,3,Annually
EVS03549,"2405 Beijing Ave, Beijing",AC Level 1,0.47,6:00-22:00,7.84,14,Tesla,350,Type 2,2018,Yes,4.2,5,Annually
EVS03550,"2462 Toronto Ave, Toronto",AC Level 1,0.49,9:00-18:00,16.64,55,Ionity,50,CHAdeMO,2016,No,3.0,6,Annually
EVS03551,"7989 Random Rd, City 182, Country",DC Fast Charger,0.42,24/7,11.29,84,Greenlots,22,Type 2,2018,Yes,3.3,9,Quarterly
EVS03552,"9637 Chicago Ave, Chicago",AC Level 1,0.46,9:00-18:00,19.56,61,EVgo,350,CHAdeMO,2018,Yes,4.8,3,Annually
EVS03553,"6925 Toronto Ave, Toronto",AC Level 2,0.39,9:00-18:00,1.82,39,EVgo,350,CHAdeMO,2015,No,3.9,10,Annually
EVS03554,"6165 Chicago Ave, Chicago",AC Level 2,0.44,9:00-18:00,10.20,21,EVgo,22,Tesla,2010,Yes,4.1,6,Monthly
EVS03555,"5618 Toronto Ave, Toronto",DC Fast Charger,0.25,24/7,2.27,73,Greenlots,22,"CHAdeMO, CCS",2014,No,3.3,9,Annually
EVS03556,"7843 Mexico City Ave, Mexico City",AC Level 1,0.20,9:00-18:00,2.09,30,ChargePoint,50,Tesla,2015,Yes,3.2,7,Monthly
EVS03557,"8274 Mexico City Ave, Mexico City",DC Fast Charger,0.21,9:00-18:00,15.52,51,ChargePoint,22,Tesla,2010,Yes,4.4,10,Monthly
EVS03558,"451 Bangkok Ave, Bangkok",DC Fast Charger,0.47,9:00-18:00,6.78,93,Greenlots,50,Type 2,2021,Yes,3.7,2,Quarterly
EVS03559,"5639 Mumbai Ave, Mumbai",DC Fast Charger,0.45,9:00-18:00,15.81,30,Greenlots,350,Tesla,2021,No,3.5,8,Annually
EVS03560,"6871 Toronto Ave, Toronto",AC Level 1,0.40,24/7,18.33,51,ChargePoint,350,CCS,2020,No,3.1,2,Monthly
EVS03561,"8624 Random Rd, City 213, Country",AC Level 2,0.39,24/7,19.06,69,Greenlots,150,Type 2,2013,Yes,4.2,1,Monthly
EVS03562,"7938 Bangkok Ave, Bangkok",AC Level 2,0.42,24/7,18.63,74,Ionity,50,"Type 2, CHAdeMO",2020,Yes,3.7,2,Monthly
EVS03563,"4137 San Francisco Ave, San Francisco",DC Fast Charger,0.29,24/7,13.28,34,ChargePoint,350,Type 2,2019,Yes,3.2,1,Monthly
EVS03564,"2997 Mumbai Ave, Mumbai",AC Level 1,0.24,24/7,4.19,19,Ionity,50,Tesla,2021,Yes,4.2,9,Monthly
EVS03565,"6845 Bangkok Ave, Bangkok",AC Level 2,0.33,24/7,4.26,16,ChargePoint,50,CHAdeMO,2018,No,3.8,7,Monthly
EVS03566,"1123 Cape Town Ave, Cape Town",DC Fast Charger,0.10,9:00-18:00,5.86,37,Tesla,50,"CHAdeMO, CCS",2015,No,4.6,6,Quarterly
EVS03567,"2775 Sydney Ave, Sydney",AC Level 1,0.29,9:00-18:00,15.42,51,ChargePoint,22,CHAdeMO,2020,No,3.3,5,Annually
EVS03568,"8929 Los Angeles Ave, Los Angeles",AC Level 2,0.25,9:00-18:00,19.04,11,Ionity,22,CCS,2023,No,4.2,10,Quarterly
EVS03569,"6811 Los Angeles Ave, Los Angeles",AC Level 1,0.12,6:00-22:00,18.88,96,ChargePoint,350,"CCS, Tesla",2017,No,4.6,1,Annually
EVS03570,"2778 Los Angeles Ave, Los Angeles",AC Level 1,0.20,9:00-18:00,17.03,69,Greenlots,22,CHAdeMO,2016,Yes,4.3,7,Monthly
EVS03571,"2129 Random Rd, City 13, Country",AC Level 2,0.30,9:00-18:00,5.64,62,Tesla,150,CCS,2011,Yes,3.7,2,Annually
EVS03572,"4919 San Francisco Ave, San Francisco",AC Level 1,0.32,24/7,11.45,99,Tesla,22,"CHAdeMO, Type 2",2023,No,3.5,8,Quarterly
EVS03573,"2399 Sydney Ave, Sydney",DC Fast Charger,0.38,9:00-18:00,9.76,48,Ionity,50,Type 2,2017,Yes,3.5,1,Annually
EVS03574,"6220 Mumbai Ave, Mumbai",AC Level 2,0.33,6:00-22:00,12.43,78,Ionity,50,"Tesla, CCS",2014,No,3.3,9,Annually
EVS03575,"6545 Dubai Ave, Dubai",AC Level 1,0.14,24/7,16.16,53,Greenlots,350,CCS,2015,No,3.8,5,Monthly
EVS03576,"2086 Berlin Ave, Berlin",AC Level 2,0.39,24/7,13.21,86,Ionity,50,CCS,2023,Yes,3.4,5,Monthly
EVS03577,"8217 Beijing Ave, Beijing",DC Fast Charger,0.17,9:00-18:00,18.91,69,Ionity,150,Type 2,2018,Yes,4.3,9,Monthly
EVS03578,"4287 Los Angeles Ave, Los Angeles",AC Level 2,0.25,24/7,19.35,29,Greenlots,22,CHAdeMO,2012,Yes,3.7,10,Annually
EVS03579,"9999 Bangkok Ave, Bangkok",AC Level 2,0.48,24/7,16.93,93,ChargePoint,150,Tesla,2012,No,3.4,8,Quarterly
EVS03580,"6838 Berlin Ave, Berlin",DC Fast Charger,0.24,9:00-18:00,12.31,36,EVgo,150,"Type 2, Tesla",2023,Yes,3.4,1,Monthly
EVS03581,"2886 Random Rd, City 276, Country",DC Fast Charger,0.31,9:00-18:00,14.93,68,Ionity,150,CCS,2019,No,3.5,9,Monthly
EVS03582,"7214 Chicago Ave, Chicago",AC Level 1,0.11,24/7,16.69,73,Tesla,50,Tesla,2021,Yes,4.5,1,Annually
EVS03583,"6142 Chicago Ave, Chicago",AC Level 1,0.44,9:00-18:00,9.19,87,Tesla,150,Tesla,2014,No,4.6,8,Annually
EVS03584,"3626 Berlin Ave, Berlin",DC Fast Charger,0.24,9:00-18:00,7.85,10,Ionity,50,"Tesla, CHAdeMO",2010,No,3.4,7,Annually
EVS03585,"8982 Dubai Ave, Dubai",AC Level 1,0.29,24/7,8.00,56,Ionity,150,"Tesla, CHAdeMO",2015,Yes,3.8,4,Quarterly
EVS03586,"8095 Mumbai Ave, Mumbai",DC Fast Charger,0.30,6:00-22:00,1.68,87,Tesla,350,"Tesla, CCS",2015,No,3.9,6,Monthly
EVS03587,"8212 Los Angeles Ave, Los Angeles",DC Fast Charger,0.17,9:00-18:00,10.87,71,Ionity,50,"CHAdeMO, CCS",2012,Yes,3.6,6,Monthly
EVS03588,"383 Cape Town Ave, Cape Town",AC Level 1,0.25,9:00-18:00,17.38,91,ChargePoint,22,Tesla,2018,Yes,4.9,6,Annually
EVS03589,"505 Moscow Ave, Moscow",AC Level 1,0.44,6:00-22:00,16.93,33,ChargePoint,50,CHAdeMO,2017,No,4.0,5,Quarterly
EVS03590,"6690 Mumbai Ave, Mumbai",AC Level 1,0.49,24/7,6.11,98,EVgo,50,CCS,2010,Yes,4.9,3,Annually
EVS03591,"6206 Random Rd, City 182, Country",AC Level 1,0.20,24/7,14.09,18,Greenlots,22,"Type 2, Tesla",2019,No,3.8,9,Monthly
EVS03592,"2403 Dubai Ave, Dubai",AC Level 1,0.40,24/7,17.36,30,EVgo,350,"CHAdeMO, Type 2",2015,Yes,4.2,1,Quarterly
EVS03593,"42 Toronto Ave, Toronto",AC Level 1,0.35,9:00-18:00,13.67,89,Ionity,50,Tesla,2017,No,3.7,1,Annually
EVS03594,"1540 Chicago Ave, Chicago",AC Level 2,0.10,6:00-22:00,3.88,19,Ionity,350,"Type 2, Tesla",2023,No,4.3,2,Annually
EVS03595,"3860 Cape Town Ave, Cape Town",AC Level 2,0.40,24/7,19.78,26,Tesla,22,"CHAdeMO, Tesla",2020,Yes,4.4,7,Monthly
EVS03596,"7705 Beijing Ave, Beijing",AC Level 1,0.38,6:00-22:00,18.76,31,Greenlots,150,Tesla,2020,Yes,3.2,3,Annually
EVS03597,"1650 Toronto Ave, Toronto",AC Level 1,0.25,9:00-18:00,14.03,35,Greenlots,150,"Type 2, Tesla",2021,Yes,4.3,10,Monthly
EVS03598,"3641 Beijing Ave, Beijing",AC Level 1,0.46,24/7,6.26,36,ChargePoint,150,"Tesla, Type 2",2018,No,4.9,10,Monthly
EVS03599,"3560 Toronto Ave, Toronto",DC Fast Charger,0.36,9:00-18:00,10.92,70,Ionity,50,"CCS, CHAdeMO",2015,No,3.9,8,Monthly
EVS03600,"4449 Berlin Ave, Berlin",AC Level 1,0.36,9:00-18:00,1.13,40,ChargePoint,50,Type 2,2015,No,4.8,7,Quarterly
EVS03601,"475 Random Rd, City 405, Country",AC Level 1,0.48,6:00-22:00,17.72,98,ChargePoint,22,"Type 2, CHAdeMO",2013,Yes,4.5,10,Monthly
EVS03602,"8491 Cape Town Ave, Cape Town",AC Level 2,0.11,24/7,0.99,56,EVgo,50,"Tesla, CCS",2018,Yes,3.5,10,Quarterly
EVS03603,"2454 Toronto Ave, Toronto",AC Level 1,0.31,6:00-22:00,13.86,89,Greenlots,50,Type 2,2023,Yes,3.2,3,Quarterly
EVS03604,"2686 Dubai Ave, Dubai",DC Fast Charger,0.42,6:00-22:00,9.89,32,ChargePoint,150,CCS,2011,Yes,3.1,3,Quarterly
EVS03605,"843 Toronto Ave, Toronto",DC Fast Charger,0.47,24/7,3.79,58,ChargePoint,150,Tesla,2012,Yes,3.6,10,Quarterly
EVS03606,"909 Sydney Ave, Sydney",AC Level 1,0.23,24/7,6.53,43,EVgo,350,Tesla,2021,Yes,4.0,2,Quarterly
EVS03607,"7413 Sydney Ave, Sydney",AC Level 2,0.19,24/7,4.30,53,EVgo,350,"Type 2, CHAdeMO",2012,Yes,3.0,4,Monthly
EVS03608,"2462 Beijing Ave, Beijing",AC Level 1,0.29,6:00-22:00,13.07,37,Ionity,350,"CCS, CHAdeMO",2019,No,3.2,10,Quarterly
EVS03609,"7797 Mumbai Ave, Mumbai",AC Level 1,0.30,6:00-22:00,13.53,99,Tesla,50,Type 2,2011,No,3.8,6,Quarterly
EVS03610,"2655 Moscow Ave, Moscow",AC Level 1,0.43,24/7,1.98,38,Greenlots,150,Type 2,2016,Yes,3.2,6,Annually
EVS03611,"9147 Random Rd, City 227, Country",AC Level 1,0.26,9:00-18:00,16.07,25,EVgo,50,"Type 2, CHAdeMO",2010,Yes,3.9,2,Monthly
EVS03612,"3387 Seoul Ave, Seoul",AC Level 2,0.41,24/7,9.65,46,Tesla,150,CCS,2013,Yes,4.5,10,Annually
EVS03613,"4679 Los Angeles Ave, Los Angeles",AC Level 2,0.43,9:00-18:00,7.79,62,Ionity,350,"CHAdeMO, Type 2",2012,No,3.6,9,Annually
EVS03614,"5042 Sydney Ave, Sydney",DC Fast Charger,0.38,6:00-22:00,2.39,78,Ionity,22,Tesla,2011,Yes,4.6,3,Annually
EVS03615,"3606 Seoul Ave, Seoul",AC Level 2,0.43,6:00-22:00,15.64,55,Ionity,50,CCS,2023,Yes,3.1,3,Quarterly
EVS03616,"870 Beijing Ave, Beijing",AC Level 1,0.22,24/7,10.67,16,Ionity,50,Type 2,2023,Yes,4.7,7,Quarterly
EVS03617,"5871 Berlin Ave, Berlin",AC Level 1,0.23,24/7,5.99,76,Tesla,350,CCS,2017,No,4.6,10,Monthly
EVS03618,"8620 Seoul Ave, Seoul",AC Level 2,0.22,24/7,16.66,41,ChargePoint,22,CCS,2012,No,3.9,3,Annually
EVS03619,"9505 San Francisco Ave, San Francisco",AC Level 2,0.22,24/7,14.51,85,ChargePoint,50,Type 2,2015,No,4.2,7,Quarterly
EVS03620,"6277 Sydney Ave, Sydney",AC Level 1,0.10,24/7,17.20,65,EVgo,350,CHAdeMO,2023,Yes,3.6,10,Quarterly
EVS03621,"7584 Random Rd, City 283, Country",DC Fast Charger,0.41,24/7,13.50,68,Tesla,22,"CCS, Tesla",2023,Yes,4.4,6,Quarterly
EVS03622,"3186 Seoul Ave, Seoul",AC Level 1,0.39,24/7,13.81,80,ChargePoint,150,"Type 2, Tesla",2021,No,4.9,7,Annually
EVS03623,"1470 Sydney Ave, Sydney",AC Level 1,0.46,24/7,18.77,94,Greenlots,50,"Tesla, CCS",2011,No,4.8,9,Quarterly
EVS03624,"1291 Dubai Ave, Dubai",AC Level 1,0.25,6:00-22:00,15.64,94,Tesla,350,Type 2,2013,No,4.2,10,Quarterly
EVS03625,"9431 Mumbai Ave, Mumbai",DC Fast Charger,0.46,9:00-18:00,6.47,88,Tesla,150,Type 2,2011,Yes,4.9,8,Quarterly
EVS03626,"9858 Mumbai Ave, Mumbai",AC Level 2,0.39,9:00-18:00,14.93,24,Ionity,50,"Type 2, Tesla",2012,Yes,3.3,3,Quarterly
EVS03627,"5903 Sydney Ave, Sydney",DC Fast Charger,0.43,9:00-18:00,8.34,76,Greenlots,350,"CHAdeMO, CCS",2022,Yes,3.7,3,Monthly
EVS03628,"4164 Dubai Ave, Dubai",AC Level 1,0.39,6:00-22:00,3.28,34,EVgo,22,"Tesla, Type 2",2018,Yes,4.7,7,Monthly
EVS03629,"2140 San Francisco Ave, San Francisco",AC Level 1,0.22,9:00-18:00,11.28,46,Greenlots,150,Tesla,2021,No,3.4,7,Annually
EVS03630,"2757 Toronto Ave, Toronto",AC Level 1,0.19,24/7,1.53,82,Ionity,150,CHAdeMO,2015,No,4.3,2,Monthly
EVS03631,"9555 Random Rd, City 258, Country",AC Level 2,0.36,24/7,5.39,37,Tesla,50,CCS,2022,Yes,4.6,5,Annually
EVS03632,"924 Chicago Ave, Chicago",AC Level 1,0.16,9:00-18:00,19.29,86,EVgo,50,"Tesla, CCS",2010,Yes,4.6,4,Quarterly
EVS03633,"3588 São Paulo Ave, São Paulo",AC Level 1,0.15,6:00-22:00,7.08,62,ChargePoint,22,"Tesla, CHAdeMO",2023,Yes,4.7,3,Monthly
EVS03634,"57 Cape Town Ave, Cape Town",AC Level 1,0.45,9:00-18:00,16.68,27,Ionity,350,"CHAdeMO, Tesla",2020,No,4.0,10,Monthly
EVS03635,"6946 Bangkok Ave, Bangkok",DC Fast Charger,0.48,6:00-22:00,19.18,40,ChargePoint,150,"CCS, Tesla",2018,Yes,3.3,5,Monthly
EVS03636,"177 Dubai Ave, Dubai",AC Level 1,0.31,9:00-18:00,16.88,92,ChargePoint,350,"Type 2, CCS",2020,Yes,4.9,9,Quarterly
EVS03637,"9121 Moscow Ave, Moscow",DC Fast Charger,0.15,9:00-18:00,17.19,76,Ionity,22,"CCS, CHAdeMO",2010,Yes,4.2,7,Quarterly
EVS03638,"1453 San Francisco Ave, San Francisco",AC Level 2,0.36,6:00-22:00,6.75,84,Tesla,150,"CCS, Tesla",2018,No,4.1,2,Monthly
EVS03639,"5580 Los Angeles Ave, Los Angeles",AC Level 2,0.33,9:00-18:00,12.22,86,Tesla,350,"Type 2, CHAdeMO",2019,Yes,4.5,9,Monthly
EVS03640,"2445 Moscow Ave, Moscow",AC Level 2,0.37,9:00-18:00,4.97,54,EVgo,22,"Tesla, CCS",2013,Yes,3.9,3,Annually
EVS03641,"2441 Random Rd, City 133, Country",AC Level 2,0.29,9:00-18:00,11.82,89,Ionity,150,CHAdeMO,2011,No,4.1,6,Quarterly
EVS03642,"349 Dubai Ave, Dubai",AC Level 2,0.12,24/7,6.88,45,ChargePoint,22,Tesla,2018,Yes,4.9,5,Monthly
EVS03643,"5599 Chicago Ave, Chicago",AC Level 1,0.12,9:00-18:00,12.44,10,EVgo,350,CHAdeMO,2021,No,4.3,8,Annually
EVS03644,"27 Toronto Ave, Toronto",AC Level 1,0.33,9:00-18:00,5.02,58,Greenlots,22,"Type 2, CHAdeMO",2014,Yes,3.1,5,Annually
EVS03645,"2382 San Francisco Ave, San Francisco",DC Fast Charger,0.41,6:00-22:00,9.29,19,Tesla,22,Type 2,2012,No,4.9,9,Quarterly
EVS03646,"3566 Seoul Ave, Seoul",DC Fast Charger,0.24,9:00-18:00,14.89,52,Greenlots,150,CHAdeMO,2013,No,3.8,2,Annually
EVS03647,"7228 Cape Town Ave, Cape Town",DC Fast Charger,0.13,6:00-22:00,10.43,89,EVgo,22,CHAdeMO,2021,No,4.1,4,Annually
EVS03648,"9282 Moscow Ave, Moscow",AC Level 2,0.13,6:00-22:00,2.28,71,ChargePoint,22,Tesla,2021,Yes,4.3,5,Quarterly
EVS03649,"4965 San Francisco Ave, San Francisco",AC Level 2,0.18,6:00-22:00,13.44,63,ChargePoint,22,"Tesla, Type 2",2023,Yes,3.6,7,Annually
EVS03650,"924 Berlin Ave, Berlin",AC Level 1,0.32,6:00-22:00,8.31,84,EVgo,350,Type 2,2021,No,4.5,7,Monthly
EVS03651,"7681 Random Rd, City 343, Country",AC Level 2,0.15,24/7,13.82,93,Greenlots,150,CCS,2023,No,4.4,6,Quarterly
EVS03652,"8957 Toronto Ave, Toronto",DC Fast Charger,0.15,6:00-22:00,5.37,36,EVgo,150,Type 2,2021,No,4.0,9,Monthly
EVS03653,"8199 Chicago Ave, Chicago",AC Level 2,0.47,6:00-22:00,14.73,21,EVgo,22,CHAdeMO,2015,Yes,3.1,9,Monthly
EVS03654,"9547 San Francisco Ave, San Francisco",AC Level 2,0.12,9:00-18:00,1.42,54,Ionity,350,"CHAdeMO, Type 2",2010,Yes,4.7,3,Annually
EVS03655,"7066 Toronto Ave, Toronto",DC Fast Charger,0.39,6:00-22:00,19.69,91,Greenlots,150,Type 2,2013,No,4.3,5,Monthly
EVS03656,"4419 Chicago Ave, Chicago",AC Level 1,0.39,24/7,19.01,17,Greenlots,150,"Type 2, CCS",2019,No,4.7,8,Monthly
EVS03657,"4493 Toronto Ave, Toronto",AC Level 2,0.36,6:00-22:00,12.88,56,Greenlots,350,CHAdeMO,2018,Yes,4.8,6,Quarterly
EVS03658,"724 Dubai Ave, Dubai",AC Level 2,0.41,6:00-22:00,1.68,39,Greenlots,50,Type 2,2013,No,4.9,9,Annually
EVS03659,"2491 Dubai Ave, Dubai",AC Level 2,0.38,6:00-22:00,18.65,38,ChargePoint,150,Tesla,2021,Yes,3.8,4,Annually
EVS03660,"1197 San Francisco Ave, San Francisco",AC Level 1,0.13,9:00-18:00,18.05,58,Tesla,50,CCS,2016,Yes,4.8,9,Annually
EVS03661,"8473 Random Rd, City 391, Country",AC Level 1,0.38,6:00-22:00,18.03,81,ChargePoint,350,"CHAdeMO, Tesla",2013,No,4.6,10,Monthly
EVS03662,"281 Dubai Ave, Dubai",DC Fast Charger,0.18,9:00-18:00,17.41,41,EVgo,150,Tesla,2019,No,3.6,4,Annually
EVS03663,"5295 São Paulo Ave, São Paulo",AC Level 1,0.19,9:00-18:00,16.81,31,Tesla,350,Type 2,2021,No,4.9,7,Annually
EVS03664,"2526 Beijing Ave, Beijing",AC Level 2,0.36,6:00-22:00,10.61,24,ChargePoint,22,CHAdeMO,2021,Yes,4.2,5,Monthly
EVS03665,"4317 Moscow Ave, Moscow",AC Level 1,0.38,24/7,6.55,93,EVgo,22,"Tesla, CCS",2017,No,4.9,7,Quarterly
EVS03666,"4379 Chicago Ave, Chicago",AC Level 2,0.17,24/7,14.74,49,Greenlots,350,"CCS, Type 2",2023,Yes,3.8,7,Quarterly
EVS03667,"3057 Cape Town Ave, Cape Town",AC Level 1,0.47,6:00-22:00,3.66,19,Tesla,50,"Tesla, Type 2",2012,No,4.0,4,Quarterly
EVS03668,"124 Seoul Ave, Seoul",AC Level 1,0.29,6:00-22:00,12.73,69,Ionity,50,CHAdeMO,2014,No,4.8,6,Annually
EVS03669,"4164 San Francisco Ave, San Francisco",AC Level 2,0.15,6:00-22:00,18.85,76,Ionity,150,"Type 2, CCS",2010,Yes,4.0,6,Monthly
EVS03670,"2331 Mumbai Ave, Mumbai",AC Level 2,0.37,24/7,16.82,70,ChargePoint,150,"CHAdeMO, CCS",2013,No,4.3,6,Quarterly
EVS03671,"3991 Random Rd, City 95, Country",AC Level 1,0.31,24/7,18.16,99,Ionity,150,CHAdeMO,2018,Yes,3.8,9,Monthly
EVS03672,"2243 Berlin Ave, Berlin",AC Level 2,0.27,24/7,6.45,23,Greenlots,50,"Type 2, Tesla",2020,No,4.3,2,Monthly
EVS03673,"8134 San Francisco Ave, San Francisco",AC Level 2,0.20,24/7,7.73,44,Greenlots,50,"Tesla, CCS",2022,No,4.0,7,Annually
EVS03674,"6972 Sydney Ave, Sydney",AC Level 2,0.36,6:00-22:00,1.08,84,Greenlots,150,"CCS, CHAdeMO",2019,No,4.9,10,Annually
EVS03675,"8374 Mexico City Ave, Mexico City",AC Level 1,0.21,9:00-18:00,6.35,83,Greenlots,150,"Tesla, Type 2",2019,Yes,4.1,8,Monthly
EVS03676,"3725 Dubai Ave, Dubai",AC Level 1,0.21,9:00-18:00,6.78,59,EVgo,50,"Tesla, CCS",2016,No,4.2,1,Monthly
EVS03677,"5097 Dubai Ave, Dubai",AC Level 2,0.15,9:00-18:00,8.73,96,ChargePoint,22,"Tesla, CCS",2018,Yes,3.8,5,Annually
EVS03678,"3879 Cape Town Ave, Cape Town",AC Level 1,0.15,6:00-22:00,10.17,55,Tesla,50,CHAdeMO,2018,No,4.9,5,Annually
EVS03679,"3579 Bangkok Ave, Bangkok",AC Level 2,0.19,9:00-18:00,11.13,86,Greenlots,22,"CCS, Tesla",2018,No,3.4,3,Annually
EVS03680,"7337 São Paulo Ave, São Paulo",DC Fast Charger,0.19,24/7,7.96,23,Tesla,150,Type 2,2019,Yes,3.3,6,Annually
EVS03681,"3106 Random Rd, City 200, Country",AC Level 1,0.44,6:00-22:00,15.31,30,ChargePoint,50,"Tesla, CCS",2016,Yes,4.6,9,Monthly
EVS03682,"6454 Chicago Ave, Chicago",AC Level 1,0.36,9:00-18:00,3.65,82,Greenlots,50,"Type 2, Tesla",2023,Yes,4.0,1,Monthly
EVS03683,"3746 Seoul Ave, Seoul",DC Fast Charger,0.39,6:00-22:00,5.55,36,Tesla,350,CHAdeMO,2016,Yes,3.0,3,Monthly
EVS03684,"7229 San Francisco Ave, San Francisco",DC Fast Charger,0.49,24/7,15.52,21,Tesla,50,CCS,2023,Yes,3.0,5,Annually
EVS03685,"4056 Moscow Ave, Moscow",AC Level 2,0.41,9:00-18:00,11.72,62,Tesla,22,"Tesla, Type 2",2019,Yes,3.7,3,Annually
EVS03686,"7839 Mexico City Ave, Mexico City",AC Level 2,0.17,24/7,2.00,17,Tesla,350,Type 2,2016,Yes,4.8,3,Quarterly
EVS03687,"5857 Mumbai Ave, Mumbai",DC Fast Charger,0.30,9:00-18:00,17.62,36,EVgo,150,Tesla,2015,No,4.5,9,Quarterly
EVS03688,"2812 Cape Town Ave, Cape Town",AC Level 2,0.18,24/7,16.62,14,Greenlots,150,CHAdeMO,2010,No,4.8,1,Annually
EVS03689,"9679 San Francisco Ave, San Francisco",DC Fast Charger,0.16,9:00-18:00,15.27,97,ChargePoint,22,Tesla,2021,No,3.9,1,Monthly
EVS03690,"6298 Mumbai Ave, Mumbai",DC Fast Charger,0.49,9:00-18:00,6.19,88,Greenlots,150,Type 2,2010,Yes,4.0,1,Quarterly
EVS03691,"6377 Random Rd, City 488, Country",DC Fast Charger,0.15,9:00-18:00,12.42,89,ChargePoint,22,"CCS, Type 2",2011,Yes,4.5,10,Annually
EVS03692,"7748 Cape Town Ave, Cape Town",AC Level 1,0.16,6:00-22:00,9.58,81,EVgo,150,Tesla,2017,No,3.2,7,Annually
EVS03693,"8707 Moscow Ave, Moscow",AC Level 2,0.11,24/7,11.89,38,Tesla,150,CCS,2022,Yes,4.5,9,Monthly
EVS03694,"2164 Moscow Ave, Moscow",AC Level 1,0.45,6:00-22:00,19.12,28,EVgo,350,Type 2,2011,Yes,4.2,4,Monthly
EVS03695,"2079 Dubai Ave, Dubai",DC Fast Charger,0.44,6:00-22:00,12.60,48,ChargePoint,150,"Type 2, Tesla",2013,No,4.6,10,Annually
EVS03696,"3808 Sydney Ave, Sydney",AC Level 1,0.10,24/7,2.25,33,Tesla,350,"CCS, CHAdeMO",2015,Yes,3.2,5,Monthly
EVS03697,"9315 Bangkok Ave, Bangkok",AC Level 2,0.45,9:00-18:00,17.77,96,Ionity,150,Type 2,2012,No,3.8,10,Quarterly
EVS03698,"9050 Dubai Ave, Dubai",AC Level 2,0.19,6:00-22:00,18.64,87,Greenlots,22,"Type 2, Tesla",2011,No,3.9,1,Quarterly
EVS03699,"3294 Moscow Ave, Moscow",AC Level 2,0.24,24/7,18.43,78,EVgo,150,Tesla,2015,Yes,3.5,5,Monthly
EVS03700,"6872 Cape Town Ave, Cape Town",AC Level 1,0.13,9:00-18:00,9.39,18,Greenlots,350,"Tesla, Type 2",2014,Yes,4.0,5,Quarterly
EVS03701,"8592 Random Rd, City 405, Country",AC Level 2,0.36,24/7,3.43,38,ChargePoint,22,CCS,2022,Yes,3.4,10,Quarterly
EVS03702,"6985 Mexico City Ave, Mexico City",AC Level 1,0.35,24/7,16.76,11,EVgo,150,"CCS, Tesla",2017,Yes,4.2,9,Quarterly
EVS03703,"6246 Cape Town Ave, Cape Town",AC Level 2,0.38,24/7,13.67,88,EVgo,350,"Type 2, CCS",2013,Yes,4.1,1,Quarterly
EVS03704,"7894 San Francisco Ave, San Francisco",AC Level 2,0.28,6:00-22:00,7.71,78,Ionity,22,"CCS, Tesla",2020,Yes,3.4,5,Monthly
EVS03705,"1448 Bangkok Ave, Bangkok",AC Level 2,0.48,9:00-18:00,19.38,49,Greenlots,350,"Tesla, CHAdeMO",2014,No,3.1,8,Annually
EVS03706,"4505 San Francisco Ave, San Francisco",DC Fast Charger,0.28,24/7,7.27,95,Ionity,150,Tesla,2010,Yes,3.1,1,Annually
EVS03707,"4188 Sydney Ave, Sydney",AC Level 1,0.27,24/7,2.03,95,Greenlots,350,"Type 2, CHAdeMO",2022,No,4.2,3,Monthly
EVS03708,"2662 Chicago Ave, Chicago",AC Level 1,0.12,24/7,5.89,63,EVgo,22,"Tesla, Type 2",2016,No,3.8,1,Annually
EVS03709,"4009 Chicago Ave, Chicago",DC Fast Charger,0.25,6:00-22:00,13.77,71,EVgo,22,"Type 2, CHAdeMO",2021,No,3.6,6,Quarterly
EVS03710,"4470 Sydney Ave, Sydney",AC Level 1,0.42,6:00-22:00,13.69,26,Ionity,150,"Tesla, CCS",2019,Yes,4.3,7,Monthly
EVS03711,"498 Random Rd, City 206, Country",DC Fast Charger,0.26,24/7,1.28,71,Ionity,50,"Tesla, Type 2",2016,No,4.5,3,Monthly
EVS03712,"8590 São Paulo Ave, São Paulo",AC Level 1,0.41,9:00-18:00,17.31,83,Greenlots,50,"CCS, Type 2",2021,No,3.5,4,Monthly
EVS03713,"7812 Mumbai Ave, Mumbai",AC Level 2,0.11,9:00-18:00,1.06,32,ChargePoint,50,Tesla,2015,No,3.2,10,Annually
EVS03714,"2172 Seoul Ave, Seoul",AC Level 1,0.37,9:00-18:00,4.73,69,Greenlots,22,"Tesla, CHAdeMO",2015,No,3.4,7,Quarterly
EVS03715,"4319 Berlin Ave, Berlin",AC Level 2,0.34,6:00-22:00,16.79,13,Ionity,150,"CCS, CHAdeMO",2019,Yes,3.2,4,Annually
EVS03716,"6594 Mumbai Ave, Mumbai",AC Level 1,0.18,9:00-18:00,13.75,44,Tesla,50,"CHAdeMO, Type 2",2011,No,4.6,5,Quarterly
EVS03717,"7451 Beijing Ave, Beijing",DC Fast Charger,0.24,9:00-18:00,6.46,18,Greenlots,22,"CHAdeMO, CCS",2014,No,4.9,1,Monthly
EVS03718,"8676 Bangkok Ave, Bangkok",DC Fast Charger,0.22,6:00-22:00,9.66,36,Greenlots,50,"CHAdeMO, Type 2",2018,Yes,4.3,5,Quarterly
EVS03719,"6696 Sydney Ave, Sydney",DC Fast Charger,0.20,9:00-18:00,5.74,31,Tesla,22,Tesla,2011,Yes,4.7,7,Annually
EVS03720,"7136 Mexico City Ave, Mexico City",DC Fast Charger,0.28,9:00-18:00,10.97,43,Tesla,50,CCS,2012,No,3.8,2,Annually
EVS03721,"1383 Random Rd, City 468, Country",AC Level 2,0.25,24/7,14.46,25,ChargePoint,22,CCS,2020,No,4.9,1,Monthly
EVS03722,"4459 Mumbai Ave, Mumbai",DC Fast Charger,0.16,24/7,0.96,15,ChargePoint,350,Tesla,2010,No,3.6,5,Annually
EVS03723,"172 Sydney Ave, Sydney",AC Level 2,0.13,24/7,4.06,92,Greenlots,350,"CHAdeMO, Type 2",2013,No,4.0,5,Quarterly
EVS03724,"1945 Seoul Ave, Seoul",AC Level 1,0.15,6:00-22:00,16.40,72,Greenlots,50,CHAdeMO,2010,No,3.6,7,Quarterly
EVS03725,"4002 Seoul Ave, Seoul",AC Level 1,0.26,6:00-22:00,7.06,99,Greenlots,22,CHAdeMO,2023,Yes,4.6,8,Monthly
EVS03726,"3185 Mexico City Ave, Mexico City",AC Level 1,0.34,9:00-18:00,15.40,33,EVgo,150,"Type 2, Tesla",2011,Yes,3.0,1,Monthly
EVS03727,"9850 São Paulo Ave, São Paulo",AC Level 1,0.32,9:00-18:00,12.96,70,ChargePoint,22,"Type 2, CCS",2013,Yes,3.5,10,Annually
EVS03728,"7866 Chicago Ave, Chicago",DC Fast Charger,0.16,24/7,1.17,61,Greenlots,22,Tesla,2015,Yes,3.8,5,Monthly
EVS03729,"7990 Beijing Ave, Beijing",AC Level 1,0.38,6:00-22:00,15.53,37,Ionity,350,"CHAdeMO, CCS",2014,Yes,3.4,5,Annually
EVS03730,"9059 San Francisco Ave, San Francisco",DC Fast Charger,0.24,6:00-22:00,5.67,95,Tesla,50,"Type 2, Tesla",2021,Yes,4.7,6,Annually
EVS03731,"3459 Random Rd, City 411, Country",DC Fast Charger,0.45,9:00-18:00,18.18,58,Greenlots,150,"Type 2, CHAdeMO",2022,Yes,4.1,3,Annually
EVS03732,"6167 Berlin Ave, Berlin",DC Fast Charger,0.13,24/7,0.84,99,EVgo,50,CHAdeMO,2023,No,3.3,7,Quarterly
EVS03733,"2581 Beijing Ave, Beijing",AC Level 2,0.32,6:00-22:00,13.48,35,Tesla,22,"Tesla, Type 2",2013,Yes,3.7,1,Annually
EVS03734,"749 Mumbai Ave, Mumbai",AC Level 1,0.16,24/7,9.64,33,Tesla,150,Tesla,2012,No,3.4,6,Annually
EVS03735,"5628 Mexico City Ave, Mexico City",DC Fast Charger,0.29,9:00-18:00,16.99,23,Tesla,150,"Tesla, CCS",2014,Yes,3.2,4,Annually
EVS03736,"2397 San Francisco Ave, San Francisco",DC Fast Charger,0.31,6:00-22:00,6.51,98,EVgo,150,"Type 2, CCS",2013,Yes,4.7,6,Annually
EVS03737,"6795 Cape Town Ave, Cape Town",AC Level 2,0.39,6:00-22:00,3.34,19,Greenlots,350,"CCS, CHAdeMO",2021,No,3.5,7,Quarterly
EVS03738,"1879 Los Angeles Ave, Los Angeles",AC Level 1,0.23,24/7,3.86,68,ChargePoint,22,"Tesla, CHAdeMO",2021,No,4.7,8,Annually
EVS03739,"370 Mexico City Ave, Mexico City",AC Level 2,0.18,9:00-18:00,9.10,44,ChargePoint,22,"CCS, Tesla",2019,Yes,4.5,5,Quarterly
EVS03740,"8228 Bangkok Ave, Bangkok",AC Level 1,0.15,6:00-22:00,9.08,89,Tesla,22,"Tesla, CHAdeMO",2022,Yes,3.2,8,Quarterly
EVS03741,"5851 Random Rd, City 99, Country",DC Fast Charger,0.39,9:00-18:00,13.18,27,Tesla,22,"Type 2, CHAdeMO",2021,Yes,3.5,6,Monthly
EVS03742,"3197 San Francisco Ave, San Francisco",AC Level 1,0.28,9:00-18:00,9.38,41,EVgo,22,"CHAdeMO, CCS",2011,No,4.1,6,Annually
EVS03743,"313 Chicago Ave, Chicago",AC Level 2,0.29,9:00-18:00,4.57,67,ChargePoint,350,CCS,2018,Yes,3.1,4,Monthly
EVS03744,"804 Cape Town Ave, Cape Town",AC Level 1,0.23,6:00-22:00,5.35,89,Ionity,150,Tesla,2014,No,3.4,6,Monthly
EVS03745,"9328 Seoul Ave, Seoul",DC Fast Charger,0.10,9:00-18:00,13.05,26,EVgo,22,Tesla,2013,Yes,5.0,8,Monthly
EVS03746,"1716 Chicago Ave, Chicago",AC Level 2,0.31,24/7,9.18,18,Greenlots,50,"Type 2, CCS",2020,Yes,3.5,5,Monthly
EVS03747,"2760 Berlin Ave, Berlin",AC Level 1,0.11,6:00-22:00,17.90,28,ChargePoint,22,"CHAdeMO, Type 2",2012,No,3.1,1,Monthly
EVS03748,"5042 Bangkok Ave, Bangkok",AC Level 2,0.44,9:00-18:00,9.55,73,EVgo,50,"CHAdeMO, CCS",2020,Yes,3.4,4,Monthly
EVS03749,"8815 São Paulo Ave, São Paulo",DC Fast Charger,0.22,24/7,17.51,65,Greenlots,350,"CCS, Tesla",2014,No,3.3,10,Annually
EVS03750,"623 Berlin Ave, Berlin",AC Level 1,0.27,6:00-22:00,0.58,99,ChargePoint,22,Type 2,2013,Yes,4.8,5,Quarterly
EVS03751,"1333 Random Rd, City 390, Country",AC Level 2,0.18,9:00-18:00,5.21,92,Tesla,150,Tesla,2012,No,4.6,3,Quarterly
EVS03752,"8050 Berlin Ave, Berlin",AC Level 1,0.42,24/7,18.58,94,EVgo,50,"CHAdeMO, CCS",2017,No,4.0,7,Annually
EVS03753,"1222 Beijing Ave, Beijing",AC Level 1,0.21,9:00-18:00,3.50,43,Ionity,50,CCS,2020,No,3.9,5,Annually
EVS03754,"127 Seoul Ave, Seoul",DC Fast Charger,0.33,9:00-18:00,2.13,16,EVgo,150,"Type 2, CCS",2017,No,3.9,10,Annually
EVS03755,"3579 Mumbai Ave, Mumbai",AC Level 2,0.49,24/7,16.93,88,ChargePoint,50,Type 2,2015,No,5.0,4,Monthly
EVS03756,"3671 Berlin Ave, Berlin",DC Fast Charger,0.24,6:00-22:00,2.21,61,EVgo,50,CCS,2023,Yes,3.7,1,Monthly
EVS03757,"6953 Bangkok Ave, Bangkok",DC Fast Charger,0.49,24/7,8.61,11,Tesla,150,Tesla,2013,No,3.7,1,Monthly
EVS03758,"6856 São Paulo Ave, São Paulo",DC Fast Charger,0.11,9:00-18:00,1.14,93,EVgo,50,CCS,2020,No,4.6,4,Quarterly
EVS03759,"1146 San Francisco Ave, San Francisco",AC Level 1,0.15,9:00-18:00,7.67,64,ChargePoint,50,Tesla,2015,No,3.9,7,Annually
EVS03760,"8335 San Francisco Ave, San Francisco",AC Level 2,0.30,6:00-22:00,16.83,98,Ionity,350,"Tesla, CHAdeMO",2015,Yes,3.3,8,Quarterly
EVS03761,"2688 Random Rd, City 244, Country",DC Fast Charger,0.18,9:00-18:00,3.66,99,EVgo,150,CCS,2010,No,3.8,5,Quarterly
EVS03762,"8333 Dubai Ave, Dubai",AC Level 1,0.17,9:00-18:00,5.59,64,ChargePoint,50,"Tesla, CCS",2010,Yes,3.1,7,Monthly
EVS03763,"5085 Beijing Ave, Beijing",AC Level 1,0.30,6:00-22:00,19.29,61,Tesla,150,CCS,2015,Yes,3.6,1,Monthly
EVS03764,"7439 Beijing Ave, Beijing",AC Level 1,0.48,6:00-22:00,4.51,43,Ionity,150,CCS,2021,No,4.0,8,Annually
EVS03765,"4475 Berlin Ave, Berlin",DC Fast Charger,0.24,24/7,14.03,86,Ionity,50,CHAdeMO,2020,No,3.7,7,Annually
EVS03766,"587 São Paulo Ave, São Paulo",AC Level 2,0.24,6:00-22:00,19.59,90,Greenlots,150,CHAdeMO,2023,No,4.7,2,Annually
EVS03767,"1925 Beijing Ave, Beijing",AC Level 1,0.18,24/7,17.62,20,Ionity,50,CCS,2022,No,3.5,7,Monthly
EVS03768,"723 Bangkok Ave, Bangkok",AC Level 2,0.16,6:00-22:00,6.92,55,Greenlots,150,CHAdeMO,2010,Yes,4.7,9,Quarterly
EVS03769,"8472 Los Angeles Ave, Los Angeles",AC Level 2,0.12,24/7,3.13,94,Tesla,150,"CCS, Type 2",2012,Yes,3.9,8,Monthly
EVS03770,"5767 Dubai Ave, Dubai",AC Level 2,0.19,9:00-18:00,11.56,89,ChargePoint,350,"CCS, Tesla",2011,No,4.0,9,Annually
EVS03771,"1983 Random Rd, City 310, Country",DC Fast Charger,0.29,9:00-18:00,2.33,29,Tesla,22,"Type 2, Tesla",2017,No,4.1,8,Annually
EVS03772,"9660 Berlin Ave, Berlin",AC Level 2,0.20,6:00-22:00,12.40,17,Greenlots,350,"CCS, CHAdeMO",2013,Yes,3.2,5,Annually
EVS03773,"3558 Mumbai Ave, Mumbai",AC Level 1,0.19,24/7,2.36,18,Ionity,150,"CHAdeMO, Type 2",2019,Yes,3.1,10,Annually
EVS03774,"9394 Los Angeles Ave, Los Angeles",AC Level 1,0.36,6:00-22:00,6.16,16,Ionity,150,CHAdeMO,2017,Yes,3.2,3,Quarterly
EVS03775,"17 Toronto Ave, Toronto",DC Fast Charger,0.13,24/7,9.16,85,Tesla,150,"CCS, CHAdeMO",2014,Yes,4.9,2,Annually
EVS03776,"3855 San Francisco Ave, San Francisco",AC Level 1,0.23,24/7,17.86,87,Ionity,150,"CCS, Tesla",2012,No,4.5,2,Annually
EVS03777,"5243 Toronto Ave, Toronto",AC Level 1,0.30,9:00-18:00,16.26,24,Tesla,22,Tesla,2021,No,4.8,3,Quarterly
EVS03778,"5460 Mexico City Ave, Mexico City",AC Level 2,0.44,6:00-22:00,4.27,93,Greenlots,50,"Tesla, CHAdeMO",2019,Yes,4.9,8,Annually
EVS03779,"5302 Sydney Ave, Sydney",AC Level 2,0.13,6:00-22:00,11.00,73,Greenlots,22,"CHAdeMO, CCS",2016,Yes,4.7,9,Monthly
EVS03780,"4667 Beijing Ave, Beijing",AC Level 1,0.23,24/7,4.88,70,Greenlots,350,"CHAdeMO, CCS",2012,Yes,3.9,10,Annually
EVS03781,"8842 Random Rd, City 435, Country",DC Fast Charger,0.26,6:00-22:00,4.90,15,Ionity,22,"Type 2, Tesla",2013,Yes,4.0,10,Annually
EVS03782,"4486 Berlin Ave, Berlin",AC Level 1,0.21,24/7,1.37,24,Tesla,150,"Type 2, Tesla",2010,Yes,4.7,2,Monthly
EVS03783,"2214 Moscow Ave, Moscow",AC Level 2,0.29,24/7,2.95,81,EVgo,150,"Type 2, Tesla",2015,No,3.3,8,Quarterly
EVS03784,"5132 Mexico City Ave, Mexico City",AC Level 1,0.27,6:00-22:00,1.29,54,ChargePoint,350,Type 2,2010,Yes,4.6,3,Monthly
EVS03785,"5202 Bangkok Ave, Bangkok",AC Level 1,0.29,9:00-18:00,8.13,79,ChargePoint,350,CCS,2016,No,4.2,8,Quarterly
EVS03786,"7976 Mumbai Ave, Mumbai",AC Level 2,0.25,6:00-22:00,14.84,52,Greenlots,150,"CHAdeMO, Tesla",2023,No,3.6,1,Monthly
EVS03787,"2804 Berlin Ave, Berlin",AC Level 1,0.42,24/7,18.34,90,ChargePoint,22,"CHAdeMO, Type 2",2017,Yes,3.8,3,Monthly
EVS03788,"7599 Sydney Ave, Sydney",AC Level 2,0.14,6:00-22:00,6.89,55,EVgo,50,Tesla,2012,Yes,3.3,2,Quarterly
EVS03789,"6101 São Paulo Ave, São Paulo",AC Level 1,0.40,24/7,16.30,90,Ionity,50,"Tesla, Type 2",2021,Yes,3.2,4,Annually
EVS03790,"7836 Mexico City Ave, Mexico City",DC Fast Charger,0.43,6:00-22:00,0.75,34,Greenlots,150,"CHAdeMO, Tesla",2016,No,4.4,2,Quarterly
EVS03791,"5991 Random Rd, City 235, Country",DC Fast Charger,0.21,6:00-22:00,4.70,50,Greenlots,150,"Tesla, Type 2",2022,Yes,3.0,10,Monthly
EVS03792,"9944 Dubai Ave, Dubai",AC Level 1,0.43,24/7,3.64,100,Tesla,22,Tesla,2021,Yes,3.2,5,Quarterly
EVS03793,"7914 Los Angeles Ave, Los Angeles",AC Level 2,0.30,24/7,4.88,86,Greenlots,22,"CHAdeMO, CCS",2012,No,3.3,3,Quarterly
EVS03794,"4971 Cape Town Ave, Cape Town",AC Level 2,0.12,24/7,12.69,100,Ionity,22,CHAdeMO,2011,No,3.2,6,Quarterly
EVS03795,"7765 Seoul Ave, Seoul",DC Fast Charger,0.12,9:00-18:00,11.95,18,Tesla,22,Type 2,2016,Yes,4.4,6,Annually
EVS03796,"7566 Moscow Ave, Moscow",AC Level 1,0.26,24/7,1.09,10,Ionity,22,"CHAdeMO, Type 2",2020,No,4.4,3,Monthly
EVS03797,"6482 Mumbai Ave, Mumbai",AC Level 2,0.43,24/7,7.93,29,ChargePoint,22,"Tesla, Type 2",2010,Yes,4.9,9,Monthly
EVS03798,"9838 Bangkok Ave, Bangkok",DC Fast Charger,0.11,9:00-18:00,16.24,99,ChargePoint,22,"CCS, CHAdeMO",2011,No,3.9,7,Monthly
EVS03799,"4488 Sydney Ave, Sydney",DC Fast Charger,0.31,6:00-22:00,18.81,38,EVgo,50,CCS,2016,No,4.9,8,Annually
EVS03800,"9907 Beijing Ave, Beijing",AC Level 1,0.23,6:00-22:00,7.31,60,Ionity,50,Tesla,2023,Yes,3.8,4,Monthly
EVS03801,"5816 Random Rd, City 417, Country",AC Level 2,0.36,24/7,10.64,59,ChargePoint,22,"CCS, Tesla",2022,Yes,3.6,3,Monthly
EVS03802,"2368 San Francisco Ave, San Francisco",AC Level 2,0.17,6:00-22:00,15.76,27,Tesla,22,"Type 2, Tesla",2019,No,4.6,9,Annually
EVS03803,"8474 Dubai Ave, Dubai",AC Level 2,0.23,9:00-18:00,1.03,56,Ionity,350,Type 2,2020,No,3.5,10,Monthly
EVS03804,"32 Dubai Ave, Dubai",AC Level 2,0.45,24/7,10.76,21,Greenlots,50,"Tesla, CHAdeMO",2019,Yes,4.1,4,Quarterly
EVS03805,"9637 Sydney Ave, Sydney",AC Level 2,0.17,9:00-18:00,0.87,25,Ionity,50,"Type 2, CCS",2013,No,4.2,7,Annually
EVS03806,"2927 Toronto Ave, Toronto",AC Level 2,0.15,24/7,8.97,54,Greenlots,50,"CCS, CHAdeMO",2017,Yes,4.6,9,Annually
EVS03807,"9012 Los Angeles Ave, Los Angeles",AC Level 2,0.10,9:00-18:00,1.85,35,EVgo,50,CCS,2021,No,4.2,3,Annually
EVS03808,"2978 Moscow Ave, Moscow",AC Level 1,0.15,6:00-22:00,3.36,60,Ionity,50,"Type 2, CHAdeMO",2016,No,4.5,3,Quarterly
EVS03809,"243 Mexico City Ave, Mexico City",DC Fast Charger,0.40,9:00-18:00,1.47,30,Greenlots,150,Tesla,2015,No,3.3,4,Quarterly
EVS03810,"1961 Beijing Ave, Beijing",DC Fast Charger,0.45,6:00-22:00,18.88,23,EVgo,350,"Type 2, CHAdeMO",2014,No,3.9,5,Monthly
EVS03811,"9242 Random Rd, City 330, Country",AC Level 2,0.29,9:00-18:00,14.88,55,Ionity,50,CCS,2022,No,4.4,3,Monthly
EVS03812,"9438 Dubai Ave, Dubai",AC Level 2,0.32,9:00-18:00,12.28,30,Greenlots,150,Tesla,2022,No,3.7,1,Quarterly
EVS03813,"1314 Beijing Ave, Beijing",AC Level 1,0.17,9:00-18:00,8.13,13,Tesla,350,Type 2,2018,Yes,4.3,3,Quarterly
EVS03814,"7906 San Francisco Ave, San Francisco",AC Level 1,0.14,9:00-18:00,11.38,74,Tesla,150,Tesla,2015,No,3.8,2,Monthly
EVS03815,"2509 Chicago Ave, Chicago",AC Level 2,0.45,6:00-22:00,1.06,73,EVgo,350,"CHAdeMO, CCS",2022,Yes,4.8,8,Monthly
EVS03816,"7609 Mumbai Ave, Mumbai",DC Fast Charger,0.35,6:00-22:00,10.43,96,Ionity,22,"CHAdeMO, Tesla",2013,No,4.7,4,Monthly
EVS03817,"185 Berlin Ave, Berlin",AC Level 2,0.14,6:00-22:00,15.07,88,ChargePoint,50,Type 2,2019,Yes,3.1,10,Quarterly
EVS03818,"6118 Chicago Ave, Chicago",DC Fast Charger,0.46,9:00-18:00,9.58,26,Greenlots,150,"Tesla, CCS",2011,Yes,3.2,1,Monthly
EVS03819,"8379 Berlin Ave, Berlin",DC Fast Charger,0.26,6:00-22:00,4.64,24,Tesla,350,CCS,2016,Yes,3.3,9,Annually
EVS03820,"6639 Chicago Ave, Chicago",DC Fast Charger,0.49,9:00-18:00,19.78,39,Ionity,350,CCS,2012,Yes,4.3,6,Annually
EVS03821,"5808 Random Rd, City 447, Country",AC Level 1,0.40,9:00-18:00,13.19,19,Greenlots,22,Tesla,2017,Yes,4.4,9,Quarterly
EVS03822,"1652 Mexico City Ave, Mexico City",AC Level 1,0.24,9:00-18:00,9.42,85,ChargePoint,150,"Tesla, Type 2",2014,No,4.0,2,Annually
EVS03823,"7591 Dubai Ave, Dubai",AC Level 2,0.43,24/7,15.06,60,Greenlots,22,Type 2,2013,No,3.5,5,Monthly
EVS03824,"4592 Cape Town Ave, Cape Town",AC Level 1,0.15,9:00-18:00,5.20,32,ChargePoint,22,CCS,2018,Yes,3.0,9,Quarterly
EVS03825,"7548 Berlin Ave, Berlin",AC Level 1,0.15,9:00-18:00,1.36,51,Ionity,22,"CHAdeMO, Tesla",2018,No,4.1,3,Quarterly
EVS03826,"5377 Mexico City Ave, Mexico City",AC Level 1,0.27,6:00-22:00,15.06,23,ChargePoint,350,CHAdeMO,2012,Yes,4.1,6,Monthly
EVS03827,"8107 São Paulo Ave, São Paulo",DC Fast Charger,0.40,24/7,1.83,13,Greenlots,22,Type 2,2011,Yes,4.4,10,Monthly
EVS03828,"8372 Toronto Ave, Toronto",AC Level 1,0.27,6:00-22:00,16.04,74,ChargePoint,22,"Tesla, CCS",2011,Yes,4.2,1,Monthly
EVS03829,"8407 Los Angeles Ave, Los Angeles",DC Fast Charger,0.45,6:00-22:00,17.84,79,ChargePoint,22,"Tesla, CCS",2022,No,4.6,3,Monthly
EVS03830,"1164 Beijing Ave, Beijing",DC Fast Charger,0.41,6:00-22:00,3.82,61,Greenlots,22,"CCS, Type 2",2019,Yes,4.5,3,Annually
EVS03831,"4687 Random Rd, City 50, Country",DC Fast Charger,0.16,9:00-18:00,11.69,80,ChargePoint,50,CHAdeMO,2012,No,4.3,9,Annually
EVS03832,"9594 Mumbai Ave, Mumbai",DC Fast Charger,0.21,9:00-18:00,0.99,28,EVgo,22,"CHAdeMO, Tesla",2017,Yes,3.3,8,Quarterly
EVS03833,"9631 Beijing Ave, Beijing",AC Level 2,0.44,24/7,19.63,64,Ionity,350,"Tesla, Type 2",2020,Yes,3.4,5,Quarterly
EVS03834,"1912 Bangkok Ave, Bangkok",DC Fast Charger,0.35,6:00-22:00,16.65,38,ChargePoint,350,"CCS, CHAdeMO",2015,Yes,4.5,2,Monthly
EVS03835,"6867 Chicago Ave, Chicago",AC Level 2,0.40,6:00-22:00,2.33,13,Ionity,350,Tesla,2019,No,4.3,5,Quarterly
EVS03836,"2156 San Francisco Ave, San Francisco",AC Level 2,0.42,6:00-22:00,18.15,23,Tesla,150,"Type 2, Tesla",2022,No,3.6,10,Annually
EVS03837,"1281 Berlin Ave, Berlin",DC Fast Charger,0.42,24/7,5.75,18,ChargePoint,22,"CHAdeMO, Type 2",2016,Yes,4.4,8,Quarterly
EVS03838,"4559 Seoul Ave, Seoul",AC Level 1,0.14,24/7,5.11,81,Tesla,150,"CHAdeMO, Type 2",2019,Yes,4.5,8,Monthly
EVS03839,"8504 Seoul Ave, Seoul",AC Level 2,0.13,9:00-18:00,12.16,56,Tesla,150,Tesla,2011,No,3.6,6,Quarterly
EVS03840,"3224 Sydney Ave, Sydney",AC Level 2,0.25,24/7,18.07,51,EVgo,50,Type 2,2018,Yes,3.5,6,Monthly
EVS03841,"7162 Random Rd, City 78, Country",AC Level 2,0.18,9:00-18:00,19.70,100,Ionity,50,Type 2,2011,No,4.5,5,Monthly
EVS03842,"5641 Los Angeles Ave, Los Angeles",AC Level 1,0.25,9:00-18:00,19.65,70,ChargePoint,50,CCS,2012,Yes,3.2,3,Annually
EVS03843,"131 Chicago Ave, Chicago",DC Fast Charger,0.41,6:00-22:00,17.37,62,ChargePoint,150,"CCS, CHAdeMO",2020,No,3.3,7,Monthly
EVS03844,"5509 Beijing Ave, Beijing",DC Fast Charger,0.42,6:00-22:00,12.35,21,Ionity,350,Type 2,2011,No,3.7,3,Monthly
EVS03845,"6787 San Francisco Ave, San Francisco",DC Fast Charger,0.17,9:00-18:00,17.54,24,Ionity,22,Type 2,2020,No,4.2,4,Annually
EVS03846,"8133 Cape Town Ave, Cape Town",DC Fast Charger,0.18,9:00-18:00,1.47,59,Tesla,350,Type 2,2014,No,3.9,4,Monthly
EVS03847,"2662 Chicago Ave, Chicago",AC Level 2,0.37,24/7,6.02,14,Greenlots,150,Tesla,2011,No,3.9,3,Quarterly
EVS03848,"8603 Chicago Ave, Chicago",DC Fast Charger,0.10,9:00-18:00,13.05,86,ChargePoint,350,"Type 2, CCS",2012,No,4.8,7,Monthly
EVS03849,"9872 Bangkok Ave, Bangkok",AC Level 1,0.19,9:00-18:00,17.63,40,Tesla,350,CHAdeMO,2022,Yes,4.7,2,Quarterly
EVS03850,"2293 Berlin Ave, Berlin",DC Fast Charger,0.46,9:00-18:00,11.01,68,Greenlots,22,Type 2,2022,No,3.6,9,Monthly
EVS03851,"8842 Random Rd, City 465, Country",AC Level 2,0.22,9:00-18:00,18.48,75,Greenlots,150,"Tesla, CHAdeMO",2014,No,4.3,10,Monthly
EVS03852,"4051 Bangkok Ave, Bangkok",DC Fast Charger,0.11,6:00-22:00,11.07,28,EVgo,50,"Tesla, Type 2",2021,Yes,4.8,3,Annually
EVS03853,"4061 Cape Town Ave, Cape Town",AC Level 1,0.30,24/7,18.70,80,Tesla,22,CHAdeMO,2011,No,4.5,4,Quarterly
EVS03854,"2082 Bangkok Ave, Bangkok",AC Level 2,0.38,9:00-18:00,16.34,31,Ionity,50,"Type 2, CCS",2014,No,4.8,3,Annually
EVS03855,"568 San Francisco Ave, San Francisco",AC Level 1,0.18,6:00-22:00,6.00,37,Ionity,50,"CHAdeMO, Type 2",2010,No,4.6,10,Quarterly
EVS03856,"5993 Cape Town Ave, Cape Town",AC Level 1,0.36,6:00-22:00,9.31,84,Greenlots,350,"Tesla, CCS",2019,No,4.0,9,Quarterly
EVS03857,"5333 Mumbai Ave, Mumbai",DC Fast Charger,0.36,9:00-18:00,7.16,36,EVgo,150,CCS,2020,No,3.8,5,Quarterly
EVS03858,"6783 Moscow Ave, Moscow",AC Level 2,0.24,9:00-18:00,2.68,80,Tesla,50,CCS,2014,Yes,3.7,2,Annually
EVS03859,"9276 Cape Town Ave, Cape Town",DC Fast Charger,0.34,9:00-18:00,5.55,19,Ionity,50,"CHAdeMO, CCS",2020,No,3.3,6,Quarterly
EVS03860,"9736 Los Angeles Ave, Los Angeles",AC Level 2,0.16,9:00-18:00,1.97,16,ChargePoint,22,Type 2,2017,No,4.5,4,Monthly
EVS03861,"2064 Random Rd, City 172, Country",AC Level 2,0.28,6:00-22:00,19.92,56,Greenlots,350,CCS,2021,No,3.6,6,Monthly
EVS03862,"8066 Chicago Ave, Chicago",AC Level 2,0.44,24/7,18.44,72,EVgo,22,"Tesla, CCS",2016,Yes,4.5,8,Quarterly
EVS03863,"5539 São Paulo Ave, São Paulo",DC Fast Charger,0.11,6:00-22:00,6.57,47,Greenlots,350,CHAdeMO,2016,Yes,4.7,3,Quarterly
EVS03864,"8393 Mexico City Ave, Mexico City",AC Level 2,0.22,6:00-22:00,3.15,80,ChargePoint,150,Type 2,2017,No,3.5,9,Monthly
EVS03865,"804 Los Angeles Ave, Los Angeles",DC Fast Charger,0.33,9:00-18:00,5.68,14,Greenlots,22,Tesla,2019,Yes,3.4,2,Annually
EVS03866,"7812 Berlin Ave, Berlin",AC Level 1,0.12,9:00-18:00,10.33,22,ChargePoint,350,CCS,2017,No,3.5,4,Monthly
EVS03867,"2921 Seoul Ave, Seoul",DC Fast Charger,0.34,6:00-22:00,4.03,75,EVgo,150,Type 2,2016,No,3.7,5,Quarterly
EVS03868,"1098 Seoul Ave, Seoul",AC Level 1,0.23,24/7,6.98,40,Tesla,350,"CCS, CHAdeMO",2012,No,4.5,9,Monthly
EVS03869,"7844 Los Angeles Ave, Los Angeles",AC Level 2,0.15,9:00-18:00,9.58,93,EVgo,150,CCS,2017,Yes,4.3,2,Annually
EVS03870,"2659 Toronto Ave, Toronto",DC Fast Charger,0.49,9:00-18:00,1.50,24,Ionity,150,"CCS, CHAdeMO",2010,Yes,5.0,9,Annually
EVS03871,"5180 Random Rd, City 95, Country",DC Fast Charger,0.23,24/7,10.54,68,ChargePoint,150,"CHAdeMO, CCS",2014,Yes,4.5,3,Quarterly
EVS03872,"6231 Los Angeles Ave, Los Angeles",DC Fast Charger,0.24,9:00-18:00,8.37,97,EVgo,50,"Type 2, Tesla",2022,No,4.3,10,Monthly
EVS03873,"6057 Chicago Ave, Chicago",DC Fast Charger,0.30,9:00-18:00,11.88,42,ChargePoint,350,"Tesla, Type 2",2019,No,3.2,3,Annually
EVS03874,"4286 Los Angeles Ave, Los Angeles",AC Level 1,0.45,9:00-18:00,7.86,80,ChargePoint,22,CHAdeMO,2021,Yes,4.0,9,Annually
EVS03875,"2663 Los Angeles Ave, Los Angeles",AC Level 1,0.10,6:00-22:00,7.71,88,ChargePoint,150,CCS,2013,Yes,3.8,9,Quarterly
EVS03876,"2936 Seoul Ave, Seoul",AC Level 1,0.22,6:00-22:00,6.32,55,EVgo,22,CCS,2015,Yes,4.0,2,Monthly
EVS03877,"6779 Moscow Ave, Moscow",DC Fast Charger,0.12,6:00-22:00,19.17,53,Greenlots,22,"Tesla, CHAdeMO",2015,Yes,4.7,2,Quarterly
EVS03878,"6579 Bangkok Ave, Bangkok",AC Level 2,0.30,24/7,12.60,82,Ionity,50,Type 2,2017,No,3.4,2,Quarterly
EVS03879,"236 Cape Town Ave, Cape Town",AC Level 1,0.40,24/7,3.85,51,Tesla,150,"CCS, Type 2",2017,No,4.6,7,Quarterly
EVS03880,"6080 Moscow Ave, Moscow",DC Fast Charger,0.40,9:00-18:00,10.58,68,Ionity,150,Type 2,2017,No,3.9,3,Monthly
EVS03881,"517 Random Rd, City 351, Country",AC Level 2,0.36,24/7,9.82,31,Ionity,50,CHAdeMO,2023,No,4.5,7,Quarterly
EVS03882,"2624 Sydney Ave, Sydney",DC Fast Charger,0.35,24/7,17.34,80,Tesla,350,"CCS, Tesla",2015,No,3.6,6,Annually
EVS03883,"9685 São Paulo Ave, São Paulo",DC Fast Charger,0.21,24/7,14.47,92,EVgo,350,CHAdeMO,2018,No,4.3,8,Quarterly
EVS03884,"3528 Berlin Ave, Berlin",AC Level 2,0.39,9:00-18:00,15.92,38,Ionity,50,"Tesla, Type 2",2018,Yes,4.1,10,Monthly
EVS03885,"1328 San Francisco Ave, San Francisco",AC Level 1,0.34,24/7,11.80,69,Tesla,22,Type 2,2023,No,4.4,10,Monthly
EVS03886,"9792 Chicago Ave, Chicago",AC Level 1,0.21,24/7,1.05,41,ChargePoint,50,CCS,2015,Yes,4.4,8,Quarterly
EVS03887,"6927 Cape Town Ave, Cape Town",AC Level 2,0.16,6:00-22:00,3.32,88,Ionity,150,"Tesla, CHAdeMO",2010,Yes,4.3,10,Quarterly
EVS03888,"6102 Sydney Ave, Sydney",AC Level 2,0.42,24/7,19.24,63,EVgo,22,CHAdeMO,2019,No,4.8,9,Monthly
EVS03889,"94 Mumbai Ave, Mumbai",DC Fast Charger,0.33,6:00-22:00,9.56,96,Tesla,50,"CHAdeMO, CCS",2015,Yes,3.0,5,Quarterly
EVS03890,"6624 Beijing Ave, Beijing",DC Fast Charger,0.48,6:00-22:00,5.07,91,EVgo,50,Type 2,2010,No,3.5,5,Annually
EVS03891,"4596 Random Rd, City 238, Country",DC Fast Charger,0.25,9:00-18:00,10.06,58,ChargePoint,22,Type 2,2021,Yes,4.5,2,Quarterly
EVS03892,"4020 San Francisco Ave, San Francisco",DC Fast Charger,0.42,6:00-22:00,8.31,82,Ionity,150,CCS,2017,No,3.5,2,Monthly
EVS03893,"2068 Bangkok Ave, Bangkok",AC Level 1,0.13,9:00-18:00,6.76,46,Tesla,50,"Type 2, CHAdeMO",2021,No,4.4,2,Quarterly
EVS03894,"7811 San Francisco Ave, San Francisco",AC Level 1,0.36,9:00-18:00,13.68,41,ChargePoint,150,Tesla,2017,Yes,3.4,1,Quarterly
EVS03895,"418 Mexico City Ave, Mexico City",AC Level 2,0.29,9:00-18:00,14.94,83,Tesla,50,"CCS, CHAdeMO",2021,No,3.5,1,Monthly
EVS03896,"7926 Beijing Ave, Beijing",AC Level 2,0.10,9:00-18:00,14.93,81,Greenlots,50,CHAdeMO,2012,No,4.0,4,Monthly
EVS03897,"606 São Paulo Ave, São Paulo",AC Level 1,0.17,24/7,10.36,79,Tesla,150,"CHAdeMO, Tesla",2014,No,3.8,3,Monthly
EVS03898,"4440 Bangkok Ave, Bangkok",AC Level 2,0.34,9:00-18:00,13.38,14,Tesla,350,"CHAdeMO, Tesla",2013,No,4.0,8,Quarterly
EVS03899,"4204 São Paulo Ave, São Paulo",AC Level 2,0.42,9:00-18:00,13.12,66,Greenlots,150,Type 2,2014,Yes,4.0,1,Monthly
EVS03900,"4084 Seoul Ave, Seoul",DC Fast Charger,0.34,6:00-22:00,6.49,78,EVgo,22,Tesla,2015,Yes,4.2,5,Annually
EVS03901,"8297 Random Rd, City 150, Country",DC Fast Charger,0.23,9:00-18:00,9.21,64,EVgo,350,"Tesla, CHAdeMO",2014,No,4.2,6,Annually
EVS03902,"721 Seoul Ave, Seoul",DC Fast Charger,0.24,24/7,15.79,33,Greenlots,150,CHAdeMO,2023,No,4.7,2,Quarterly
EVS03903,"7838 Moscow Ave, Moscow",AC Level 1,0.13,6:00-22:00,8.47,78,Greenlots,50,CHAdeMO,2013,Yes,3.2,9,Monthly
EVS03904,"4529 San Francisco Ave, San Francisco",AC Level 1,0.21,9:00-18:00,5.19,69,Tesla,50,CHAdeMO,2015,No,3.2,9,Monthly
EVS03905,"1314 São Paulo Ave, São Paulo",DC Fast Charger,0.21,24/7,4.46,94,ChargePoint,50,CHAdeMO,2017,Yes,3.6,1,Annually
EVS03906,"1273 São Paulo Ave, São Paulo",DC Fast Charger,0.22,9:00-18:00,9.09,38,Tesla,350,"Tesla, CCS",2013,Yes,4.8,7,Quarterly
EVS03907,"3174 Bangkok Ave, Bangkok",AC Level 2,0.26,24/7,6.31,41,Greenlots,150,"Tesla, CHAdeMO",2018,Yes,3.2,6,Quarterly
EVS03908,"6555 Sydney Ave, Sydney",DC Fast Charger,0.30,9:00-18:00,19.87,65,Tesla,150,CHAdeMO,2011,Yes,4.4,10,Quarterly
EVS03909,"6065 Cape Town Ave, Cape Town",AC Level 1,0.47,24/7,6.74,55,Tesla,22,"CHAdeMO, Tesla",2012,No,4.4,10,Quarterly
EVS03910,"1371 Toronto Ave, Toronto",AC Level 1,0.30,24/7,19.99,35,Greenlots,350,CHAdeMO,2020,Yes,4.1,5,Quarterly
EVS03911,"7803 Random Rd, City 326, Country",AC Level 1,0.50,6:00-22:00,6.15,93,EVgo,50,"Tesla, CHAdeMO",2020,No,5.0,8,Annually
EVS03912,"8735 Los Angeles Ave, Los Angeles",AC Level 2,0.39,6:00-22:00,13.36,42,ChargePoint,22,Type 2,2017,No,4.8,5,Annually
EVS03913,"5327 Beijing Ave, Beijing",AC Level 1,0.14,24/7,9.60,28,EVgo,22,Tesla,2012,Yes,4.6,6,Quarterly
EVS03914,"941 Mumbai Ave, Mumbai",AC Level 1,0.28,6:00-22:00,15.38,54,Greenlots,22,"Type 2, CCS",2018,Yes,4.4,5,Annually
EVS03915,"6065 Mexico City Ave, Mexico City",DC Fast Charger,0.22,9:00-18:00,10.21,80,Tesla,150,CCS,2016,Yes,3.7,4,Monthly
EVS03916,"9196 Sydney Ave, Sydney",AC Level 2,0.13,9:00-18:00,2.92,66,Tesla,22,Tesla,2011,Yes,4.6,3,Quarterly
EVS03917,"1625 Cape Town Ave, Cape Town",AC Level 1,0.23,6:00-22:00,14.44,84,Ionity,22,"Type 2, CHAdeMO",2012,No,3.9,9,Annually
EVS03918,"1539 Mexico City Ave, Mexico City",AC Level 1,0.43,24/7,19.93,97,Tesla,22,Type 2,2013,Yes,4.6,2,Annually
EVS03919,"5811 Dubai Ave, Dubai",AC Level 1,0.35,24/7,13.25,55,EVgo,150,CCS,2020,No,5.0,9,Annually
EVS03920,"4077 Berlin Ave, Berlin",AC Level 1,0.17,24/7,4.12,57,ChargePoint,150,"Type 2, CHAdeMO",2017,No,3.2,2,Annually
EVS03921,"8766 Random Rd, City 205, Country",DC Fast Charger,0.25,6:00-22:00,19.47,63,Ionity,150,"CHAdeMO, Type 2",2019,No,4.5,1,Quarterly
EVS03922,"2948 São Paulo Ave, São Paulo",AC Level 1,0.25,6:00-22:00,6.09,61,EVgo,150,Tesla,2016,Yes,3.4,3,Monthly
EVS03923,"9979 Toronto Ave, Toronto",AC Level 2,0.12,24/7,15.87,42,EVgo,150,Tesla,2020,Yes,3.3,6,Annually
EVS03924,"8649 Seoul Ave, Seoul",AC Level 1,0.47,6:00-22:00,12.41,22,Tesla,50,CCS,2010,Yes,3.5,7,Monthly
EVS03925,"9599 São Paulo Ave, São Paulo",DC Fast Charger,0.41,9:00-18:00,8.59,59,Ionity,350,"Type 2, CCS",2010,Yes,4.6,8,Annually
EVS03926,"9444 Moscow Ave, Moscow",AC Level 2,0.17,9:00-18:00,2.85,91,Tesla,150,"CHAdeMO, Type 2",2023,No,4.8,9,Annually
EVS03927,"3752 Chicago Ave, Chicago",AC Level 1,0.25,6:00-22:00,11.11,57,ChargePoint,150,"CCS, CHAdeMO",2011,Yes,3.3,4,Annually
EVS03928,"1538 San Francisco Ave, San Francisco",DC Fast Charger,0.20,9:00-18:00,14.49,31,ChargePoint,50,Tesla,2022,Yes,4.8,2,Monthly
EVS03929,"9501 Sydney Ave, Sydney",AC Level 1,0.30,24/7,2.24,98,EVgo,350,"CCS, Tesla",2020,Yes,3.6,6,Annually
EVS03930,"8940 Beijing Ave, Beijing",AC Level 2,0.42,24/7,7.76,94,Greenlots,50,Type 2,2018,Yes,4.2,5,Monthly
EVS03931,"7303 Random Rd, City 494, Country",DC Fast Charger,0.40,6:00-22:00,10.35,57,Tesla,150,CCS,2019,Yes,3.7,4,Quarterly
EVS03932,"1413 Chicago Ave, Chicago",AC Level 2,0.13,9:00-18:00,11.58,34,ChargePoint,22,CCS,2020,No,4.7,8,Monthly
EVS03933,"5174 Mumbai Ave, Mumbai",AC Level 2,0.36,9:00-18:00,5.45,42,Ionity,150,"CHAdeMO, Tesla",2018,Yes,4.6,7,Annually
EVS03934,"2564 Beijing Ave, Beijing",AC Level 1,0.31,6:00-22:00,6.26,97,Greenlots,22,Type 2,2020,Yes,3.5,7,Monthly
EVS03935,"2966 Cape Town Ave, Cape Town",AC Level 2,0.38,6:00-22:00,18.12,67,Tesla,350,"CCS, Type 2",2016,No,4.5,10,Annually
EVS03936,"1162 Dubai Ave, Dubai",AC Level 2,0.45,6:00-22:00,1.77,71,Tesla,150,Tesla,2018,Yes,3.5,7,Annually
EVS03937,"3859 San Francisco Ave, San Francisco",AC Level 2,0.13,6:00-22:00,12.55,10,Ionity,350,"CHAdeMO, Type 2",2014,No,3.1,9,Annually
EVS03938,"2636 Cape Town Ave, Cape Town",DC Fast Charger,0.21,6:00-22:00,1.69,42,Tesla,22,CCS,2021,Yes,3.4,5,Monthly
EVS03939,"1073 Mexico City Ave, Mexico City",AC Level 1,0.19,6:00-22:00,8.42,55,ChargePoint,150,Type 2,2023,Yes,4.2,3,Quarterly
EVS03940,"7237 Sydney Ave, Sydney",DC Fast Charger,0.25,24/7,5.76,89,Greenlots,50,"CHAdeMO, Tesla",2012,No,4.5,9,Quarterly
EVS03941,"3193 Random Rd, City 327, Country",AC Level 2,0.30,6:00-22:00,18.16,69,Tesla,350,Tesla,2022,Yes,4.1,4,Quarterly
EVS03942,"3177 Dubai Ave, Dubai",AC Level 2,0.11,9:00-18:00,6.98,74,ChargePoint,22,CHAdeMO,2013,Yes,3.6,3,Annually
EVS03943,"681 Los Angeles Ave, Los Angeles",DC Fast Charger,0.28,6:00-22:00,11.44,31,Tesla,50,"CCS, Tesla",2020,Yes,4.3,9,Quarterly
EVS03944,"4600 San Francisco Ave, San Francisco",DC Fast Charger,0.48,9:00-18:00,7.67,40,Tesla,22,Tesla,2023,Yes,3.3,3,Quarterly
EVS03945,"2888 Toronto Ave, Toronto",AC Level 1,0.37,6:00-22:00,4.67,22,ChargePoint,22,"Tesla, CCS",2018,No,4.5,9,Monthly
EVS03946,"2533 Mexico City Ave, Mexico City",AC Level 2,0.11,6:00-22:00,2.50,75,EVgo,350,Type 2,2015,No,3.4,8,Monthly
EVS03947,"1725 Los Angeles Ave, Los Angeles",DC Fast Charger,0.28,6:00-22:00,12.61,81,Tesla,150,"CCS, Type 2",2012,No,4.0,6,Monthly
EVS03948,"7755 Mexico City Ave, Mexico City",AC Level 2,0.40,24/7,9.12,78,Ionity,150,"CCS, CHAdeMO",2021,Yes,3.3,7,Quarterly
EVS03949,"4807 Moscow Ave, Moscow",AC Level 2,0.36,24/7,0.56,24,Greenlots,350,CHAdeMO,2019,Yes,3.7,3,Monthly
EVS03950,"3589 Mumbai Ave, Mumbai",DC Fast Charger,0.29,6:00-22:00,15.57,10,ChargePoint,350,Type 2,2015,No,4.8,1,Monthly
EVS03951,"945 Random Rd, City 483, Country",AC Level 2,0.12,6:00-22:00,15.13,87,ChargePoint,22,Tesla,2022,Yes,4.4,10,Quarterly
EVS03952,"1756 Mumbai Ave, Mumbai",DC Fast Charger,0.35,6:00-22:00,18.30,56,ChargePoint,50,"Tesla, CCS",2014,No,4.1,4,Annually
EVS03953,"5609 Toronto Ave, Toronto",DC Fast Charger,0.19,6:00-22:00,18.73,66,Tesla,350,"CHAdeMO, Type 2",2022,Yes,4.9,8,Annually
EVS03954,"7828 São Paulo Ave, São Paulo",AC Level 2,0.13,24/7,2.78,18,Tesla,22,CCS,2023,No,3.5,8,Quarterly
EVS03955,"6660 Dubai Ave, Dubai",AC Level 1,0.46,6:00-22:00,9.14,32,Ionity,350,CHAdeMO,2014,Yes,3.1,1,Monthly
EVS03956,"5827 Cape Town Ave, Cape Town",AC Level 2,0.17,9:00-18:00,7.10,25,Greenlots,350,Tesla,2020,Yes,3.4,3,Quarterly
EVS03957,"5690 Sydney Ave, Sydney",AC Level 2,0.44,24/7,13.50,39,Ionity,22,"Type 2, CCS",2014,Yes,5.0,6,Quarterly
EVS03958,"2769 Mexico City Ave, Mexico City",DC Fast Charger,0.21,9:00-18:00,15.31,50,EVgo,150,CHAdeMO,2022,Yes,4.9,5,Quarterly
EVS03959,"2250 San Francisco Ave, San Francisco",AC Level 1,0.26,6:00-22:00,9.63,43,Tesla,350,CCS,2010,No,4.8,3,Annually
EVS03960,"8497 Mumbai Ave, Mumbai",AC Level 2,0.16,6:00-22:00,19.95,46,Ionity,22,"Type 2, CHAdeMO",2022,Yes,3.7,6,Annually
EVS03961,"8086 Random Rd, City 100, Country",AC Level 2,0.41,9:00-18:00,10.56,44,EVgo,50,CHAdeMO,2016,Yes,3.7,3,Monthly
EVS03962,"2658 São Paulo Ave, São Paulo",AC Level 1,0.37,24/7,5.53,20,Tesla,22,CHAdeMO,2017,No,3.5,3,Monthly
EVS03963,"1429 Toronto Ave, Toronto",AC Level 1,0.13,6:00-22:00,19.84,45,Tesla,350,"Tesla, Type 2",2014,No,4.0,4,Quarterly
EVS03964,"4800 Mumbai Ave, Mumbai",DC Fast Charger,0.19,24/7,1.77,89,Greenlots,50,"Tesla, Type 2",2022,Yes,3.5,9,Quarterly
EVS03965,"4963 São Paulo Ave, São Paulo",DC Fast Charger,0.20,24/7,12.13,44,Greenlots,22,"Tesla, Type 2",2020,Yes,4.4,9,Annually
EVS03966,"8443 Seoul Ave, Seoul",DC Fast Charger,0.36,9:00-18:00,2.37,11,Tesla,50,CCS,2020,No,4.2,8,Monthly
EVS03967,"5910 Beijing Ave, Beijing",AC Level 1,0.35,24/7,19.90,40,ChargePoint,350,Type 2,2021,Yes,4.4,4,Quarterly
EVS03968,"380 Chicago Ave, Chicago",DC Fast Charger,0.29,24/7,1.43,99,ChargePoint,150,"CHAdeMO, Tesla",2018,No,4.7,1,Annually
EVS03969,"2925 Dubai Ave, Dubai",DC Fast Charger,0.19,6:00-22:00,16.84,68,Greenlots,150,"Tesla, Type 2",2023,Yes,3.4,7,Quarterly
EVS03970,"8669 Berlin Ave, Berlin",AC Level 1,0.29,9:00-18:00,14.81,85,EVgo,350,CCS,2012,No,4.7,9,Monthly
EVS03971,"4830 Random Rd, City 36, Country",AC Level 2,0.24,6:00-22:00,14.44,68,Tesla,50,Tesla,2014,Yes,5.0,10,Quarterly
EVS03972,"6579 Moscow Ave, Moscow",AC Level 2,0.46,6:00-22:00,17.65,90,EVgo,350,"Type 2, CCS",2020,Yes,4.6,7,Annually
EVS03973,"2766 Dubai Ave, Dubai",AC Level 2,0.23,9:00-18:00,13.65,29,Greenlots,150,Tesla,2018,Yes,3.6,7,Annually
EVS03974,"27 Berlin Ave, Berlin",DC Fast Charger,0.46,24/7,15.49,48,ChargePoint,350,CCS,2023,No,3.6,9,Quarterly
EVS03975,"8370 Moscow Ave, Moscow",DC Fast Charger,0.35,6:00-22:00,12.78,27,ChargePoint,350,Type 2,2022,Yes,4.1,10,Monthly
EVS03976,"6475 Los Angeles Ave, Los Angeles",AC Level 1,0.39,9:00-18:00,18.76,15,Tesla,50,"CCS, Tesla",2020,No,3.7,8,Annually
EVS03977,"533 São Paulo Ave, São Paulo",AC Level 2,0.38,24/7,19.14,76,Greenlots,50,"Tesla, Type 2",2012,Yes,4.3,10,Quarterly
EVS03978,"2125 Chicago Ave, Chicago",AC Level 2,0.26,6:00-22:00,8.38,48,EVgo,22,"CHAdeMO, Tesla",2017,No,4.3,7,Monthly
EVS03979,"3324 Bangkok Ave, Bangkok",AC Level 1,0.47,24/7,1.15,96,Greenlots,50,"CCS, Tesla",2010,No,4.5,5,Monthly
EVS03980,"7368 Chicago Ave, Chicago",DC Fast Charger,0.25,9:00-18:00,14.18,95,Greenlots,22,"Tesla, CHAdeMO",2019,No,3.8,7,Quarterly
EVS03981,"2963 Random Rd, City 148, Country",AC Level 2,0.21,24/7,10.37,60,EVgo,22,CHAdeMO,2023,No,4.5,10,Quarterly
EVS03982,"5321 Mexico City Ave, Mexico City",AC Level 2,0.33,6:00-22:00,18.58,19,Greenlots,22,CCS,2013,Yes,4.9,8,Quarterly
EVS03983,"7677 Chicago Ave, Chicago",AC Level 1,0.32,24/7,12.80,22,Ionity,22,"Type 2, CCS",2018,No,4.9,5,Annually
EVS03984,"7584 Bangkok Ave, Bangkok",DC Fast Charger,0.42,9:00-18:00,14.61,90,ChargePoint,150,CHAdeMO,2016,Yes,3.3,3,Quarterly
EVS03985,"9905 Seoul Ave, Seoul",AC Level 1,0.50,9:00-18:00,1.81,90,EVgo,350,"Type 2, Tesla",2018,Yes,3.5,7,Quarterly
EVS03986,"9092 Bangkok Ave, Bangkok",DC Fast Charger,0.29,9:00-18:00,5.91,53,EVgo,50,Tesla,2011,No,4.4,1,Monthly
EVS03987,"1944 Mexico City Ave, Mexico City",AC Level 2,0.25,24/7,6.66,89,Tesla,150,"Type 2, CCS",2010,No,4.3,4,Annually
EVS03988,"2854 Toronto Ave, Toronto",AC Level 2,0.50,6:00-22:00,9.93,90,Tesla,350,CCS,2014,No,5.0,9,Annually
EVS03989,"5742 Moscow Ave, Moscow",DC Fast Charger,0.50,24/7,5.46,52,Ionity,150,CHAdeMO,2022,No,3.3,4,Monthly
EVS03990,"4082 Cape Town Ave, Cape Town",AC Level 2,0.20,24/7,14.02,46,Ionity,50,"CHAdeMO, Type 2",2019,Yes,4.1,1,Annually
EVS03991,"1990 Random Rd, City 256, Country",DC Fast Charger,0.40,9:00-18:00,2.59,84,Ionity,350,CHAdeMO,2010,No,3.5,8,Quarterly
EVS03992,"4473 Berlin Ave, Berlin",AC Level 1,0.37,24/7,9.02,12,ChargePoint,350,"CCS, Tesla",2013,Yes,4.1,6,Monthly
EVS03993,"2958 Toronto Ave, Toronto",DC Fast Charger,0.40,9:00-18:00,10.84,38,EVgo,150,Type 2,2021,No,4.5,4,Annually
EVS03994,"8579 Mexico City Ave, Mexico City",DC Fast Charger,0.17,9:00-18:00,8.78,10,Ionity,150,CCS,2012,Yes,3.7,7,Annually
EVS03995,"5695 Sydney Ave, Sydney",AC Level 1,0.48,24/7,3.92,30,Tesla,22,"Tesla, CHAdeMO",2023,Yes,3.3,10,Annually
EVS03996,"575 Los Angeles Ave, Los Angeles",AC Level 2,0.36,24/7,3.61,33,Greenlots,350,"Type 2, Tesla",2022,Yes,3.5,6,Quarterly
EVS03997,"956 Toronto Ave, Toronto",DC Fast Charger,0.33,6:00-22:00,8.65,43,Greenlots,150,"Tesla, CCS",2016,No,3.4,2,Monthly
EVS03998,"2470 Beijing Ave, Beijing",DC Fast Charger,0.49,9:00-18:00,14.26,25,Greenlots,22,CCS,2012,No,4.8,5,Annually
EVS03999,"6325 Los Angeles Ave, Los Angeles",DC Fast Charger,0.27,24/7,18.83,64,ChargePoint,350,"CHAdeMO, Type 2",2011,Yes,4.3,9,Quarterly
EVS04000,"2741 Sydney Ave, Sydney",AC Level 2,0.12,24/7,0.72,61,ChargePoint,22,Type 2,2020,Yes,4.2,4,Monthly
EVS04001,"2462 Random Rd, City 134, Country",AC Level 2,0.22,9:00-18:00,18.29,82,EVgo,150,"Type 2, CCS",2020,No,4.1,4,Annually
EVS04002,"6096 Mumbai Ave, Mumbai",AC Level 2,0.44,24/7,1.56,97,Greenlots,22,Tesla,2012,Yes,4.9,1,Quarterly
EVS04003,"3845 Seoul Ave, Seoul",AC Level 1,0.22,6:00-22:00,18.23,13,EVgo,150,"Tesla, CCS",2010,Yes,3.9,9,Monthly
EVS04004,"2985 Beijing Ave, Beijing",AC Level 2,0.36,9:00-18:00,11.30,15,Ionity,22,CHAdeMO,2011,Yes,4.9,2,Quarterly
EVS04005,"3059 Mumbai Ave, Mumbai",AC Level 1,0.38,24/7,17.57,96,Tesla,22,CHAdeMO,2015,No,3.6,1,Quarterly
EVS04006,"6398 Mumbai Ave, Mumbai",AC Level 2,0.37,6:00-22:00,12.99,18,Tesla,350,Type 2,2018,No,3.9,4,Monthly
EVS04007,"5544 Moscow Ave, Moscow",DC Fast Charger,0.16,6:00-22:00,8.86,41,EVgo,22,CHAdeMO,2023,Yes,3.1,4,Quarterly
EVS04008,"6790 Mexico City Ave, Mexico City",AC Level 2,0.31,6:00-22:00,12.01,20,EVgo,150,CCS,2021,Yes,4.2,6,Monthly
EVS04009,"9228 Cape Town Ave, Cape Town",AC Level 1,0.26,6:00-22:00,10.08,78,Ionity,350,"Type 2, CCS",2011,No,3.2,4,Annually
EVS04010,"835 Mexico City Ave, Mexico City",AC Level 2,0.43,24/7,2.41,48,Greenlots,50,"Tesla, CCS",2012,No,4.9,9,Annually
EVS04011,"2927 Random Rd, City 211, Country",DC Fast Charger,0.33,6:00-22:00,1.53,45,Greenlots,150,"CHAdeMO, Tesla",2013,Yes,3.4,6,Quarterly
EVS04012,"1227 San Francisco Ave, San Francisco",AC Level 1,0.34,6:00-22:00,6.64,96,Tesla,50,Tesla,2012,Yes,3.1,8,Monthly
EVS04013,"2699 Toronto Ave, Toronto",AC Level 2,0.50,6:00-22:00,12.13,83,Tesla,50,"CCS, Tesla",2010,No,5.0,9,Quarterly
EVS04014,"5834 Chicago Ave, Chicago",AC Level 2,0.15,6:00-22:00,5.60,33,Tesla,350,CHAdeMO,2012,No,4.4,10,Monthly
EVS04015,"3811 Moscow Ave, Moscow",AC Level 2,0.15,24/7,11.57,36,Greenlots,350,CHAdeMO,2022,Yes,3.2,10,Quarterly
EVS04016,"1172 Seoul Ave, Seoul",DC Fast Charger,0.37,6:00-22:00,6.58,87,EVgo,150,CCS,2012,Yes,4.6,10,Monthly
EVS04017,"9935 Mumbai Ave, Mumbai",DC Fast Charger,0.32,24/7,1.10,13,Ionity,50,"Tesla, CCS",2014,Yes,4.1,6,Annually
EVS04018,"4473 Beijing Ave, Beijing",AC Level 2,0.46,6:00-22:00,2.36,81,Greenlots,150,CHAdeMO,2011,No,4.2,5,Quarterly
EVS04019,"3569 Toronto Ave, Toronto",AC Level 2,0.49,6:00-22:00,12.03,64,ChargePoint,150,Type 2,2020,Yes,4.2,3,Monthly
EVS04020,"8176 Cape Town Ave, Cape Town",AC Level 1,0.46,6:00-22:00,14.11,77,ChargePoint,150,"Type 2, CCS",2022,No,3.4,7,Annually
EVS04021,"3183 Random Rd, City 61, Country",AC Level 1,0.21,9:00-18:00,4.51,38,Greenlots,150,"Type 2, CHAdeMO",2010,Yes,3.0,4,Quarterly
EVS04022,"4783 Los Angeles Ave, Los Angeles",AC Level 2,0.15,24/7,1.38,78,Greenlots,22,CCS,2010,No,4.1,5,Annually
EVS04023,"9278 San Francisco Ave, San Francisco",DC Fast Charger,0.20,24/7,19.15,89,ChargePoint,150,Tesla,2015,Yes,3.6,3,Monthly
EVS04024,"1494 Beijing Ave, Beijing",AC Level 2,0.43,9:00-18:00,17.98,53,ChargePoint,150,"Tesla, CHAdeMO",2015,Yes,3.9,10,Annually
EVS04025,"2199 Toronto Ave, Toronto",DC Fast Charger,0.23,6:00-22:00,10.79,88,ChargePoint,22,Tesla,2016,Yes,3.1,1,Monthly
EVS04026,"4629 Beijing Ave, Beijing",AC Level 1,0.14,6:00-22:00,7.29,55,Greenlots,350,"CHAdeMO, Tesla",2022,Yes,3.7,9,Monthly
EVS04027,"4782 San Francisco Ave, San Francisco",AC Level 2,0.17,24/7,2.83,39,ChargePoint,50,CHAdeMO,2023,Yes,3.2,2,Annually
EVS04028,"3082 Moscow Ave, Moscow",AC Level 2,0.19,9:00-18:00,1.92,12,Tesla,50,"CHAdeMO, CCS",2014,No,3.7,4,Monthly
EVS04029,"3393 Sydney Ave, Sydney",AC Level 2,0.43,9:00-18:00,19.56,73,Tesla,50,Tesla,2013,No,4.5,3,Annually
EVS04030,"3525 Toronto Ave, Toronto",DC Fast Charger,0.33,24/7,15.56,56,Greenlots,350,CCS,2011,No,3.2,9,Monthly
EVS04031,"7434 Random Rd, City 156, Country",AC Level 1,0.12,24/7,12.96,61,Ionity,350,"Tesla, CCS",2012,No,4.8,10,Monthly
EVS04032,"6675 Bangkok Ave, Bangkok",AC Level 1,0.11,9:00-18:00,11.17,77,EVgo,150,"CHAdeMO, CCS",2012,No,4.3,3,Monthly
EVS04033,"4841 Chicago Ave, Chicago",AC Level 2,0.25,6:00-22:00,4.21,51,Tesla,50,Type 2,2020,Yes,3.2,2,Quarterly
EVS04034,"704 Mumbai Ave, Mumbai",DC Fast Charger,0.42,6:00-22:00,12.35,35,Greenlots,150,"CHAdeMO, Type 2",2012,No,3.7,4,Monthly
EVS04035,"270 Los Angeles Ave, Los Angeles",DC Fast Charger,0.48,9:00-18:00,3.03,35,Greenlots,350,"CCS, CHAdeMO",2010,Yes,4.8,10,Annually
EVS04036,"3607 Bangkok Ave, Bangkok",DC Fast Charger,0.48,24/7,6.40,30,EVgo,22,Type 2,2018,Yes,4.1,4,Quarterly
EVS04037,"6600 Sydney Ave, Sydney",AC Level 2,0.16,6:00-22:00,5.18,82,Ionity,150,CHAdeMO,2022,No,3.5,5,Annually
EVS04038,"4967 Cape Town Ave, Cape Town",AC Level 2,0.36,24/7,16.08,62,EVgo,150,Type 2,2013,Yes,4.7,5,Monthly
EVS04039,"2190 Sydney Ave, Sydney",AC Level 2,0.33,6:00-22:00,7.23,46,ChargePoint,150,CCS,2016,Yes,3.9,4,Annually
EVS04040,"3818 Beijing Ave, Beijing",DC Fast Charger,0.16,6:00-22:00,16.58,82,Ionity,50,Tesla,2017,No,4.7,1,Quarterly
EVS04041,"5769 Random Rd, City 377, Country",DC Fast Charger,0.45,24/7,12.50,33,Greenlots,350,"Tesla, Type 2",2012,No,4.6,7,Monthly
EVS04042,"4247 São Paulo Ave, São Paulo",AC Level 1,0.37,9:00-18:00,17.66,59,Tesla,150,"CHAdeMO, CCS",2020,No,3.8,7,Monthly
EVS04043,"3321 San Francisco Ave, San Francisco",AC Level 2,0.45,6:00-22:00,3.73,70,EVgo,150,"CHAdeMO, Tesla",2013,Yes,3.8,3,Monthly
EVS04044,"3221 Chicago Ave, Chicago",AC Level 1,0.38,9:00-18:00,7.96,92,Ionity,22,CHAdeMO,2022,No,4.3,9,Annually
EVS04045,"8312 Mexico City Ave, Mexico City",AC Level 1,0.19,24/7,14.37,87,Greenlots,350,"CCS, CHAdeMO",2010,No,3.1,9,Quarterly
EVS04046,"2937 Mexico City Ave, Mexico City",DC Fast Charger,0.43,9:00-18:00,5.85,29,ChargePoint,22,Tesla,2017,No,4.9,2,Monthly
EVS04047,"3153 Sydney Ave, Sydney",AC Level 2,0.45,24/7,6.69,80,Ionity,150,"Tesla, CCS",2014,No,4.9,6,Annually
EVS04048,"5650 Mumbai Ave, Mumbai",AC Level 2,0.31,24/7,14.65,22,Tesla,150,"CCS, Type 2",2013,Yes,3.5,1,Quarterly
EVS04049,"1399 Chicago Ave, Chicago",AC Level 2,0.15,6:00-22:00,10.96,87,EVgo,150,Type 2,2022,Yes,3.2,9,Monthly
EVS04050,"7801 Bangkok Ave, Bangkok",AC Level 2,0.12,24/7,17.70,84,EVgo,22,"Tesla, CCS",2012,Yes,3.8,5,Quarterly
EVS04051,"1640 Random Rd, City 306, Country",AC Level 1,0.38,6:00-22:00,4.85,63,Ionity,22,Type 2,2016,Yes,4.1,8,Monthly
EVS04052,"444 São Paulo Ave, São Paulo",AC Level 2,0.19,24/7,12.39,71,ChargePoint,150,CHAdeMO,2014,Yes,5.0,1,Monthly
EVS04053,"3553 Los Angeles Ave, Los Angeles",DC Fast Charger,0.42,9:00-18:00,17.78,85,Greenlots,50,"CHAdeMO, CCS",2022,No,4.0,9,Annually
EVS04054,"8484 Seoul Ave, Seoul",AC Level 1,0.44,9:00-18:00,7.02,41,Greenlots,50,Tesla,2019,No,3.5,8,Annually
EVS04055,"1117 Mumbai Ave, Mumbai",DC Fast Charger,0.34,9:00-18:00,4.23,36,ChargePoint,350,"CHAdeMO, Type 2",2023,Yes,4.4,1,Monthly
EVS04056,"4149 Toronto Ave, Toronto",DC Fast Charger,0.27,6:00-22:00,7.74,31,Tesla,350,Tesla,2010,Yes,4.9,2,Quarterly
EVS04057,"3681 Berlin Ave, Berlin",AC Level 1,0.12,6:00-22:00,7.45,63,EVgo,350,Type 2,2017,No,4.9,5,Annually
EVS04058,"3994 Mumbai Ave, Mumbai",AC Level 2,0.23,9:00-18:00,18.96,98,Ionity,350,Type 2,2018,No,3.9,10,Monthly
EVS04059,"2364 Seoul Ave, Seoul",AC Level 2,0.49,24/7,18.12,89,Tesla,150,"Tesla, CCS",2014,No,3.8,10,Quarterly
EVS04060,"5261 Mexico City Ave, Mexico City",AC Level 1,0.49,24/7,6.77,17,Ionity,22,Tesla,2016,No,4.7,8,Annually
EVS04061,"3016 Random Rd, City 97, Country",AC Level 1,0.35,6:00-22:00,16.61,95,EVgo,22,CHAdeMO,2023,Yes,3.1,10,Monthly
EVS04062,"1833 Chicago Ave, Chicago",AC Level 2,0.42,6:00-22:00,10.79,69,ChargePoint,50,CCS,2022,No,3.4,8,Annually
EVS04063,"3875 Seoul Ave, Seoul",AC Level 1,0.35,24/7,19.24,94,EVgo,22,CHAdeMO,2021,Yes,3.9,8,Monthly
EVS04064,"2676 Seoul Ave, Seoul",DC Fast Charger,0.18,6:00-22:00,14.50,41,ChargePoint,350,"CCS, Tesla",2023,Yes,3.3,2,Quarterly
EVS04065,"7291 Cape Town Ave, Cape Town",AC Level 1,0.27,24/7,17.39,94,EVgo,350,CHAdeMO,2017,No,4.4,10,Monthly
EVS04066,"4803 Dubai Ave, Dubai",DC Fast Charger,0.46,24/7,0.66,11,ChargePoint,22,CCS,2021,No,3.8,4,Annually
EVS04067,"7481 Los Angeles Ave, Los Angeles",AC Level 2,0.29,6:00-22:00,11.91,80,ChargePoint,150,"Type 2, CHAdeMO",2022,No,3.6,6,Monthly
EVS04068,"1124 Los Angeles Ave, Los Angeles",AC Level 1,0.27,6:00-22:00,19.22,24,Tesla,150,Type 2,2016,No,3.5,9,Quarterly
EVS04069,"4779 Cape Town Ave, Cape Town",AC Level 2,0.30,6:00-22:00,4.84,88,ChargePoint,150,CHAdeMO,2020,No,4.9,10,Monthly
EVS04070,"4007 Toronto Ave, Toronto",DC Fast Charger,0.20,9:00-18:00,14.96,30,Ionity,150,CCS,2010,Yes,4.7,4,Quarterly
EVS04071,"4805 Random Rd, City 187, Country",AC Level 1,0.40,24/7,17.38,82,EVgo,150,"Type 2, CHAdeMO",2019,No,3.8,7,Annually
EVS04072,"296 San Francisco Ave, San Francisco",AC Level 1,0.18,6:00-22:00,14.17,61,EVgo,150,CHAdeMO,2016,Yes,4.1,2,Annually
EVS04073,"3049 Los Angeles Ave, Los Angeles",AC Level 2,0.20,9:00-18:00,8.79,40,Greenlots,350,"Type 2, CCS",2010,Yes,3.3,7,Monthly
EVS04074,"5155 Mexico City Ave, Mexico City",DC Fast Charger,0.44,9:00-18:00,10.06,74,EVgo,350,"Tesla, CCS",2018,Yes,4.8,9,Monthly
EVS04075,"7687 Beijing Ave, Beijing",AC Level 1,0.37,6:00-22:00,15.54,79,Greenlots,22,"Tesla, Type 2",2018,No,3.1,9,Monthly
EVS04076,"7532 Chicago Ave, Chicago",DC Fast Charger,0.49,9:00-18:00,12.25,36,ChargePoint,22,"Type 2, Tesla",2020,No,4.1,8,Annually
EVS04077,"1673 Bangkok Ave, Bangkok",AC Level 1,0.32,9:00-18:00,9.57,64,ChargePoint,22,CCS,2020,No,4.0,2,Annually
EVS04078,"9068 Toronto Ave, Toronto",DC Fast Charger,0.42,6:00-22:00,4.86,43,Ionity,22,"Tesla, CHAdeMO",2020,No,4.5,9,Monthly
EVS04079,"2393 Dubai Ave, Dubai",DC Fast Charger,0.48,6:00-22:00,7.57,25,ChargePoint,150,Tesla,2022,Yes,3.3,6,Monthly
EVS04080,"9319 Seoul Ave, Seoul",AC Level 2,0.47,6:00-22:00,15.85,48,EVgo,50,"CCS, Tesla",2010,Yes,4.6,2,Annually
EVS04081,"4049 Random Rd, City 326, Country",AC Level 1,0.11,9:00-18:00,10.99,43,Ionity,350,CHAdeMO,2022,No,3.9,1,Annually
EVS04082,"185 Sydney Ave, Sydney",AC Level 2,0.43,6:00-22:00,9.48,32,Tesla,150,Tesla,2020,Yes,4.7,10,Quarterly
EVS04083,"6236 Seoul Ave, Seoul",AC Level 1,0.45,9:00-18:00,5.62,96,Tesla,22,"Tesla, CHAdeMO",2018,No,4.2,8,Monthly
EVS04084,"8265 Chicago Ave, Chicago",AC Level 1,0.29,6:00-22:00,1.88,97,ChargePoint,350,"Tesla, CCS",2022,No,3.3,3,Monthly
EVS04085,"1657 Seoul Ave, Seoul",AC Level 2,0.27,9:00-18:00,9.19,86,Tesla,350,Type 2,2013,Yes,4.1,9,Annually
EVS04086,"4429 Beijing Ave, Beijing",AC Level 2,0.34,24/7,5.28,43,Greenlots,50,CHAdeMO,2018,No,3.6,5,Annually
EVS04087,"4065 Cape Town Ave, Cape Town",DC Fast Charger,0.44,6:00-22:00,15.44,32,EVgo,150,"Type 2, Tesla",2014,Yes,3.9,10,Annually
EVS04088,"9516 Los Angeles Ave, Los Angeles",DC Fast Charger,0.12,6:00-22:00,11.79,15,Ionity,150,"Type 2, Tesla",2023,No,3.7,9,Quarterly
EVS04089,"4711 Beijing Ave, Beijing",AC Level 2,0.29,6:00-22:00,4.36,50,Tesla,150,"CHAdeMO, CCS",2011,No,3.3,9,Monthly
EVS04090,"7986 Los Angeles Ave, Los Angeles",AC Level 2,0.24,6:00-22:00,7.16,63,Tesla,22,"Tesla, CCS",2011,No,3.0,6,Monthly
EVS04091,"540 Random Rd, City 432, Country",AC Level 2,0.32,9:00-18:00,19.90,90,Tesla,50,Type 2,2011,No,4.7,8,Annually
EVS04092,"3044 Los Angeles Ave, Los Angeles",DC Fast Charger,0.14,9:00-18:00,3.52,70,ChargePoint,50,CCS,2020,No,4.9,1,Quarterly
EVS04093,"1201 Seoul Ave, Seoul",AC Level 1,0.38,24/7,8.15,89,Tesla,150,CCS,2013,Yes,3.2,4,Quarterly
EVS04094,"4665 San Francisco Ave, San Francisco",DC Fast Charger,0.22,24/7,14.20,29,Ionity,22,"Tesla, CCS",2017,No,3.4,5,Quarterly
EVS04095,"2405 Toronto Ave, Toronto",AC Level 2,0.27,9:00-18:00,16.22,63,Greenlots,50,"Type 2, CHAdeMO",2016,No,3.1,10,Quarterly
EVS04096,"268 Berlin Ave, Berlin",AC Level 1,0.45,24/7,10.38,99,ChargePoint,22,"CCS, Type 2",2021,No,4.8,1,Monthly
EVS04097,"5931 Sydney Ave, Sydney",AC Level 1,0.43,9:00-18:00,15.62,28,Greenlots,22,"CHAdeMO, Type 2",2018,No,4.9,3,Monthly
EVS04098,"9496 Moscow Ave, Moscow",DC Fast Charger,0.27,6:00-22:00,6.48,80,EVgo,350,"Tesla, CHAdeMO",2012,No,4.9,6,Quarterly
EVS04099,"68 Cape Town Ave, Cape Town",AC Level 1,0.21,9:00-18:00,16.24,80,EVgo,50,Type 2,2012,No,3.7,10,Quarterly
EVS04100,"7284 San Francisco Ave, San Francisco",DC Fast Charger,0.41,6:00-22:00,5.21,33,ChargePoint,350,"Type 2, CCS",2019,Yes,3.4,7,Quarterly
EVS04101,"6953 Random Rd, City 442, Country",AC Level 1,0.23,24/7,18.91,74,Tesla,350,CCS,2016,No,4.0,8,Quarterly
EVS04102,"4777 Sydney Ave, Sydney",DC Fast Charger,0.13,6:00-22:00,5.18,44,Greenlots,350,"CHAdeMO, Type 2",2019,Yes,3.0,10,Annually
EVS04103,"5709 Mexico City Ave, Mexico City",DC Fast Charger,0.41,9:00-18:00,3.89,13,Ionity,350,CHAdeMO,2013,No,3.3,4,Annually
EVS04104,"1224 Cape Town Ave, Cape Town",AC Level 2,0.38,9:00-18:00,12.47,71,Ionity,350,Tesla,2018,No,3.2,1,Quarterly
EVS04105,"3331 Mexico City Ave, Mexico City",AC Level 1,0.35,9:00-18:00,16.44,93,EVgo,150,Tesla,2018,Yes,4.4,6,Quarterly
EVS04106,"3955 Bangkok Ave, Bangkok",AC Level 1,0.48,6:00-22:00,5.70,28,Ionity,150,"CHAdeMO, Type 2",2011,No,3.2,4,Monthly
EVS04107,"6930 Seoul Ave, Seoul",AC Level 2,0.21,6:00-22:00,9.88,87,Tesla,350,CHAdeMO,2010,Yes,3.9,5,Quarterly
EVS04108,"3573 Moscow Ave, Moscow",AC Level 1,0.14,6:00-22:00,4.51,39,Ionity,350,CHAdeMO,2022,Yes,3.2,6,Quarterly
EVS04109,"5216 Sydney Ave, Sydney",DC Fast Charger,0.29,6:00-22:00,5.25,16,ChargePoint,150,Type 2,2013,No,3.3,8,Annually
EVS04110,"6719 Mumbai Ave, Mumbai",AC Level 1,0.41,24/7,9.89,72,EVgo,350,"Tesla, CHAdeMO",2010,Yes,3.7,3,Monthly
EVS04111,"7401 Random Rd, City 48, Country",AC Level 1,0.23,24/7,14.15,97,Ionity,50,"Tesla, CCS",2023,Yes,4.8,9,Quarterly
EVS04112,"236 Cape Town Ave, Cape Town",AC Level 1,0.35,24/7,18.50,62,EVgo,50,"CCS, Tesla",2016,No,4.9,1,Quarterly
EVS04113,"3297 São Paulo Ave, São Paulo",AC Level 2,0.37,6:00-22:00,1.56,86,Tesla,350,Tesla,2017,No,3.2,7,Monthly
EVS04114,"3254 Mumbai Ave, Mumbai",AC Level 1,0.43,24/7,15.46,43,Ionity,350,Tesla,2013,Yes,4.7,8,Quarterly
EVS04115,"9160 Beijing Ave, Beijing",AC Level 2,0.13,9:00-18:00,19.29,36,Greenlots,350,Tesla,2010,Yes,4.6,2,Quarterly
EVS04116,"996 Chicago Ave, Chicago",AC Level 1,0.36,9:00-18:00,12.76,22,ChargePoint,50,Type 2,2010,Yes,4.7,6,Quarterly
EVS04117,"4571 Moscow Ave, Moscow",DC Fast Charger,0.49,9:00-18:00,11.62,27,Greenlots,350,"CCS, Tesla",2020,No,3.8,1,Quarterly
EVS04118,"987 San Francisco Ave, San Francisco",DC Fast Charger,0.28,9:00-18:00,14.34,92,ChargePoint,22,CCS,2021,No,4.2,6,Annually
EVS04119,"3289 Sydney Ave, Sydney",AC Level 2,0.38,24/7,3.44,47,ChargePoint,150,"Tesla, CCS",2018,Yes,3.9,3,Monthly
EVS04120,"3512 Berlin Ave, Berlin",AC Level 2,0.43,9:00-18:00,5.94,56,Greenlots,22,"Type 2, CHAdeMO",2014,No,3.1,8,Quarterly
EVS04121,"4052 Random Rd, City 242, Country",AC Level 2,0.30,6:00-22:00,7.59,55,Ionity,150,"Type 2, CCS",2019,Yes,3.3,6,Monthly
EVS04122,"9815 Dubai Ave, Dubai",AC Level 2,0.48,9:00-18:00,8.69,16,Ionity,22,"CCS, Type 2",2020,No,3.3,1,Annually
EVS04123,"5346 Moscow Ave, Moscow",DC Fast Charger,0.27,6:00-22:00,6.71,92,Tesla,50,Type 2,2014,Yes,3.4,1,Monthly
EVS04124,"4779 Mexico City Ave, Mexico City",DC Fast Charger,0.12,24/7,13.13,83,EVgo,150,Type 2,2019,Yes,3.9,10,Monthly
EVS04125,"9753 Chicago Ave, Chicago",AC Level 1,0.15,24/7,12.07,17,ChargePoint,350,"Tesla, CHAdeMO",2020,No,4.6,4,Annually
EVS04126,"6949 Bangkok Ave, Bangkok",DC Fast Charger,0.25,24/7,12.13,17,Greenlots,350,"CCS, CHAdeMO",2011,No,3.5,4,Quarterly
EVS04127,"1183 Chicago Ave, Chicago",AC Level 2,0.38,24/7,15.85,77,ChargePoint,350,Type 2,2013,Yes,4.9,5,Annually
EVS04128,"1935 Cape Town Ave, Cape Town",AC Level 1,0.14,6:00-22:00,2.48,89,Greenlots,22,"Type 2, CHAdeMO",2023,No,4.7,1,Quarterly
EVS04129,"68 Berlin Ave, Berlin",DC Fast Charger,0.12,9:00-18:00,19.25,57,Greenlots,350,CHAdeMO,2020,No,3.3,7,Annually
EVS04130,"3817 Sydney Ave, Sydney",AC Level 1,0.44,6:00-22:00,13.89,54,Tesla,350,"CHAdeMO, Tesla",2022,No,3.7,6,Quarterly
EVS04131,"3283 Random Rd, City 99, Country",DC Fast Charger,0.31,9:00-18:00,5.64,26,Greenlots,350,"Tesla, CHAdeMO",2014,No,4.2,6,Monthly
EVS04132,"8478 Bangkok Ave, Bangkok",DC Fast Charger,0.48,9:00-18:00,16.40,91,Ionity,22,Tesla,2010,No,4.8,5,Quarterly
EVS04133,"6038 Bangkok Ave, Bangkok",AC Level 2,0.31,9:00-18:00,15.56,39,Greenlots,22,"CCS, CHAdeMO",2013,Yes,4.8,9,Annually
EVS04134,"8566 Beijing Ave, Beijing",AC Level 1,0.30,9:00-18:00,9.58,16,EVgo,150,"Type 2, CCS",2014,Yes,3.4,4,Monthly
EVS04135,"3954 São Paulo Ave, São Paulo",AC Level 1,0.28,24/7,9.04,47,Greenlots,50,"CHAdeMO, CCS",2022,No,4.7,7,Monthly
EVS04136,"890 Beijing Ave, Beijing",AC Level 1,0.39,6:00-22:00,18.73,51,EVgo,350,CHAdeMO,2017,Yes,4.9,7,Annually
EVS04137,"5334 San Francisco Ave, San Francisco",DC Fast Charger,0.19,24/7,3.50,42,Greenlots,22,Type 2,2010,No,3.3,7,Monthly
EVS04138,"4954 San Francisco Ave, San Francisco",AC Level 2,0.49,6:00-22:00,7.75,81,EVgo,22,Tesla,2016,Yes,3.8,6,Quarterly
EVS04139,"1358 San Francisco Ave, San Francisco",AC Level 2,0.24,24/7,12.17,92,Greenlots,50,Type 2,2013,No,4.5,4,Quarterly
EVS04140,"8578 São Paulo Ave, São Paulo",DC Fast Charger,0.50,9:00-18:00,10.52,24,ChargePoint,150,"CCS, CHAdeMO",2013,Yes,3.9,6,Monthly
EVS04141,"4904 Random Rd, City 184, Country",AC Level 2,0.46,9:00-18:00,16.66,94,ChargePoint,22,"CHAdeMO, Tesla",2012,Yes,3.5,10,Annually
EVS04142,"5577 Dubai Ave, Dubai",DC Fast Charger,0.31,9:00-18:00,14.03,70,Ionity,350,CCS,2023,Yes,4.8,6,Annually
EVS04143,"2992 Berlin Ave, Berlin",DC Fast Charger,0.49,6:00-22:00,14.34,68,Ionity,150,Tesla,2016,No,3.7,6,Monthly
EVS04144,"9155 Dubai Ave, Dubai",AC Level 2,0.37,24/7,7.28,81,Tesla,150,"Tesla, CHAdeMO",2021,No,4.0,1,Quarterly
EVS04145,"1070 São Paulo Ave, São Paulo",AC Level 2,0.33,9:00-18:00,5.85,52,Greenlots,150,"CCS, Tesla",2016,No,3.7,2,Annually
EVS04146,"3485 San Francisco Ave, San Francisco",AC Level 2,0.20,24/7,0.87,92,Tesla,50,"Tesla, CCS",2011,Yes,4.3,7,Monthly
EVS04147,"8979 Seoul Ave, Seoul",AC Level 1,0.44,24/7,10.48,73,Greenlots,350,CCS,2015,Yes,3.2,9,Annually
EVS04148,"3425 San Francisco Ave, San Francisco",DC Fast Charger,0.30,24/7,13.96,88,Ionity,150,"CCS, Tesla",2017,Yes,5.0,6,Monthly
EVS04149,"2087 Chicago Ave, Chicago",AC Level 1,0.45,9:00-18:00,13.65,95,Greenlots,150,"Tesla, CCS",2022,Yes,3.5,4,Monthly
EVS04150,"134 Seoul Ave, Seoul",AC Level 2,0.38,9:00-18:00,14.24,87,ChargePoint,50,"Tesla, CCS",2015,Yes,4.4,4,Quarterly
EVS04151,"1031 Random Rd, City 438, Country",AC Level 2,0.19,9:00-18:00,7.45,35,Tesla,22,CCS,2023,Yes,3.2,9,Annually
EVS04152,"6834 Dubai Ave, Dubai",AC Level 2,0.50,24/7,11.84,68,Greenlots,150,"Tesla, CCS",2012,Yes,3.1,6,Quarterly
EVS04153,"8390 Beijing Ave, Beijing",AC Level 1,0.30,9:00-18:00,14.36,94,Tesla,150,"Tesla, Type 2",2017,Yes,4.1,6,Monthly
EVS04154,"8045 San Francisco Ave, San Francisco",DC Fast Charger,0.20,9:00-18:00,7.78,46,Tesla,22,"CCS, CHAdeMO",2016,No,3.5,9,Annually
EVS04155,"2734 Seoul Ave, Seoul",AC Level 1,0.34,24/7,10.43,26,Tesla,50,Type 2,2012,No,4.2,8,Annually
EVS04156,"7324 Seoul Ave, Seoul",AC Level 1,0.11,24/7,19.83,68,Tesla,50,"CHAdeMO, Type 2",2018,No,3.9,7,Quarterly
EVS04157,"7953 San Francisco Ave, San Francisco",AC Level 2,0.26,9:00-18:00,17.46,58,Ionity,150,Type 2,2017,Yes,3.0,5,Quarterly
EVS04158,"1915 Toronto Ave, Toronto",DC Fast Charger,0.21,6:00-22:00,10.84,75,Greenlots,150,"CCS, Type 2",2018,No,3.9,5,Monthly
EVS04159,"2226 Berlin Ave, Berlin",AC Level 2,0.25,24/7,9.91,88,Ionity,22,"CHAdeMO, CCS",2016,No,3.4,8,Quarterly
EVS04160,"2763 Los Angeles Ave, Los Angeles",AC Level 1,0.18,9:00-18:00,1.40,54,EVgo,150,"CHAdeMO, Type 2",2015,No,3.7,3,Quarterly
EVS04161,"1176 Random Rd, City 316, Country",AC Level 2,0.39,24/7,8.69,63,Tesla,350,"CCS, Tesla",2013,No,3.2,4,Monthly
EVS04162,"7311 Bangkok Ave, Bangkok",AC Level 1,0.39,24/7,8.75,14,ChargePoint,22,"CCS, Tesla",2013,Yes,4.8,1,Annually
EVS04163,"2429 Moscow Ave, Moscow",AC Level 1,0.34,6:00-22:00,6.24,31,Tesla,350,Type 2,2022,Yes,4.4,2,Quarterly
EVS04164,"9036 Beijing Ave, Beijing",DC Fast Charger,0.18,24/7,5.71,26,Ionity,22,"Type 2, Tesla",2022,No,3.0,2,Quarterly
EVS04165,"1729 Cape Town Ave, Cape Town",AC Level 2,0.36,24/7,15.20,79,EVgo,350,Tesla,2019,Yes,4.5,6,Monthly
EVS04166,"6007 Seoul Ave, Seoul",DC Fast Charger,0.43,9:00-18:00,17.44,90,Tesla,50,CHAdeMO,2013,Yes,3.1,2,Quarterly
EVS04167,"7694 Berlin Ave, Berlin",AC Level 2,0.18,6:00-22:00,12.78,55,Ionity,150,Type 2,2017,No,4.7,2,Quarterly
EVS04168,"2098 São Paulo Ave, São Paulo",AC Level 1,0.32,6:00-22:00,12.95,75,Greenlots,50,CHAdeMO,2013,Yes,4.6,8,Monthly
EVS04169,"8440 Chicago Ave, Chicago",AC Level 2,0.15,6:00-22:00,11.63,59,Tesla,150,"CCS, Type 2",2018,Yes,3.6,7,Quarterly
EVS04170,"7170 Bangkok Ave, Bangkok",DC Fast Charger,0.43,9:00-18:00,10.66,61,Ionity,22,Tesla,2016,Yes,3.9,4,Quarterly
EVS04171,"2349 Random Rd, City 127, Country",AC Level 2,0.26,9:00-18:00,3.06,45,EVgo,22,CCS,2019,No,4.4,5,Annually
EVS04172,"8644 Bangkok Ave, Bangkok",AC Level 2,0.15,24/7,5.76,37,ChargePoint,150,"Tesla, Type 2",2014,Yes,4.8,10,Annually
EVS04173,"3507 Bangkok Ave, Bangkok",AC Level 2,0.19,6:00-22:00,14.25,47,ChargePoint,150,"Type 2, CCS",2020,No,3.5,7,Quarterly
EVS04174,"9705 Moscow Ave, Moscow",DC Fast Charger,0.42,24/7,14.36,100,Greenlots,22,"Tesla, Type 2",2014,Yes,3.1,3,Annually
EVS04175,"48 Berlin Ave, Berlin",DC Fast Charger,0.44,9:00-18:00,19.20,59,ChargePoint,22,"Type 2, CHAdeMO",2012,No,4.4,8,Annually
EVS04176,"8833 Los Angeles Ave, Los Angeles",AC Level 1,0.16,6:00-22:00,13.53,38,Greenlots,50,"Tesla, Type 2",2012,No,3.4,8,Monthly
EVS04177,"9604 Moscow Ave, Moscow",AC Level 2,0.15,6:00-22:00,12.61,51,EVgo,50,"CCS, Tesla",2020,Yes,4.8,8,Quarterly
EVS04178,"8484 Dubai Ave, Dubai",AC Level 1,0.19,24/7,5.33,93,Greenlots,350,CHAdeMO,2021,Yes,3.7,9,Quarterly
EVS04179,"6876 Sydney Ave, Sydney",AC Level 1,0.16,9:00-18:00,10.44,69,EVgo,350,"Tesla, Type 2",2022,No,3.4,5,Monthly
EVS04180,"7771 Sydney Ave, Sydney",AC Level 1,0.29,9:00-18:00,7.33,51,Tesla,350,"Type 2, CHAdeMO",2010,No,3.5,1,Monthly
EVS04181,"4651 Random Rd, City 80, Country",AC Level 2,0.24,9:00-18:00,2.98,47,Greenlots,350,CCS,2020,Yes,3.7,2,Monthly
EVS04182,"7104 Dubai Ave, Dubai",DC Fast Charger,0.34,24/7,7.48,17,Tesla,150,Tesla,2019,No,3.9,1,Annually
EVS04183,"7412 Sydney Ave, Sydney",AC Level 1,0.45,6:00-22:00,17.93,64,Greenlots,150,Type 2,2015,Yes,4.6,4,Annually
EVS04184,"8872 Sydney Ave, Sydney",AC Level 1,0.23,6:00-22:00,8.71,60,Tesla,150,"CCS, Tesla",2023,Yes,4.1,10,Annually
EVS04185,"5579 San Francisco Ave, San Francisco",AC Level 1,0.50,6:00-22:00,13.38,14,ChargePoint,350,Type 2,2016,Yes,4.1,10,Monthly
EVS04186,"7673 Toronto Ave, Toronto",AC Level 2,0.43,6:00-22:00,7.93,23,ChargePoint,150,"CHAdeMO, CCS",2015,Yes,3.4,4,Quarterly
EVS04187,"6180 Cape Town Ave, Cape Town",AC Level 2,0.17,24/7,12.81,10,Tesla,150,"Type 2, CHAdeMO",2017,Yes,3.8,10,Monthly
EVS04188,"2073 Bangkok Ave, Bangkok",AC Level 2,0.44,9:00-18:00,6.55,42,ChargePoint,150,CCS,2018,Yes,3.6,10,Quarterly
EVS04189,"3115 Toronto Ave, Toronto",AC Level 2,0.39,9:00-18:00,19.73,67,Ionity,22,"CHAdeMO, Tesla",2022,Yes,3.2,1,Monthly
EVS04190,"5952 Mumbai Ave, Mumbai",AC Level 1,0.42,24/7,18.39,46,ChargePoint,50,Type 2,2017,Yes,3.8,10,Annually
EVS04191,"3111 Random Rd, City 30, Country",AC Level 1,0.24,6:00-22:00,8.06,66,Ionity,22,CCS,2020,Yes,4.1,5,Annually
EVS04192,"4574 Los Angeles Ave, Los Angeles",AC Level 1,0.44,6:00-22:00,6.19,60,EVgo,22,"Tesla, CHAdeMO",2014,Yes,4.1,5,Monthly
EVS04193,"8114 Beijing Ave, Beijing",DC Fast Charger,0.28,24/7,2.57,52,ChargePoint,150,Type 2,2022,No,4.2,2,Monthly
EVS04194,"4520 Mumbai Ave, Mumbai",DC Fast Charger,0.41,9:00-18:00,10.99,64,ChargePoint,50,"Type 2, Tesla",2016,No,4.8,9,Monthly
EVS04195,"6629 Cape Town Ave, Cape Town",DC Fast Charger,0.31,24/7,17.96,85,ChargePoint,50,Tesla,2021,No,4.3,7,Annually
EVS04196,"1576 Toronto Ave, Toronto",DC Fast Charger,0.42,6:00-22:00,12.45,17,ChargePoint,350,Type 2,2015,Yes,3.4,7,Quarterly
EVS04197,"5331 Moscow Ave, Moscow",AC Level 1,0.47,6:00-22:00,5.89,51,ChargePoint,350,Tesla,2016,No,3.3,3,Annually
EVS04198,"1095 Berlin Ave, Berlin",AC Level 1,0.14,9:00-18:00,10.55,72,Greenlots,50,CCS,2010,No,4.8,5,Annually
EVS04199,"1611 São Paulo Ave, São Paulo",DC Fast Charger,0.47,24/7,13.90,54,Ionity,22,CHAdeMO,2015,No,4.9,1,Monthly
EVS04200,"6062 Moscow Ave, Moscow",AC Level 1,0.17,6:00-22:00,8.91,29,Tesla,150,Type 2,2017,Yes,3.6,10,Monthly
EVS04201,"3295 Random Rd, City 17, Country",AC Level 1,0.19,6:00-22:00,13.61,42,ChargePoint,50,Type 2,2017,No,3.4,10,Quarterly
EVS04202,"3479 Mumbai Ave, Mumbai",DC Fast Charger,0.36,9:00-18:00,3.24,89,Ionity,50,CHAdeMO,2017,Yes,4.4,5,Monthly
EVS04203,"1218 Mumbai Ave, Mumbai",AC Level 1,0.43,9:00-18:00,2.39,66,Greenlots,22,Type 2,2017,No,3.0,2,Quarterly
EVS04204,"9774 Beijing Ave, Beijing",AC Level 1,0.21,24/7,19.48,75,EVgo,350,CHAdeMO,2023,No,4.9,4,Quarterly
EVS04205,"3293 Mexico City Ave, Mexico City",AC Level 1,0.15,6:00-22:00,3.33,47,Greenlots,350,Type 2,2016,Yes,3.4,10,Quarterly
EVS04206,"9108 Los Angeles Ave, Los Angeles",AC Level 2,0.12,9:00-18:00,5.99,77,Ionity,150,Type 2,2017,Yes,4.2,1,Quarterly
EVS04207,"371 Mexico City Ave, Mexico City",AC Level 2,0.16,24/7,6.18,97,ChargePoint,350,"Tesla, Type 2",2015,No,4.3,10,Annually
EVS04208,"8675 Chicago Ave, Chicago",AC Level 1,0.20,9:00-18:00,6.27,12,EVgo,50,"CHAdeMO, Type 2",2018,No,3.5,3,Monthly
EVS04209,"7235 Bangkok Ave, Bangkok",DC Fast Charger,0.44,6:00-22:00,16.34,68,Greenlots,350,Type 2,2014,Yes,3.3,2,Monthly
EVS04210,"2063 Dubai Ave, Dubai",AC Level 2,0.45,6:00-22:00,5.99,50,Tesla,350,"Tesla, CHAdeMO",2017,Yes,3.2,9,Monthly
EVS04211,"4135 Random Rd, City 448, Country",AC Level 1,0.23,9:00-18:00,13.92,55,Ionity,350,"Tesla, CHAdeMO",2016,Yes,4.2,6,Monthly
EVS04212,"9648 Cape Town Ave, Cape Town",AC Level 2,0.41,9:00-18:00,8.37,97,EVgo,50,Tesla,2018,No,4.0,10,Quarterly
EVS04213,"7837 Los Angeles Ave, Los Angeles",DC Fast Charger,0.41,6:00-22:00,15.98,93,EVgo,22,Tesla,2016,Yes,3.6,2,Annually
EVS04214,"8152 San Francisco Ave, San Francisco",AC Level 2,0.47,6:00-22:00,9.92,50,Ionity,22,CHAdeMO,2010,Yes,3.3,6,Quarterly
EVS04215,"3039 Seoul Ave, Seoul",AC Level 1,0.17,9:00-18:00,5.87,60,Tesla,22,"CCS, Tesla",2012,Yes,3.2,2,Quarterly
EVS04216,"4747 Dubai Ave, Dubai",AC Level 2,0.19,9:00-18:00,7.12,21,Ionity,150,"CHAdeMO, Tesla",2010,No,3.3,4,Monthly
EVS04217,"5930 Los Angeles Ave, Los Angeles",AC Level 2,0.32,9:00-18:00,16.56,97,Ionity,22,Tesla,2020,Yes,3.3,1,Annually
EVS04218,"8091 Chicago Ave, Chicago",DC Fast Charger,0.27,9:00-18:00,8.88,19,EVgo,50,Type 2,2020,Yes,4.0,9,Monthly
EVS04219,"2128 Dubai Ave, Dubai",AC Level 2,0.43,9:00-18:00,12.11,44,EVgo,350,CHAdeMO,2012,No,3.3,1,Annually
EVS04220,"5194 Mumbai Ave, Mumbai",DC Fast Charger,0.20,6:00-22:00,7.11,36,Tesla,350,Type 2,2023,Yes,4.4,4,Annually
EVS04221,"1698 Random Rd, City 46, Country",AC Level 1,0.32,9:00-18:00,14.17,67,Tesla,50,"CCS, Type 2",2011,Yes,3.3,7,Monthly
EVS04222,"7114 Mexico City Ave, Mexico City",DC Fast Charger,0.19,6:00-22:00,3.39,33,Ionity,50,"CHAdeMO, Tesla",2021,No,4.8,4,Annually
EVS04223,"7300 Sydney Ave, Sydney",AC Level 1,0.18,6:00-22:00,1.72,55,Greenlots,50,Tesla,2022,Yes,4.3,6,Annually
EVS04224,"806 Cape Town Ave, Cape Town",AC Level 1,0.17,9:00-18:00,1.85,72,Greenlots,22,CCS,2022,No,3.8,2,Annually
EVS04225,"5299 Mumbai Ave, Mumbai",DC Fast Charger,0.19,6:00-22:00,18.34,99,ChargePoint,22,"CCS, CHAdeMO",2013,Yes,4.4,1,Annually
EVS04226,"9057 Toronto Ave, Toronto",AC Level 2,0.45,24/7,10.77,43,ChargePoint,50,CCS,2011,Yes,3.9,6,Quarterly
EVS04227,"1236 Moscow Ave, Moscow",DC Fast Charger,0.37,9:00-18:00,7.49,76,ChargePoint,50,"CCS, Tesla",2012,No,4.1,1,Monthly
EVS04228,"9537 Mumbai Ave, Mumbai",AC Level 2,0.21,24/7,13.91,100,Greenlots,350,CCS,2018,No,3.8,3,Annually
EVS04229,"6707 Dubai Ave, Dubai",AC Level 1,0.41,24/7,9.94,22,Greenlots,350,"Type 2, CCS",2022,No,4.7,5,Annually
EVS04230,"9485 Dubai Ave, Dubai",DC Fast Charger,0.37,24/7,5.83,92,Tesla,50,"Tesla, CCS",2018,No,4.8,4,Quarterly
EVS04231,"7750 Random Rd, City 351, Country",AC Level 2,0.11,9:00-18:00,13.84,85,ChargePoint,50,Tesla,2021,No,4.9,7,Annually
EVS04232,"4239 Mexico City Ave, Mexico City",AC Level 2,0.38,24/7,11.98,16,Ionity,350,Tesla,2017,No,3.7,9,Annually
EVS04233,"7801 Sydney Ave, Sydney",AC Level 1,0.34,9:00-18:00,1.30,82,Ionity,22,"Tesla, Type 2",2012,No,4.2,4,Annually
EVS04234,"2520 São Paulo Ave, São Paulo",DC Fast Charger,0.14,24/7,14.69,52,Ionity,22,"Type 2, CCS",2016,No,4.8,5,Quarterly
EVS04235,"1398 Mexico City Ave, Mexico City",DC Fast Charger,0.14,9:00-18:00,9.36,81,ChargePoint,350,CHAdeMO,2011,Yes,4.3,1,Quarterly
EVS04236,"7916 Toronto Ave, Toronto",AC Level 1,0.43,24/7,0.56,77,Tesla,150,"Tesla, CCS",2020,Yes,4.5,6,Annually
EVS04237,"8460 Bangkok Ave, Bangkok",AC Level 1,0.22,6:00-22:00,16.54,31,EVgo,50,"Type 2, CCS",2012,No,3.1,5,Quarterly
EVS04238,"8850 Seoul Ave, Seoul",AC Level 2,0.33,6:00-22:00,2.86,35,EVgo,350,"Tesla, CHAdeMO",2022,Yes,5.0,8,Quarterly
EVS04239,"4364 São Paulo Ave, São Paulo",AC Level 2,0.21,6:00-22:00,5.04,10,Tesla,50,"Type 2, CCS",2018,No,3.5,1,Annually
EVS04240,"8768 Cape Town Ave, Cape Town",DC Fast Charger,0.36,24/7,1.29,13,EVgo,150,Tesla,2016,Yes,3.7,1,Quarterly
EVS04241,"9686 Random Rd, City 317, Country",DC Fast Charger,0.21,9:00-18:00,10.29,26,EVgo,150,"CCS, Type 2",2023,No,4.3,7,Monthly
EVS04242,"2447 Moscow Ave, Moscow",AC Level 1,0.27,6:00-22:00,1.15,46,ChargePoint,150,CCS,2018,No,3.5,1,Quarterly
EVS04243,"8986 Moscow Ave, Moscow",AC Level 2,0.17,6:00-22:00,1.33,40,Tesla,150,"CCS, Tesla",2011,No,3.7,1,Quarterly
EVS04244,"5315 Dubai Ave, Dubai",AC Level 2,0.46,24/7,14.71,77,EVgo,50,Tesla,2016,Yes,4.9,7,Quarterly
EVS04245,"1200 Beijing Ave, Beijing",AC Level 2,0.10,24/7,11.91,100,Ionity,150,Type 2,2010,Yes,3.3,5,Monthly
EVS04246,"9296 San Francisco Ave, San Francisco",DC Fast Charger,0.49,24/7,5.30,25,Tesla,50,Tesla,2012,No,4.7,5,Annually
EVS04247,"7183 Mexico City Ave, Mexico City",AC Level 1,0.20,6:00-22:00,7.28,14,EVgo,350,"Type 2, CCS",2013,No,4.3,9,Monthly
EVS04248,"8621 Bangkok Ave, Bangkok",AC Level 1,0.40,24/7,5.72,25,Greenlots,350,"CHAdeMO, Type 2",2013,Yes,4.3,2,Quarterly
EVS04249,"2761 Chicago Ave, Chicago",DC Fast Charger,0.15,24/7,0.82,54,Tesla,350,"CHAdeMO, CCS",2021,No,4.9,8,Monthly
EVS04250,"3809 Mumbai Ave, Mumbai",AC Level 1,0.23,6:00-22:00,0.62,74,EVgo,22,"Tesla, Type 2",2017,No,3.7,8,Monthly
EVS04251,"7713 Random Rd, City 442, Country",AC Level 1,0.39,9:00-18:00,1.05,96,Tesla,350,Tesla,2016,Yes,4.7,6,Monthly
EVS04252,"2769 Los Angeles Ave, Los Angeles",AC Level 1,0.17,24/7,7.54,87,Tesla,22,"CHAdeMO, Tesla",2010,No,4.7,7,Quarterly
EVS04253,"7745 Moscow Ave, Moscow",AC Level 2,0.13,24/7,2.97,61,Tesla,150,"CCS, CHAdeMO",2010,No,3.1,6,Annually
EVS04254,"7975 Berlin Ave, Berlin",DC Fast Charger,0.28,24/7,3.86,97,Greenlots,150,"Type 2, Tesla",2020,No,3.6,7,Annually
EVS04255,"9129 São Paulo Ave, São Paulo",DC Fast Charger,0.25,9:00-18:00,5.54,34,ChargePoint,22,"Tesla, Type 2",2013,No,4.4,9,Quarterly
EVS04256,"2821 Toronto Ave, Toronto",AC Level 2,0.15,9:00-18:00,19.08,57,EVgo,50,"CCS, CHAdeMO",2015,No,3.0,5,Quarterly
EVS04257,"3193 Dubai Ave, Dubai",AC Level 1,0.44,9:00-18:00,4.23,60,EVgo,22,"Tesla, CCS",2010,Yes,4.3,5,Monthly
EVS04258,"8485 São Paulo Ave, São Paulo",AC Level 1,0.16,24/7,5.71,79,ChargePoint,150,Type 2,2021,No,4.8,8,Quarterly
EVS04259,"814 Toronto Ave, Toronto",DC Fast Charger,0.31,24/7,7.69,50,EVgo,150,CCS,2014,No,4.6,8,Monthly
EVS04260,"2282 Mexico City Ave, Mexico City",AC Level 2,0.13,6:00-22:00,12.99,80,ChargePoint,150,"CHAdeMO, CCS",2022,Yes,4.8,1,Monthly
EVS04261,"5955 Random Rd, City 140, Country",DC Fast Charger,0.22,9:00-18:00,5.79,45,Ionity,350,"Type 2, CCS",2021,Yes,5.0,7,Annually
EVS04262,"4684 Cape Town Ave, Cape Town",DC Fast Charger,0.28,9:00-18:00,10.55,99,EVgo,22,CHAdeMO,2019,No,3.9,3,Monthly
EVS04263,"6788 Sydney Ave, Sydney",AC Level 1,0.22,6:00-22:00,15.90,44,ChargePoint,150,Type 2,2019,No,3.0,4,Annually
EVS04264,"6786 Dubai Ave, Dubai",DC Fast Charger,0.36,9:00-18:00,11.40,31,ChargePoint,350,"CCS, Type 2",2016,Yes,3.4,8,Annually
EVS04265,"6619 Sydney Ave, Sydney",AC Level 2,0.23,6:00-22:00,19.39,99,Ionity,22,Type 2,2017,No,3.1,9,Quarterly
EVS04266,"1862 Seoul Ave, Seoul",AC Level 1,0.35,6:00-22:00,12.61,41,ChargePoint,350,CHAdeMO,2015,Yes,3.2,8,Monthly
EVS04267,"6980 Los Angeles Ave, Los Angeles",AC Level 1,0.29,24/7,11.41,24,Tesla,150,Tesla,2022,No,4.4,7,Monthly
EVS04268,"8919 Dubai Ave, Dubai",AC Level 1,0.20,6:00-22:00,4.19,42,EVgo,150,"CHAdeMO, Tesla",2020,Yes,3.9,1,Quarterly
EVS04269,"3049 São Paulo Ave, São Paulo",AC Level 1,0.34,24/7,12.93,18,Tesla,22,CHAdeMO,2014,No,3.9,8,Quarterly
EVS04270,"3016 Sydney Ave, Sydney",AC Level 1,0.29,24/7,19.45,22,Tesla,150,"CCS, Type 2",2018,Yes,3.6,2,Annually
EVS04271,"6953 Random Rd, City 177, Country",DC Fast Charger,0.17,9:00-18:00,16.73,26,EVgo,150,CHAdeMO,2019,Yes,4.7,9,Annually
EVS04272,"1655 Seoul Ave, Seoul",AC Level 1,0.33,9:00-18:00,10.34,42,ChargePoint,350,"CCS, CHAdeMO",2021,Yes,3.5,9,Quarterly
EVS04273,"5849 Beijing Ave, Beijing",AC Level 2,0.31,24/7,4.36,47,Greenlots,22,"CCS, Type 2",2013,No,4.2,1,Quarterly
EVS04274,"1228 São Paulo Ave, São Paulo",AC Level 2,0.44,6:00-22:00,13.37,38,ChargePoint,22,"Tesla, CCS",2020,Yes,4.6,10,Annually
EVS04275,"1178 Los Angeles Ave, Los Angeles",AC Level 2,0.26,6:00-22:00,18.06,81,Ionity,50,Type 2,2014,Yes,4.2,3,Monthly
EVS04276,"3305 Mumbai Ave, Mumbai",DC Fast Charger,0.30,24/7,3.97,11,Greenlots,50,CCS,2022,No,4.9,3,Annually
EVS04277,"6154 Beijing Ave, Beijing",AC Level 2,0.49,6:00-22:00,19.06,47,EVgo,150,Type 2,2015,No,4.6,2,Quarterly
EVS04278,"2958 Mumbai Ave, Mumbai",AC Level 2,0.11,6:00-22:00,1.63,41,Tesla,50,"Tesla, CHAdeMO",2018,No,4.6,3,Quarterly
EVS04279,"2968 Dubai Ave, Dubai",DC Fast Charger,0.36,9:00-18:00,14.67,57,ChargePoint,50,CCS,2011,No,5.0,10,Annually
EVS04280,"1831 Chicago Ave, Chicago",AC Level 1,0.14,24/7,8.10,67,Ionity,22,"CHAdeMO, CCS",2014,No,3.8,5,Quarterly
EVS04281,"7817 Random Rd, City 308, Country",AC Level 1,0.16,6:00-22:00,18.26,72,EVgo,50,"Type 2, CCS",2023,Yes,4.1,4,Monthly
EVS04282,"3086 São Paulo Ave, São Paulo",AC Level 2,0.16,6:00-22:00,15.85,99,Greenlots,150,CCS,2015,No,3.9,2,Quarterly
EVS04283,"8835 Cape Town Ave, Cape Town",DC Fast Charger,0.19,6:00-22:00,10.36,19,ChargePoint,150,CHAdeMO,2023,No,3.9,4,Annually
EVS04284,"6370 São Paulo Ave, São Paulo",AC Level 1,0.48,6:00-22:00,6.12,10,ChargePoint,350,"CHAdeMO, Type 2",2013,No,4.6,4,Quarterly
EVS04285,"8537 Chicago Ave, Chicago",AC Level 1,0.18,9:00-18:00,19.75,27,ChargePoint,50,CHAdeMO,2014,Yes,3.7,2,Quarterly
EVS04286,"1695 Mumbai Ave, Mumbai",AC Level 2,0.17,24/7,3.65,72,EVgo,350,"Tesla, Type 2",2019,Yes,3.5,3,Annually
EVS04287,"9845 Seoul Ave, Seoul",DC Fast Charger,0.47,9:00-18:00,14.72,63,Tesla,22,Tesla,2013,No,4.2,4,Quarterly
EVS04288,"9382 Sydney Ave, Sydney",AC Level 1,0.13,24/7,12.39,31,Ionity,50,Tesla,2014,No,4.2,2,Monthly
EVS04289,"7333 Moscow Ave, Moscow",AC Level 2,0.42,6:00-22:00,7.49,20,EVgo,50,CHAdeMO,2020,Yes,3.1,6,Quarterly
EVS04290,"5738 Toronto Ave, Toronto",AC Level 1,0.25,9:00-18:00,17.96,34,Tesla,22,"CHAdeMO, Tesla",2015,No,4.1,3,Quarterly
EVS04291,"933 Random Rd, City 434, Country",DC Fast Charger,0.16,24/7,12.48,86,Tesla,350,CCS,2012,No,3.7,3,Monthly
EVS04292,"4031 Sydney Ave, Sydney",DC Fast Charger,0.31,9:00-18:00,6.54,54,EVgo,22,Tesla,2020,Yes,4.5,5,Annually
EVS04293,"7253 San Francisco Ave, San Francisco",DC Fast Charger,0.39,6:00-22:00,5.40,90,Greenlots,350,CHAdeMO,2018,Yes,4.1,3,Annually
EVS04294,"4083 Beijing Ave, Beijing",AC Level 2,0.11,9:00-18:00,11.17,61,EVgo,150,Type 2,2018,No,4.8,3,Monthly
EVS04295,"4608 Bangkok Ave, Bangkok",AC Level 2,0.48,6:00-22:00,7.76,13,EVgo,150,Type 2,2017,Yes,3.8,3,Monthly
EVS04296,"6966 Berlin Ave, Berlin",DC Fast Charger,0.28,9:00-18:00,8.06,24,Tesla,150,"CCS, Tesla",2013,Yes,4.0,5,Monthly
EVS04297,"5347 Mumbai Ave, Mumbai",AC Level 1,0.25,6:00-22:00,13.88,77,ChargePoint,50,CCS,2012,Yes,4.4,8,Quarterly
EVS04298,"7435 San Francisco Ave, San Francisco",DC Fast Charger,0.22,6:00-22:00,7.42,82,Tesla,50,Tesla,2023,Yes,4.3,10,Monthly
EVS04299,"8882 Seoul Ave, Seoul",DC Fast Charger,0.11,24/7,3.48,27,Tesla,150,Tesla,2015,Yes,4.9,9,Annually
EVS04300,"1508 São Paulo Ave, São Paulo",DC Fast Charger,0.13,24/7,6.74,24,EVgo,50,CHAdeMO,2010,No,3.5,9,Quarterly
EVS04301,"6486 Random Rd, City 437, Country",AC Level 1,0.28,6:00-22:00,17.60,26,ChargePoint,350,"Tesla, CCS",2018,Yes,3.5,8,Quarterly
EVS04302,"7998 Moscow Ave, Moscow",DC Fast Charger,0.28,6:00-22:00,11.44,89,ChargePoint,22,"CCS, Type 2",2016,No,3.9,5,Quarterly
EVS04303,"5781 San Francisco Ave, San Francisco",AC Level 1,0.48,24/7,19.64,51,EVgo,350,"Tesla, CHAdeMO",2023,No,4.4,4,Quarterly
EVS04304,"3595 Beijing Ave, Beijing",AC Level 2,0.33,6:00-22:00,18.54,75,Ionity,50,Type 2,2014,No,4.0,2,Quarterly
EVS04305,"2366 Mexico City Ave, Mexico City",AC Level 1,0.17,6:00-22:00,11.92,94,ChargePoint,350,CCS,2016,No,3.2,4,Annually
EVS04306,"408 Los Angeles Ave, Los Angeles",DC Fast Charger,0.25,24/7,1.86,26,Tesla,350,CHAdeMO,2015,No,3.2,1,Monthly
EVS04307,"4846 San Francisco Ave, San Francisco",AC Level 1,0.12,24/7,11.20,46,ChargePoint,22,"CHAdeMO, Type 2",2018,No,4.1,7,Quarterly
EVS04308,"2904 Cape Town Ave, Cape Town",DC Fast Charger,0.22,6:00-22:00,11.96,70,Ionity,22,"Type 2, Tesla",2014,Yes,3.7,3,Quarterly
EVS04309,"5821 Mumbai Ave, Mumbai",AC Level 2,0.29,9:00-18:00,1.93,99,Greenlots,50,"Type 2, CCS",2011,Yes,3.3,10,Monthly
EVS04310,"8150 Mumbai Ave, Mumbai",AC Level 2,0.43,24/7,5.19,77,Tesla,50,"Tesla, CHAdeMO",2023,Yes,3.2,4,Quarterly
EVS04311,"1142 Random Rd, City 150, Country",AC Level 2,0.29,6:00-22:00,10.62,15,ChargePoint,22,"Tesla, Type 2",2013,No,3.4,9,Quarterly
EVS04312,"5326 Chicago Ave, Chicago",DC Fast Charger,0.32,24/7,3.56,42,Greenlots,150,Type 2,2023,No,5.0,4,Annually
EVS04313,"1654 Berlin Ave, Berlin",AC Level 1,0.39,24/7,16.93,44,Ionity,22,"Tesla, Type 2",2019,Yes,3.8,1,Monthly
EVS04314,"624 Dubai Ave, Dubai",AC Level 1,0.47,24/7,1.30,48,EVgo,350,CHAdeMO,2018,Yes,3.6,7,Quarterly
EVS04315,"2866 Bangkok Ave, Bangkok",AC Level 1,0.39,24/7,14.48,63,Ionity,150,"CCS, CHAdeMO",2021,No,3.1,1,Quarterly
EVS04316,"8837 Cape Town Ave, Cape Town",AC Level 1,0.48,9:00-18:00,2.57,15,Ionity,150,Type 2,2019,No,3.4,5,Monthly
EVS04317,"1162 Chicago Ave, Chicago",DC Fast Charger,0.13,6:00-22:00,13.81,34,ChargePoint,150,"CHAdeMO, CCS",2013,Yes,3.7,5,Quarterly
EVS04318,"3972 Sydney Ave, Sydney",AC Level 2,0.21,6:00-22:00,4.21,34,Greenlots,22,Type 2,2019,Yes,4.9,3,Quarterly
EVS04319,"5195 Cape Town Ave, Cape Town",AC Level 2,0.19,24/7,11.90,92,Greenlots,150,CCS,2012,Yes,4.0,4,Monthly
EVS04320,"5427 Moscow Ave, Moscow",DC Fast Charger,0.35,6:00-22:00,17.60,35,Ionity,350,CHAdeMO,2012,Yes,4.5,6,Quarterly
EVS04321,"5287 Random Rd, City 223, Country",DC Fast Charger,0.32,6:00-22:00,5.70,97,Tesla,350,Tesla,2011,Yes,4.0,4,Monthly
EVS04322,"9999 Dubai Ave, Dubai",AC Level 1,0.33,6:00-22:00,17.28,18,Tesla,22,Tesla,2013,Yes,4.8,3,Quarterly
EVS04323,"8892 Los Angeles Ave, Los Angeles",DC Fast Charger,0.14,6:00-22:00,17.93,66,Ionity,50,CHAdeMO,2023,No,3.7,9,Quarterly
EVS04324,"1500 São Paulo Ave, São Paulo",DC Fast Charger,0.35,24/7,7.57,28,EVgo,150,"CCS, Type 2",2015,No,4.8,8,Monthly
EVS04325,"5201 Beijing Ave, Beijing",DC Fast Charger,0.47,6:00-22:00,18.08,19,Ionity,50,"Tesla, Type 2",2020,No,3.1,9,Annually
EVS04326,"5654 Beijing Ave, Beijing",AC Level 1,0.23,6:00-22:00,0.62,87,Ionity,22,Type 2,2015,Yes,4.9,9,Annually
EVS04327,"5140 Moscow Ave, Moscow",AC Level 2,0.25,9:00-18:00,13.83,26,Ionity,150,CCS,2013,Yes,3.4,4,Monthly
EVS04328,"8640 Los Angeles Ave, Los Angeles",AC Level 2,0.16,9:00-18:00,18.69,71,ChargePoint,150,"Tesla, Type 2",2018,Yes,3.7,9,Quarterly
EVS04329,"7133 Los Angeles Ave, Los Angeles",DC Fast Charger,0.14,9:00-18:00,3.08,46,ChargePoint,350,"CHAdeMO, Tesla",2017,No,3.6,4,Quarterly
EVS04330,"2485 San Francisco Ave, San Francisco",AC Level 1,0.44,9:00-18:00,14.32,33,ChargePoint,22,CCS,2016,Yes,3.7,3,Annually
EVS04331,"5917 Random Rd, City 46, Country",AC Level 1,0.22,9:00-18:00,6.63,60,Tesla,22,"CCS, CHAdeMO",2015,No,3.2,9,Annually
EVS04332,"53 Dubai Ave, Dubai",AC Level 1,0.33,9:00-18:00,12.72,84,ChargePoint,22,"Type 2, CHAdeMO",2017,No,4.4,1,Monthly
EVS04333,"9112 Los Angeles Ave, Los Angeles",DC Fast Charger,0.28,6:00-22:00,11.53,30,EVgo,50,CHAdeMO,2019,Yes,3.2,8,Quarterly
EVS04334,"2540 Sydney Ave, Sydney",AC Level 2,0.22,24/7,4.47,40,Ionity,50,CHAdeMO,2011,Yes,3.3,10,Monthly
EVS04335,"4309 Sydney Ave, Sydney",AC Level 1,0.35,6:00-22:00,17.45,96,Ionity,22,Tesla,2023,No,5.0,3,Quarterly
EVS04336,"3353 São Paulo Ave, São Paulo",DC Fast Charger,0.40,6:00-22:00,7.29,86,Tesla,50,"Type 2, CCS",2021,No,3.7,1,Annually
EVS04337,"8596 Bangkok Ave, Bangkok",AC Level 1,0.46,9:00-18:00,15.61,46,ChargePoint,150,"Type 2, CHAdeMO",2018,No,3.1,6,Annually
EVS04338,"1113 Chicago Ave, Chicago",AC Level 2,0.41,9:00-18:00,18.87,24,Tesla,22,"CCS, Type 2",2013,No,4.2,3,Quarterly
EVS04339,"3917 Mexico City Ave, Mexico City",AC Level 1,0.23,9:00-18:00,15.63,60,ChargePoint,22,"Tesla, CHAdeMO",2021,Yes,3.9,10,Monthly
EVS04340,"5532 Bangkok Ave, Bangkok",DC Fast Charger,0.44,6:00-22:00,3.19,26,EVgo,350,"CHAdeMO, Tesla",2010,Yes,3.8,9,Monthly
EVS04341,"975 Random Rd, City 49, Country",AC Level 2,0.27,24/7,2.40,76,Tesla,350,CCS,2022,Yes,4.8,2,Annually
EVS04342,"2078 Cape Town Ave, Cape Town",AC Level 1,0.14,9:00-18:00,8.32,18,EVgo,50,"CCS, CHAdeMO",2016,Yes,4.6,7,Monthly
EVS04343,"9482 Chicago Ave, Chicago",AC Level 2,0.42,9:00-18:00,11.72,68,Tesla,22,CHAdeMO,2020,Yes,4.2,2,Annually
EVS04344,"3477 San Francisco Ave, San Francisco",DC Fast Charger,0.44,24/7,1.48,29,Tesla,150,"Type 2, Tesla",2011,Yes,4.9,3,Quarterly
EVS04345,"6780 Mexico City Ave, Mexico City",AC Level 2,0.20,9:00-18:00,19.42,54,Ionity,150,Type 2,2020,No,3.4,5,Monthly
EVS04346,"7520 San Francisco Ave, San Francisco",AC Level 1,0.14,24/7,10.10,66,Greenlots,22,"Type 2, Tesla",2020,No,3.7,3,Monthly
EVS04347,"333 Dubai Ave, Dubai",AC Level 2,0.19,9:00-18:00,1.70,48,ChargePoint,350,CHAdeMO,2011,Yes,3.1,6,Monthly
EVS04348,"7389 Seoul Ave, Seoul",AC Level 1,0.40,6:00-22:00,17.10,67,Tesla,350,CHAdeMO,2021,No,4.4,8,Quarterly
EVS04349,"8148 Moscow Ave, Moscow",DC Fast Charger,0.47,9:00-18:00,3.50,96,Greenlots,50,"Type 2, Tesla",2012,Yes,4.9,8,Monthly
EVS04350,"4799 São Paulo Ave, São Paulo",DC Fast Charger,0.44,6:00-22:00,6.90,69,EVgo,50,Tesla,2015,No,3.6,5,Annually
EVS04351,"5360 Random Rd, City 123, Country",AC Level 2,0.11,9:00-18:00,15.77,80,ChargePoint,50,"CHAdeMO, Type 2",2022,Yes,3.4,4,Quarterly
EVS04352,"6718 Mexico City Ave, Mexico City",AC Level 2,0.21,6:00-22:00,14.34,71,Greenlots,50,"Type 2, CCS",2013,No,4.0,8,Annually
EVS04353,"5357 Berlin Ave, Berlin",AC Level 1,0.38,9:00-18:00,14.58,26,Tesla,350,CHAdeMO,2017,Yes,3.2,4,Quarterly
EVS04354,"7225 Cape Town Ave, Cape Town",AC Level 1,0.12,24/7,2.25,10,Ionity,150,Tesla,2021,Yes,3.3,5,Annually
EVS04355,"2813 Seoul Ave, Seoul",AC Level 1,0.38,24/7,12.96,15,EVgo,350,"Tesla, Type 2",2021,Yes,3.5,1,Annually
EVS04356,"8873 Toronto Ave, Toronto",AC Level 1,0.37,24/7,2.53,61,ChargePoint,50,"Tesla, CHAdeMO",2017,No,3.3,2,Quarterly
EVS04357,"4042 Chicago Ave, Chicago",AC Level 2,0.39,24/7,14.99,56,Tesla,350,"CHAdeMO, Type 2",2021,Yes,4.6,10,Monthly
EVS04358,"9626 Beijing Ave, Beijing",AC Level 1,0.22,9:00-18:00,17.61,18,Ionity,350,"CHAdeMO, Type 2",2020,Yes,3.0,4,Quarterly
EVS04359,"4515 Berlin Ave, Berlin",AC Level 1,0.45,6:00-22:00,1.27,86,EVgo,350,CCS,2016,No,3.1,1,Annually
EVS04360,"4738 Sydney Ave, Sydney",AC Level 1,0.37,6:00-22:00,4.84,20,Greenlots,350,Type 2,2017,No,3.0,2,Monthly
EVS04361,"6469 Random Rd, City 335, Country",AC Level 2,0.16,6:00-22:00,4.18,26,EVgo,22,"CCS, CHAdeMO",2023,No,4.1,8,Annually
EVS04362,"4649 Los Angeles Ave, Los Angeles",DC Fast Charger,0.44,9:00-18:00,4.65,45,Ionity,22,Type 2,2021,No,3.4,7,Monthly
EVS04363,"4669 Cape Town Ave, Cape Town",DC Fast Charger,0.43,24/7,15.44,13,Greenlots,350,"CCS, CHAdeMO",2023,No,3.6,8,Annually
EVS04364,"4448 Dubai Ave, Dubai",AC Level 2,0.40,9:00-18:00,19.35,61,Greenlots,150,CHAdeMO,2013,Yes,4.6,6,Quarterly
EVS04365,"3105 San Francisco Ave, San Francisco",AC Level 1,0.14,24/7,7.09,57,Greenlots,350,"CHAdeMO, CCS",2015,Yes,5.0,6,Quarterly
EVS04366,"3506 San Francisco Ave, San Francisco",AC Level 2,0.36,24/7,8.34,12,Greenlots,50,"Tesla, CHAdeMO",2017,Yes,3.9,8,Annually
EVS04367,"6302 Dubai Ave, Dubai",DC Fast Charger,0.18,24/7,2.27,49,ChargePoint,150,CHAdeMO,2011,Yes,4.9,6,Annually
EVS04368,"467 Moscow Ave, Moscow",DC Fast Charger,0.25,24/7,13.99,77,Greenlots,150,CCS,2017,No,4.7,1,Quarterly
EVS04369,"1704 Moscow Ave, Moscow",DC Fast Charger,0.37,9:00-18:00,14.47,80,EVgo,22,CCS,2012,No,4.7,10,Annually
EVS04370,"1431 Beijing Ave, Beijing",AC Level 1,0.26,6:00-22:00,19.76,55,Ionity,22,Tesla,2020,No,4.6,8,Monthly
EVS04371,"5683 Random Rd, City 412, Country",DC Fast Charger,0.45,24/7,6.25,96,EVgo,150,"CCS, Type 2",2022,Yes,5.0,9,Quarterly
EVS04372,"8063 Moscow Ave, Moscow",AC Level 2,0.25,6:00-22:00,3.93,95,Tesla,150,"Tesla, Type 2",2013,No,3.5,6,Quarterly
EVS04373,"3145 Los Angeles Ave, Los Angeles",AC Level 2,0.23,6:00-22:00,16.36,88,Greenlots,150,"Tesla, CCS",2020,Yes,3.9,1,Monthly
EVS04374,"7968 Mexico City Ave, Mexico City",AC Level 2,0.33,6:00-22:00,2.33,45,ChargePoint,22,CCS,2016,No,3.5,5,Annually
EVS04375,"6704 São Paulo Ave, São Paulo",DC Fast Charger,0.38,6:00-22:00,3.21,80,Greenlots,22,Type 2,2012,No,3.7,5,Monthly
EVS04376,"8191 Moscow Ave, Moscow",DC Fast Charger,0.36,24/7,9.10,66,Ionity,50,CCS,2013,Yes,4.6,7,Monthly
EVS04377,"4863 Dubai Ave, Dubai",AC Level 2,0.49,6:00-22:00,15.95,77,ChargePoint,22,CHAdeMO,2017,Yes,3.6,4,Annually
EVS04378,"2472 Sydney Ave, Sydney",DC Fast Charger,0.12,6:00-22:00,12.92,96,Greenlots,350,"Type 2, CHAdeMO",2023,No,3.6,10,Quarterly
EVS04379,"6874 Sydney Ave, Sydney",AC Level 1,0.34,9:00-18:00,5.44,22,EVgo,22,CCS,2019,Yes,3.0,4,Monthly
EVS04380,"9238 Seoul Ave, Seoul",AC Level 2,0.23,6:00-22:00,1.56,52,Ionity,50,"CCS, CHAdeMO",2012,Yes,4.6,7,Annually
EVS04381,"381 Random Rd, City 421, Country",DC Fast Charger,0.45,9:00-18:00,4.41,26,Greenlots,50,CHAdeMO,2019,Yes,3.4,9,Annually
EVS04382,"9013 Chicago Ave, Chicago",AC Level 2,0.24,9:00-18:00,6.80,71,ChargePoint,50,"CHAdeMO, CCS",2019,No,3.0,5,Monthly
EVS04383,"9423 Moscow Ave, Moscow",DC Fast Charger,0.25,6:00-22:00,19.56,94,EVgo,22,CCS,2016,Yes,4.0,1,Annually
EVS04384,"3847 Sydney Ave, Sydney",DC Fast Charger,0.28,6:00-22:00,4.14,28,Tesla,22,"Type 2, CCS",2014,No,3.4,8,Quarterly
EVS04385,"1301 Berlin Ave, Berlin",DC Fast Charger,0.39,6:00-22:00,2.69,92,EVgo,350,"Tesla, CCS",2015,Yes,3.8,8,Quarterly
EVS04386,"8852 Mumbai Ave, Mumbai",AC Level 2,0.30,9:00-18:00,13.42,77,Greenlots,350,"Tesla, Type 2",2017,Yes,3.2,2,Annually
EVS04387,"2418 Sydney Ave, Sydney",AC Level 2,0.37,9:00-18:00,1.12,38,EVgo,150,Tesla,2018,No,4.7,5,Annually
EVS04388,"3344 Beijing Ave, Beijing",AC Level 2,0.44,6:00-22:00,5.84,18,EVgo,150,CCS,2012,Yes,3.0,9,Quarterly
EVS04389,"9313 Sydney Ave, Sydney",DC Fast Charger,0.14,6:00-22:00,5.91,86,ChargePoint,350,"CHAdeMO, Tesla",2022,No,3.6,3,Quarterly
EVS04390,"2277 Moscow Ave, Moscow",DC Fast Charger,0.16,24/7,8.44,70,Ionity,22,CHAdeMO,2013,Yes,3.5,7,Annually
EVS04391,"8828 Random Rd, City 358, Country",AC Level 2,0.19,24/7,2.90,36,EVgo,50,Tesla,2020,No,3.1,9,Annually
EVS04392,"5476 Bangkok Ave, Bangkok",DC Fast Charger,0.30,24/7,19.34,76,ChargePoint,22,Type 2,2019,No,4.7,9,Monthly
EVS04393,"8265 Dubai Ave, Dubai",AC Level 1,0.45,6:00-22:00,17.46,29,ChargePoint,350,"CHAdeMO, Tesla",2011,Yes,4.5,6,Monthly
EVS04394,"5630 Mumbai Ave, Mumbai",DC Fast Charger,0.15,9:00-18:00,12.90,32,Ionity,350,CCS,2010,No,3.8,5,Annually
EVS04395,"390 Bangkok Ave, Bangkok",AC Level 1,0.48,9:00-18:00,11.15,29,Greenlots,50,CCS,2010,No,4.3,8,Annually
EVS04396,"7961 Los Angeles Ave, Los Angeles",AC Level 2,0.44,24/7,7.68,12,ChargePoint,22,"CHAdeMO, Type 2",2022,No,3.0,5,Quarterly
EVS04397,"4200 Moscow Ave, Moscow",AC Level 2,0.13,24/7,11.49,28,EVgo,150,"Type 2, CCS",2014,No,4.1,6,Quarterly
EVS04398,"1011 São Paulo Ave, São Paulo",DC Fast Charger,0.44,9:00-18:00,10.92,19,EVgo,22,"CHAdeMO, Type 2",2013,No,3.2,1,Monthly
EVS04399,"5559 Moscow Ave, Moscow",DC Fast Charger,0.10,24/7,19.95,55,ChargePoint,350,"CHAdeMO, Type 2",2016,No,3.7,3,Monthly
EVS04400,"1119 San Francisco Ave, San Francisco",AC Level 1,0.24,6:00-22:00,9.12,68,Tesla,50,"Tesla, CHAdeMO",2018,No,3.9,2,Annually
EVS04401,"9573 Random Rd, City 298, Country",AC Level 1,0.39,9:00-18:00,5.65,80,ChargePoint,22,"Type 2, CHAdeMO",2012,No,4.3,4,Monthly
EVS04402,"8869 Sydney Ave, Sydney",DC Fast Charger,0.11,6:00-22:00,11.72,38,Greenlots,50,CCS,2011,Yes,4.1,4,Quarterly
EVS04403,"8874 Bangkok Ave, Bangkok",DC Fast Charger,0.47,9:00-18:00,2.58,16,Greenlots,50,CCS,2014,No,3.5,1,Annually
EVS04404,"3641 San Francisco Ave, San Francisco",DC Fast Charger,0.22,24/7,7.14,61,ChargePoint,50,CCS,2012,No,3.0,6,Annually
EVS04405,"1018 Los Angeles Ave, Los Angeles",AC Level 2,0.22,6:00-22:00,5.11,57,Greenlots,22,"CCS, Type 2",2022,Yes,4.2,6,Annually
EVS04406,"355 San Francisco Ave, San Francisco",DC Fast Charger,0.40,9:00-18:00,2.94,62,Ionity,150,"CCS, CHAdeMO",2019,No,3.4,9,Annually
EVS04407,"5927 San Francisco Ave, San Francisco",AC Level 1,0.25,24/7,12.68,97,ChargePoint,22,CCS,2015,Yes,4.3,10,Monthly
EVS04408,"201 Mexico City Ave, Mexico City",AC Level 2,0.19,24/7,5.29,49,EVgo,22,Tesla,2019,No,4.0,9,Quarterly
EVS04409,"4645 Sydney Ave, Sydney",AC Level 2,0.37,6:00-22:00,3.09,22,ChargePoint,350,CHAdeMO,2019,Yes,4.6,4,Quarterly
EVS04410,"3849 Moscow Ave, Moscow",DC Fast Charger,0.29,24/7,19.17,30,Greenlots,150,CCS,2020,Yes,4.9,3,Quarterly
EVS04411,"8455 Random Rd, City 424, Country",AC Level 1,0.22,9:00-18:00,3.01,66,Ionity,50,"Tesla, CCS",2012,Yes,4.8,1,Quarterly
EVS04412,"7085 São Paulo Ave, São Paulo",DC Fast Charger,0.23,9:00-18:00,12.66,54,Ionity,150,"Tesla, CHAdeMO",2022,No,3.6,6,Quarterly
EVS04413,"8937 Los Angeles Ave, Los Angeles",AC Level 2,0.18,24/7,6.96,94,Tesla,150,"Tesla, CHAdeMO",2019,No,4.8,9,Monthly
EVS04414,"7762 Mumbai Ave, Mumbai",AC Level 1,0.23,6:00-22:00,5.35,64,Tesla,150,"Type 2, CCS",2016,Yes,4.1,6,Monthly
EVS04415,"848 Beijing Ave, Beijing",AC Level 1,0.17,9:00-18:00,6.51,32,Greenlots,50,CCS,2016,No,3.8,1,Monthly
EVS04416,"3856 Beijing Ave, Beijing",AC Level 2,0.34,6:00-22:00,6.21,53,EVgo,350,"Tesla, CCS",2020,No,3.9,2,Monthly
EVS04417,"217 Dubai Ave, Dubai",AC Level 1,0.22,24/7,4.24,57,Ionity,150,"Tesla, Type 2",2013,Yes,4.4,6,Quarterly
EVS04418,"4493 Los Angeles Ave, Los Angeles",AC Level 2,0.15,6:00-22:00,6.90,38,Greenlots,22,"Tesla, Type 2",2019,No,4.7,6,Quarterly
EVS04419,"7297 Moscow Ave, Moscow",DC Fast Charger,0.26,24/7,2.11,86,EVgo,22,Type 2,2016,Yes,4.6,7,Monthly
EVS04420,"5914 Beijing Ave, Beijing",AC Level 1,0.48,6:00-22:00,19.17,35,ChargePoint,50,"Type 2, CHAdeMO",2015,No,4.3,1,Monthly
EVS04421,"6690 Random Rd, City 307, Country",AC Level 1,0.47,24/7,11.99,95,Ionity,150,CCS,2012,Yes,3.8,7,Quarterly
EVS04422,"808 Mexico City Ave, Mexico City",AC Level 2,0.31,9:00-18:00,4.80,97,Greenlots,50,"Tesla, Type 2",2021,Yes,3.6,2,Monthly
EVS04423,"8999 Mumbai Ave, Mumbai",DC Fast Charger,0.29,24/7,19.18,54,Greenlots,350,Type 2,2013,No,4.4,3,Annually
EVS04424,"2207 Seoul Ave, Seoul",DC Fast Charger,0.33,6:00-22:00,16.47,12,Ionity,350,"Type 2, Tesla",2013,No,3.1,3,Quarterly
EVS04425,"8267 Moscow Ave, Moscow",DC Fast Charger,0.34,6:00-22:00,13.60,75,Ionity,22,"CHAdeMO, Tesla",2022,No,4.1,6,Annually
EVS04426,"8207 Berlin Ave, Berlin",AC Level 2,0.39,6:00-22:00,19.35,15,EVgo,22,Type 2,2014,Yes,3.6,2,Annually
EVS04427,"4861 Cape Town Ave, Cape Town",DC Fast Charger,0.35,6:00-22:00,0.90,87,Ionity,350,Type 2,2023,No,4.2,9,Monthly
EVS04428,"6850 Los Angeles Ave, Los Angeles",DC Fast Charger,0.36,9:00-18:00,11.12,70,Ionity,22,"Tesla, Type 2",2019,Yes,3.4,4,Quarterly
EVS04429,"5674 Moscow Ave, Moscow",AC Level 2,0.45,24/7,6.39,38,EVgo,22,"Type 2, Tesla",2016,Yes,3.1,9,Quarterly
EVS04430,"5790 Bangkok Ave, Bangkok",AC Level 2,0.26,9:00-18:00,1.47,17,Ionity,50,CCS,2022,Yes,3.7,4,Monthly
EVS04431,"9060 Random Rd, City 263, Country",DC Fast Charger,0.45,6:00-22:00,19.42,100,EVgo,50,CHAdeMO,2015,No,4.4,6,Annually
EVS04432,"7311 Toronto Ave, Toronto",DC Fast Charger,0.13,9:00-18:00,15.17,70,Tesla,22,"Tesla, CCS",2016,No,3.9,9,Quarterly
EVS04433,"4585 Berlin Ave, Berlin",AC Level 1,0.50,6:00-22:00,13.23,61,EVgo,22,CCS,2023,Yes,4.7,5,Monthly
EVS04434,"9696 Bangkok Ave, Bangkok",DC Fast Charger,0.29,6:00-22:00,18.80,64,Greenlots,150,Type 2,2018,No,3.6,6,Monthly
EVS04435,"5291 Mumbai Ave, Mumbai",DC Fast Charger,0.21,9:00-18:00,0.57,95,Greenlots,50,Type 2,2022,Yes,4.9,2,Quarterly
EVS04436,"6585 Mexico City Ave, Mexico City",DC Fast Charger,0.45,6:00-22:00,10.49,12,Tesla,150,Tesla,2017,Yes,4.0,7,Monthly
EVS04437,"8235 Beijing Ave, Beijing",AC Level 1,0.49,24/7,2.87,50,Tesla,50,CHAdeMO,2021,Yes,3.4,7,Quarterly
EVS04438,"8335 Mumbai Ave, Mumbai",DC Fast Charger,0.23,9:00-18:00,11.30,89,ChargePoint,22,"Tesla, Type 2",2015,No,3.1,8,Annually
EVS04439,"8180 Toronto Ave, Toronto",AC Level 2,0.35,24/7,4.57,98,ChargePoint,350,"Tesla, Type 2",2023,No,4.2,6,Monthly
EVS04440,"5071 Cape Town Ave, Cape Town",AC Level 2,0.35,9:00-18:00,5.39,53,Tesla,150,CHAdeMO,2019,No,3.6,1,Monthly
EVS04441,"4276 Random Rd, City 300, Country",AC Level 1,0.39,24/7,17.13,31,Tesla,350,"CCS, CHAdeMO",2013,No,4.9,6,Quarterly
EVS04442,"2833 San Francisco Ave, San Francisco",AC Level 1,0.32,24/7,1.93,86,Greenlots,22,"CHAdeMO, Type 2",2019,Yes,4.6,3,Monthly
EVS04443,"737 Chicago Ave, Chicago",AC Level 2,0.13,24/7,5.93,90,ChargePoint,50,CHAdeMO,2023,No,4.5,5,Quarterly
EVS04444,"3871 San Francisco Ave, San Francisco",AC Level 2,0.31,24/7,19.81,87,Ionity,22,"CCS, Tesla",2017,Yes,3.7,10,Monthly
EVS04445,"3215 Mexico City Ave, Mexico City",AC Level 2,0.21,6:00-22:00,17.13,35,EVgo,50,Tesla,2019,Yes,3.4,3,Monthly
EVS04446,"5956 Mumbai Ave, Mumbai",AC Level 2,0.31,9:00-18:00,14.40,44,Greenlots,350,"Tesla, CHAdeMO",2023,Yes,3.6,9,Annually
EVS04447,"6575 Berlin Ave, Berlin",AC Level 1,0.28,9:00-18:00,4.27,76,EVgo,50,"CCS, Type 2",2018,No,3.5,2,Monthly
EVS04448,"2480 Berlin Ave, Berlin",AC Level 2,0.12,24/7,16.35,32,Greenlots,150,CHAdeMO,2017,No,4.7,1,Quarterly
EVS04449,"5594 Los Angeles Ave, Los Angeles",DC Fast Charger,0.27,6:00-22:00,2.58,64,Greenlots,22,Tesla,2019,Yes,3.7,2,Annually
EVS04450,"4663 Beijing Ave, Beijing",DC Fast Charger,0.48,6:00-22:00,7.63,32,Greenlots,350,"Type 2, Tesla",2014,Yes,4.0,2,Quarterly
EVS04451,"3197 Random Rd, City 487, Country",AC Level 1,0.11,24/7,9.97,11,Ionity,50,"CCS, Tesla",2012,No,3.3,2,Annually
EVS04452,"8562 Mexico City Ave, Mexico City",AC Level 1,0.24,24/7,7.89,98,Ionity,350,"CHAdeMO, CCS",2010,Yes,4.6,3,Monthly
EVS04453,"3268 Beijing Ave, Beijing",DC Fast Charger,0.42,9:00-18:00,17.66,79,Ionity,22,"CHAdeMO, Tesla",2019,Yes,4.1,10,Annually
EVS04454,"5139 Mumbai Ave, Mumbai",AC Level 1,0.40,24/7,15.87,16,Greenlots,22,"CHAdeMO, Tesla",2012,No,3.1,7,Monthly
EVS04455,"2898 San Francisco Ave, San Francisco",AC Level 1,0.14,24/7,14.85,59,EVgo,50,"Type 2, Tesla",2020,No,3.2,8,Quarterly
EVS04456,"5817 São Paulo Ave, São Paulo",DC Fast Charger,0.37,24/7,18.03,19,EVgo,350,"Tesla, CCS",2012,No,4.6,5,Annually
EVS04457,"3556 San Francisco Ave, San Francisco",AC Level 1,0.42,9:00-18:00,17.48,33,Tesla,22,"Type 2, CHAdeMO",2016,No,4.5,7,Quarterly
EVS04458,"7514 San Francisco Ave, San Francisco",DC Fast Charger,0.10,24/7,2.66,57,Greenlots,50,Type 2,2016,Yes,4.6,5,Annually
EVS04459,"3647 San Francisco Ave, San Francisco",AC Level 2,0.46,6:00-22:00,1.37,20,Greenlots,150,"Type 2, Tesla",2017,No,3.3,4,Annually
EVS04460,"1713 Beijing Ave, Beijing",AC Level 1,0.45,6:00-22:00,19.83,63,EVgo,150,CCS,2017,No,3.3,9,Quarterly
EVS04461,"1005 Random Rd, City 281, Country",AC Level 1,0.12,9:00-18:00,15.30,43,Tesla,22,"CHAdeMO, Type 2",2011,No,3.8,10,Monthly
EVS04462,"9507 Sydney Ave, Sydney",AC Level 2,0.50,24/7,15.89,58,ChargePoint,350,Tesla,2016,Yes,3.9,8,Annually
EVS04463,"1050 Mumbai Ave, Mumbai",AC Level 2,0.41,24/7,10.47,18,Ionity,22,CCS,2019,No,3.4,5,Monthly
EVS04464,"4621 Moscow Ave, Moscow",AC Level 2,0.21,9:00-18:00,12.47,95,Greenlots,50,Type 2,2012,Yes,3.1,3,Quarterly
EVS04465,"785 Seoul Ave, Seoul",AC Level 1,0.23,9:00-18:00,16.86,76,Ionity,22,Type 2,2013,Yes,4.8,8,Annually
EVS04466,"6347 Chicago Ave, Chicago",AC Level 2,0.43,24/7,17.09,43,Greenlots,150,Type 2,2015,Yes,4.4,2,Quarterly
EVS04467,"8820 Beijing Ave, Beijing",AC Level 1,0.21,24/7,10.92,30,Ionity,22,Tesla,2021,Yes,3.1,9,Annually
EVS04468,"9094 Dubai Ave, Dubai",AC Level 1,0.45,9:00-18:00,3.62,92,Tesla,50,"CHAdeMO, Tesla",2014,No,3.1,5,Annually
EVS04469,"4343 Mumbai Ave, Mumbai",AC Level 2,0.42,24/7,9.66,83,Ionity,50,"Tesla, CCS",2011,No,4.4,10,Quarterly
EVS04470,"3441 Bangkok Ave, Bangkok",AC Level 1,0.15,24/7,16.45,26,Tesla,50,CCS,2014,No,3.0,4,Monthly
EVS04471,"2750 Random Rd, City 224, Country",AC Level 2,0.10,6:00-22:00,5.17,13,Greenlots,50,CHAdeMO,2011,No,4.2,1,Monthly
EVS04472,"3511 Beijing Ave, Beijing",DC Fast Charger,0.11,6:00-22:00,12.09,82,Greenlots,22,Tesla,2017,No,4.6,7,Annually
EVS04473,"3922 Berlin Ave, Berlin",AC Level 2,0.21,6:00-22:00,18.32,81,ChargePoint,50,CHAdeMO,2016,No,3.8,6,Monthly
EVS04474,"7406 Mumbai Ave, Mumbai",DC Fast Charger,0.20,6:00-22:00,7.29,77,EVgo,22,CCS,2018,No,5.0,6,Annually
EVS04475,"8592 San Francisco Ave, San Francisco",DC Fast Charger,0.38,24/7,4.25,67,ChargePoint,350,CCS,2017,No,4.1,4,Annually
EVS04476,"8394 San Francisco Ave, San Francisco",DC Fast Charger,0.32,6:00-22:00,4.16,15,EVgo,150,CCS,2020,No,3.4,9,Annually
EVS04477,"4221 Bangkok Ave, Bangkok",AC Level 1,0.43,24/7,12.83,81,Greenlots,350,Type 2,2011,Yes,3.2,5,Annually
EVS04478,"883 Sydney Ave, Sydney",AC Level 1,0.44,6:00-22:00,8.04,73,Tesla,22,"Type 2, CCS",2018,Yes,4.5,10,Monthly
EVS04479,"9018 Dubai Ave, Dubai",AC Level 2,0.21,9:00-18:00,14.70,54,Tesla,50,"CHAdeMO, CCS",2019,Yes,3.0,2,Monthly
EVS04480,"5696 San Francisco Ave, San Francisco",DC Fast Charger,0.49,6:00-22:00,15.26,38,Greenlots,150,Tesla,2020,Yes,3.7,6,Monthly
EVS04481,"8527 Random Rd, City 135, Country",AC Level 1,0.36,9:00-18:00,17.13,31,Tesla,150,Type 2,2015,No,4.7,3,Quarterly
EVS04482,"5627 Seoul Ave, Seoul",DC Fast Charger,0.40,6:00-22:00,5.93,52,Tesla,150,"Type 2, Tesla",2021,Yes,4.9,5,Annually
EVS04483,"6185 São Paulo Ave, São Paulo",DC Fast Charger,0.22,6:00-22:00,0.89,49,Ionity,22,CCS,2018,Yes,4.6,6,Quarterly
EVS04484,"4757 Mumbai Ave, Mumbai",AC Level 2,0.36,6:00-22:00,2.77,91,Greenlots,22,CCS,2021,Yes,4.1,6,Annually
EVS04485,"4087 Bangkok Ave, Bangkok",AC Level 1,0.38,6:00-22:00,7.53,80,ChargePoint,350,CHAdeMO,2016,Yes,4.0,5,Monthly
EVS04486,"7379 San Francisco Ave, San Francisco",AC Level 2,0.18,9:00-18:00,12.32,50,Greenlots,350,"CCS, Tesla",2021,Yes,3.3,7,Quarterly
EVS04487,"4327 Bangkok Ave, Bangkok",AC Level 2,0.39,6:00-22:00,13.31,14,Greenlots,50,"CHAdeMO, CCS",2022,No,3.6,2,Quarterly
EVS04488,"6816 São Paulo Ave, São Paulo",AC Level 1,0.19,9:00-18:00,3.68,58,EVgo,22,"CCS, CHAdeMO",2011,Yes,3.4,8,Monthly
EVS04489,"7828 Chicago Ave, Chicago",AC Level 1,0.14,6:00-22:00,9.61,39,Tesla,150,"CHAdeMO, Tesla",2018,No,5.0,9,Annually
EVS04490,"4394 Beijing Ave, Beijing",AC Level 2,0.46,6:00-22:00,10.78,75,Ionity,22,Type 2,2010,No,4.9,8,Annually
EVS04491,"1440 Random Rd, City 481, Country",AC Level 2,0.11,24/7,11.48,96,Ionity,150,"Type 2, CCS",2015,Yes,4.6,10,Quarterly
EVS04492,"9497 San Francisco Ave, San Francisco",DC Fast Charger,0.38,24/7,8.89,30,EVgo,350,"CHAdeMO, CCS",2019,Yes,5.0,8,Quarterly
EVS04493,"621 Cape Town Ave, Cape Town",DC Fast Charger,0.42,6:00-22:00,13.61,56,Tesla,150,"CHAdeMO, Type 2",2020,Yes,3.5,5,Monthly
EVS04494,"8081 San Francisco Ave, San Francisco",AC Level 1,0.46,6:00-22:00,9.78,97,ChargePoint,50,"CHAdeMO, Tesla",2011,No,3.6,7,Monthly
EVS04495,"6163 Los Angeles Ave, Los Angeles",AC Level 1,0.23,9:00-18:00,12.25,63,ChargePoint,350,"CHAdeMO, Type 2",2021,Yes,4.2,10,Monthly
EVS04496,"3037 San Francisco Ave, San Francisco",AC Level 1,0.13,9:00-18:00,1.30,26,Tesla,50,"CCS, Type 2",2012,Yes,5.0,4,Monthly
EVS04497,"1229 Chicago Ave, Chicago",AC Level 2,0.13,9:00-18:00,10.02,12,Ionity,22,"CHAdeMO, Tesla",2014,No,4.7,2,Annually
EVS04498,"3374 Chicago Ave, Chicago",DC Fast Charger,0.21,6:00-22:00,2.80,16,Greenlots,50,"Type 2, Tesla",2019,Yes,3.0,6,Quarterly
EVS04499,"8089 Mexico City Ave, Mexico City",DC Fast Charger,0.33,24/7,13.23,62,Greenlots,22,"Type 2, Tesla",2020,No,3.7,4,Quarterly
EVS04500,"6103 Toronto Ave, Toronto",AC Level 1,0.24,9:00-18:00,3.95,87,Tesla,22,CCS,2012,No,4.2,6,Quarterly
EVS04501,"8618 Random Rd, City 61, Country",AC Level 1,0.37,6:00-22:00,11.54,99,Tesla,50,"Type 2, Tesla",2011,Yes,3.7,1,Quarterly
EVS04502,"5844 Moscow Ave, Moscow",AC Level 2,0.24,6:00-22:00,5.18,83,Greenlots,150,CHAdeMO,2012,Yes,3.6,6,Quarterly
EVS04503,"4704 Berlin Ave, Berlin",AC Level 1,0.30,9:00-18:00,1.34,33,Greenlots,50,"CCS, Type 2",2021,Yes,4.9,9,Monthly
EVS04504,"9460 Bangkok Ave, Bangkok",AC Level 1,0.25,9:00-18:00,0.86,41,ChargePoint,22,CCS,2011,No,3.2,5,Monthly
EVS04505,"4400 Chicago Ave, Chicago",AC Level 2,0.27,24/7,11.44,74,EVgo,22,Type 2,2023,Yes,3.4,7,Monthly
EVS04506,"7507 Cape Town Ave, Cape Town",AC Level 1,0.10,6:00-22:00,18.24,34,EVgo,350,CHAdeMO,2013,Yes,4.4,9,Annually
EVS04507,"1282 Toronto Ave, Toronto",DC Fast Charger,0.39,24/7,4.60,54,EVgo,50,"CCS, Type 2",2014,No,3.5,5,Monthly
EVS04508,"3142 San Francisco Ave, San Francisco",DC Fast Charger,0.30,6:00-22:00,14.84,70,Ionity,350,CCS,2020,No,3.6,1,Monthly
EVS04509,"8626 Sydney Ave, Sydney",AC Level 2,0.49,9:00-18:00,3.06,92,Ionity,150,CCS,2018,No,3.8,2,Quarterly
EVS04510,"9504 Mexico City Ave, Mexico City",AC Level 2,0.13,6:00-22:00,14.75,50,Greenlots,50,"Type 2, CHAdeMO",2016,Yes,3.2,6,Annually
EVS04511,"7842 Random Rd, City 333, Country",AC Level 1,0.40,6:00-22:00,3.81,14,Greenlots,150,Tesla,2021,Yes,4.4,2,Monthly
EVS04512,"7784 Cape Town Ave, Cape Town",AC Level 1,0.20,24/7,1.81,93,EVgo,150,"Type 2, Tesla",2023,No,3.3,1,Quarterly
EVS04513,"2103 Cape Town Ave, Cape Town",AC Level 1,0.24,24/7,17.22,75,Ionity,50,"Type 2, CCS",2010,No,3.2,1,Annually
EVS04514,"1593 Toronto Ave, Toronto",DC Fast Charger,0.35,24/7,19.48,98,Greenlots,350,"Type 2, CHAdeMO",2019,Yes,4.0,5,Monthly
EVS04515,"7732 Cape Town Ave, Cape Town",AC Level 2,0.27,6:00-22:00,9.86,65,ChargePoint,50,"Type 2, CCS",2017,Yes,4.1,8,Annually
EVS04516,"2954 Beijing Ave, Beijing",AC Level 1,0.37,6:00-22:00,17.28,81,Tesla,22,"Type 2, CHAdeMO",2010,Yes,4.7,5,Quarterly
EVS04517,"4071 Berlin Ave, Berlin",AC Level 2,0.28,24/7,15.82,12,Ionity,350,"Type 2, CCS",2016,Yes,3.0,3,Quarterly
EVS04518,"3712 Cape Town Ave, Cape Town",DC Fast Charger,0.40,6:00-22:00,4.75,61,EVgo,50,Type 2,2023,No,4.3,4,Annually
EVS04519,"5728 San Francisco Ave, San Francisco",AC Level 2,0.47,9:00-18:00,14.60,82,Ionity,150,CCS,2011,Yes,4.7,10,Monthly
EVS04520,"1199 San Francisco Ave, San Francisco",DC Fast Charger,0.38,9:00-18:00,10.77,98,EVgo,350,"Type 2, CHAdeMO",2022,Yes,3.1,5,Annually
EVS04521,"9592 Random Rd, City 184, Country",AC Level 2,0.26,6:00-22:00,6.63,53,ChargePoint,350,"CCS, Type 2",2021,Yes,3.9,2,Quarterly
EVS04522,"3137 Los Angeles Ave, Los Angeles",AC Level 1,0.18,6:00-22:00,6.56,62,ChargePoint,150,Tesla,2015,Yes,3.9,3,Annually
EVS04523,"4666 Moscow Ave, Moscow",AC Level 1,0.36,9:00-18:00,17.15,18,ChargePoint,150,"CCS, Type 2",2017,No,4.7,8,Monthly
EVS04524,"4713 São Paulo Ave, São Paulo",AC Level 1,0.17,9:00-18:00,19.96,61,Tesla,350,"Type 2, CHAdeMO",2012,Yes,4.9,5,Annually
EVS04525,"1125 Bangkok Ave, Bangkok",AC Level 2,0.44,6:00-22:00,10.98,18,Tesla,150,Type 2,2017,Yes,4.5,2,Quarterly
EVS04526,"565 Chicago Ave, Chicago",DC Fast Charger,0.14,24/7,15.33,76,Greenlots,350,CCS,2018,Yes,3.6,1,Monthly
EVS04527,"53 Moscow Ave, Moscow",DC Fast Charger,0.37,6:00-22:00,2.98,80,EVgo,50,CHAdeMO,2012,Yes,3.8,4,Annually
EVS04528,"3322 São Paulo Ave, São Paulo",AC Level 2,0.35,24/7,8.80,32,ChargePoint,150,CCS,2016,Yes,3.4,5,Monthly
EVS04529,"1803 Beijing Ave, Beijing",AC Level 2,0.48,24/7,7.19,43,Ionity,22,"CHAdeMO, Type 2",2012,No,3.7,2,Annually
EVS04530,"9787 Bangkok Ave, Bangkok",AC Level 1,0.25,24/7,17.40,40,ChargePoint,150,"Type 2, Tesla",2015,Yes,4.6,5,Quarterly
EVS04531,"2824 Random Rd, City 277, Country",AC Level 1,0.42,6:00-22:00,11.83,98,ChargePoint,350,"CCS, Tesla",2023,No,4.4,5,Annually
EVS04532,"6057 Berlin Ave, Berlin",AC Level 2,0.45,6:00-22:00,18.71,41,Ionity,50,Type 2,2015,Yes,4.7,6,Quarterly
EVS04533,"8074 Cape Town Ave, Cape Town",AC Level 1,0.25,9:00-18:00,19.93,38,ChargePoint,22,CCS,2011,No,3.0,5,Quarterly
EVS04534,"6029 Los Angeles Ave, Los Angeles",AC Level 2,0.17,6:00-22:00,0.96,22,Tesla,50,"Type 2, CCS",2023,No,4.0,5,Annually
EVS04535,"1611 Los Angeles Ave, Los Angeles",AC Level 2,0.42,24/7,11.99,21,Ionity,150,"CHAdeMO, Tesla",2016,Yes,4.6,2,Quarterly
EVS04536,"7572 Seoul Ave, Seoul",DC Fast Charger,0.31,6:00-22:00,7.07,46,Tesla,22,"Tesla, CCS",2016,No,4.1,1,Quarterly
EVS04537,"4540 Los Angeles Ave, Los Angeles",DC Fast Charger,0.32,6:00-22:00,18.11,83,ChargePoint,150,"Tesla, CCS",2019,Yes,3.5,4,Monthly
EVS04538,"9413 Bangkok Ave, Bangkok",AC Level 1,0.22,9:00-18:00,12.51,62,EVgo,22,Tesla,2021,No,4.7,4,Quarterly
EVS04539,"1515 San Francisco Ave, San Francisco",AC Level 2,0.45,24/7,9.91,75,Greenlots,22,"CCS, Tesla",2013,No,4.0,4,Quarterly
EVS04540,"5764 Dubai Ave, Dubai",AC Level 1,0.48,6:00-22:00,16.85,58,Tesla,350,"Tesla, Type 2",2015,Yes,4.2,4,Annually
EVS04541,"7039 Random Rd, City 480, Country",AC Level 1,0.49,6:00-22:00,5.21,38,Ionity,150,"CHAdeMO, CCS",2013,No,4.7,9,Annually
EVS04542,"1302 Moscow Ave, Moscow",AC Level 1,0.13,24/7,7.09,42,Ionity,350,"CCS, Type 2",2011,No,4.5,3,Quarterly
EVS04543,"5824 Sydney Ave, Sydney",AC Level 2,0.30,9:00-18:00,8.03,56,Tesla,150,"CHAdeMO, Tesla",2017,No,4.4,2,Annually
EVS04544,"561 Chicago Ave, Chicago",AC Level 1,0.11,6:00-22:00,11.54,97,Greenlots,50,"Type 2, CCS",2013,Yes,3.9,8,Annually
EVS04545,"273 San Francisco Ave, San Francisco",DC Fast Charger,0.38,9:00-18:00,11.16,43,Tesla,350,"CCS, CHAdeMO",2010,Yes,3.3,1,Monthly
EVS04546,"6494 Mexico City Ave, Mexico City",AC Level 2,0.29,24/7,7.37,25,Ionity,22,"Tesla, CHAdeMO",2021,Yes,3.0,8,Annually
EVS04547,"9132 Berlin Ave, Berlin",AC Level 1,0.22,24/7,16.99,100,EVgo,22,"CCS, Type 2",2019,No,3.7,8,Quarterly
EVS04548,"8025 Moscow Ave, Moscow",AC Level 2,0.40,24/7,13.61,81,Greenlots,150,"Type 2, CCS",2019,Yes,4.4,9,Monthly
EVS04549,"1684 Beijing Ave, Beijing",AC Level 1,0.31,9:00-18:00,13.11,94,Ionity,350,"CHAdeMO, CCS",2019,No,3.2,2,Monthly
EVS04550,"8120 Berlin Ave, Berlin",DC Fast Charger,0.17,6:00-22:00,5.80,90,Ionity,150,CCS,2010,Yes,4.2,7,Quarterly
EVS04551,"7163 Random Rd, City 363, Country",AC Level 2,0.49,24/7,15.42,76,ChargePoint,150,Tesla,2018,Yes,4.1,4,Quarterly
EVS04552,"3200 Beijing Ave, Beijing",DC Fast Charger,0.27,6:00-22:00,1.77,93,Tesla,50,Tesla,2013,No,4.8,4,Monthly
EVS04553,"4171 Chicago Ave, Chicago",DC Fast Charger,0.45,24/7,14.30,45,ChargePoint,50,"CHAdeMO, Type 2",2011,Yes,3.8,9,Monthly
EVS04554,"1728 Berlin Ave, Berlin",AC Level 1,0.27,6:00-22:00,3.76,20,Ionity,350,CHAdeMO,2021,Yes,3.9,2,Monthly
EVS04555,"5756 San Francisco Ave, San Francisco",AC Level 1,0.13,6:00-22:00,10.38,40,Greenlots,350,CHAdeMO,2021,No,4.1,8,Monthly
EVS04556,"1051 Moscow Ave, Moscow",DC Fast Charger,0.45,6:00-22:00,18.26,31,ChargePoint,150,"Tesla, Type 2",2022,Yes,4.1,6,Annually
EVS04557,"6510 São Paulo Ave, São Paulo",AC Level 2,0.49,6:00-22:00,15.81,86,ChargePoint,150,Tesla,2013,No,3.9,6,Annually
EVS04558,"2103 Cape Town Ave, Cape Town",AC Level 1,0.21,24/7,18.94,97,ChargePoint,150,"CCS, Type 2",2023,Yes,3.5,3,Annually
EVS04559,"6715 Cape Town Ave, Cape Town",AC Level 2,0.36,9:00-18:00,18.21,46,EVgo,350,"Type 2, CHAdeMO",2022,No,3.6,3,Annually
EVS04560,"8440 Dubai Ave, Dubai",AC Level 2,0.11,24/7,7.69,18,Ionity,50,"Tesla, Type 2",2018,Yes,3.3,9,Annually
EVS04561,"920 Random Rd, City 243, Country",AC Level 1,0.24,9:00-18:00,9.11,61,Ionity,50,CCS,2022,Yes,4.7,7,Quarterly
EVS04562,"6216 Mexico City Ave, Mexico City",AC Level 2,0.33,24/7,18.53,17,ChargePoint,150,Tesla,2021,Yes,4.1,1,Annually
EVS04563,"6207 Los Angeles Ave, Los Angeles",DC Fast Charger,0.49,24/7,1.39,54,Ionity,150,"Type 2, CCS",2019,Yes,4.7,9,Quarterly
EVS04564,"6536 San Francisco Ave, San Francisco",AC Level 1,0.24,9:00-18:00,18.57,54,Ionity,50,CCS,2015,Yes,4.8,6,Monthly
EVS04565,"7346 Toronto Ave, Toronto",AC Level 1,0.28,9:00-18:00,7.98,93,Tesla,350,Type 2,2016,Yes,3.8,1,Monthly
EVS04566,"3807 Cape Town Ave, Cape Town",AC Level 1,0.47,9:00-18:00,5.87,75,EVgo,22,CCS,2013,Yes,3.0,6,Monthly
EVS04567,"8064 Mexico City Ave, Mexico City",DC Fast Charger,0.32,6:00-22:00,15.25,75,EVgo,50,CHAdeMO,2010,No,3.9,1,Quarterly
EVS04568,"700 Moscow Ave, Moscow",AC Level 2,0.34,9:00-18:00,1.26,13,ChargePoint,350,"CCS, Tesla",2021,No,4.2,10,Annually
EVS04569,"5007 Cape Town Ave, Cape Town",DC Fast Charger,0.30,24/7,6.23,51,Greenlots,150,"CHAdeMO, Tesla",2022,Yes,3.3,4,Monthly
EVS04570,"5844 Dubai Ave, Dubai",AC Level 2,0.27,6:00-22:00,17.74,30,Ionity,150,"CHAdeMO, CCS",2015,No,4.8,3,Annually
EVS04571,"3169 Random Rd, City 182, Country",DC Fast Charger,0.14,6:00-22:00,5.62,60,Ionity,22,CHAdeMO,2013,Yes,4.4,6,Quarterly
EVS04572,"3569 Los Angeles Ave, Los Angeles",DC Fast Charger,0.46,6:00-22:00,11.44,26,EVgo,22,CCS,2023,Yes,4.1,10,Quarterly
EVS04573,"2087 São Paulo Ave, São Paulo",AC Level 2,0.23,24/7,6.89,94,Tesla,22,"CHAdeMO, Type 2",2013,Yes,3.4,1,Annually
EVS04574,"6714 Los Angeles Ave, Los Angeles",DC Fast Charger,0.37,24/7,1.87,70,Greenlots,350,"Type 2, Tesla",2020,No,3.9,3,Annually
EVS04575,"8808 Mumbai Ave, Mumbai",DC Fast Charger,0.20,9:00-18:00,18.04,90,EVgo,150,CCS,2016,No,4.9,2,Monthly
EVS04576,"2514 Berlin Ave, Berlin",AC Level 1,0.26,24/7,7.96,27,Tesla,150,"Type 2, CHAdeMO",2016,Yes,4.3,4,Monthly
EVS04577,"8883 Los Angeles Ave, Los Angeles",AC Level 1,0.12,24/7,9.33,84,Tesla,50,"Type 2, Tesla",2016,No,4.5,10,Annually
EVS04578,"9663 Sydney Ave, Sydney",AC Level 2,0.26,24/7,19.61,62,Ionity,150,"CHAdeMO, CCS",2022,No,4.5,2,Annually
EVS04579,"8104 Cape Town Ave, Cape Town",DC Fast Charger,0.36,6:00-22:00,12.13,67,EVgo,22,"CHAdeMO, CCS",2015,Yes,4.7,2,Quarterly
EVS04580,"2066 Los Angeles Ave, Los Angeles",AC Level 1,0.17,24/7,16.29,35,Ionity,50,CHAdeMO,2012,Yes,3.3,10,Monthly
EVS04581,"8158 Random Rd, City 130, Country",DC Fast Charger,0.17,9:00-18:00,12.35,40,ChargePoint,350,Tesla,2022,Yes,3.7,10,Quarterly
EVS04582,"1137 Mumbai Ave, Mumbai",AC Level 1,0.39,6:00-22:00,17.72,75,Tesla,350,CCS,2023,No,4.8,1,Annually
EVS04583,"3212 San Francisco Ave, San Francisco",DC Fast Charger,0.28,9:00-18:00,2.30,71,Tesla,150,CCS,2021,No,4.6,9,Monthly
EVS04584,"313 Cape Town Ave, Cape Town",AC Level 2,0.31,6:00-22:00,8.46,48,ChargePoint,150,CCS,2021,No,3.6,8,Monthly
EVS04585,"4950 Los Angeles Ave, Los Angeles",DC Fast Charger,0.31,6:00-22:00,1.71,77,ChargePoint,350,"CCS, CHAdeMO",2010,Yes,3.8,5,Quarterly
EVS04586,"9978 Sydney Ave, Sydney",AC Level 1,0.30,24/7,12.97,61,Greenlots,150,"CCS, Tesla",2016,No,4.5,1,Quarterly
EVS04587,"986 Mexico City Ave, Mexico City",DC Fast Charger,0.40,24/7,3.98,68,Tesla,22,Tesla,2012,Yes,4.4,5,Annually
EVS04588,"9641 San Francisco Ave, San Francisco",AC Level 1,0.24,24/7,1.42,71,EVgo,22,"CHAdeMO, Tesla",2023,No,3.7,8,Annually
EVS04589,"5004 Cape Town Ave, Cape Town",DC Fast Charger,0.34,9:00-18:00,6.68,17,Ionity,350,CCS,2015,Yes,3.6,4,Monthly
EVS04590,"4954 Dubai Ave, Dubai",AC Level 2,0.32,24/7,9.62,72,Ionity,350,"Type 2, Tesla",2021,Yes,4.4,2,Annually
EVS04591,"2220 Random Rd, City 308, Country",AC Level 2,0.17,6:00-22:00,2.04,100,EVgo,22,"CCS, Tesla",2019,Yes,4.0,8,Quarterly
EVS04592,"4025 Seoul Ave, Seoul",AC Level 1,0.12,6:00-22:00,13.98,24,Ionity,22,"Tesla, CCS",2021,Yes,3.4,10,Quarterly
EVS04593,"8967 Chicago Ave, Chicago",AC Level 1,0.19,24/7,12.79,52,EVgo,50,CHAdeMO,2015,No,4.1,8,Annually
EVS04594,"7054 Moscow Ave, Moscow",AC Level 1,0.36,9:00-18:00,5.46,70,EVgo,150,CCS,2019,No,3.0,3,Annually
EVS04595,"3918 Cape Town Ave, Cape Town",AC Level 1,0.40,24/7,8.34,85,Ionity,350,"CCS, Type 2",2019,Yes,4.1,7,Quarterly
EVS04596,"7391 Sydney Ave, Sydney",AC Level 2,0.19,24/7,3.55,75,ChargePoint,22,Tesla,2022,No,4.8,9,Quarterly
EVS04597,"4964 Mumbai Ave, Mumbai",AC Level 1,0.32,9:00-18:00,13.19,93,Greenlots,350,CHAdeMO,2017,Yes,3.6,3,Monthly
EVS04598,"8151 Toronto Ave, Toronto",AC Level 1,0.46,24/7,17.65,95,EVgo,22,"CCS, Tesla",2011,No,4.5,5,Quarterly
EVS04599,"1397 Bangkok Ave, Bangkok",AC Level 1,0.17,6:00-22:00,12.96,89,EVgo,350,CHAdeMO,2011,Yes,3.2,2,Monthly
EVS04600,"8523 São Paulo Ave, São Paulo",AC Level 2,0.45,9:00-18:00,16.51,58,Tesla,350,CCS,2016,No,4.1,9,Monthly
EVS04601,"3744 Random Rd, City 66, Country",AC Level 2,0.19,9:00-18:00,8.85,91,Tesla,350,"CCS, Type 2",2015,Yes,3.7,2,Monthly
EVS04602,"8449 São Paulo Ave, São Paulo",DC Fast Charger,0.33,24/7,18.97,21,Ionity,150,Tesla,2011,Yes,4.6,1,Quarterly
EVS04603,"2026 Bangkok Ave, Bangkok",AC Level 2,0.37,24/7,13.67,36,ChargePoint,150,"Type 2, CCS",2010,Yes,3.8,6,Monthly
EVS04604,"8199 San Francisco Ave, San Francisco",AC Level 2,0.40,6:00-22:00,17.52,11,Greenlots,50,"Tesla, CCS",2013,Yes,4.9,8,Quarterly
EVS04605,"6467 Sydney Ave, Sydney",AC Level 2,0.17,24/7,5.23,72,Tesla,22,"CHAdeMO, CCS",2018,Yes,3.9,6,Quarterly
EVS04606,"6652 Sydney Ave, Sydney",AC Level 2,0.13,9:00-18:00,13.72,43,Tesla,350,"Type 2, Tesla",2016,Yes,3.4,4,Monthly
EVS04607,"8044 Beijing Ave, Beijing",AC Level 1,0.27,9:00-18:00,11.94,39,Ionity,150,CCS,2019,No,3.3,10,Quarterly
EVS04608,"7467 São Paulo Ave, São Paulo",AC Level 1,0.35,6:00-22:00,5.27,42,Ionity,350,Tesla,2018,Yes,4.7,4,Monthly
EVS04609,"8489 Cape Town Ave, Cape Town",AC Level 1,0.20,9:00-18:00,16.38,59,Ionity,150,Type 2,2016,Yes,3.4,3,Monthly
EVS04610,"577 Dubai Ave, Dubai",DC Fast Charger,0.14,24/7,7.50,39,Greenlots,50,"Tesla, CCS",2015,No,3.7,1,Annually
EVS04611,"3941 Random Rd, City 399, Country",AC Level 1,0.20,9:00-18:00,19.84,89,ChargePoint,350,"CCS, Tesla",2010,No,3.7,5,Monthly
EVS04612,"7312 Cape Town Ave, Cape Town",AC Level 2,0.11,24/7,15.97,28,EVgo,50,"Tesla, CCS",2021,No,4.0,10,Monthly
EVS04613,"2283 Beijing Ave, Beijing",AC Level 2,0.16,24/7,18.93,92,EVgo,350,"Tesla, CHAdeMO",2022,No,4.8,4,Monthly
EVS04614,"6651 Los Angeles Ave, Los Angeles",AC Level 1,0.43,9:00-18:00,12.52,56,Greenlots,22,Type 2,2022,No,4.3,5,Monthly
EVS04615,"9240 Berlin Ave, Berlin",AC Level 2,0.39,6:00-22:00,1.39,71,ChargePoint,150,"Type 2, CHAdeMO",2015,No,3.3,7,Quarterly
EVS04616,"9301 Sydney Ave, Sydney",AC Level 1,0.31,6:00-22:00,7.85,73,Greenlots,150,CCS,2013,No,4.9,2,Annually
EVS04617,"2820 São Paulo Ave, São Paulo",AC Level 1,0.34,24/7,10.61,77,Tesla,22,Tesla,2017,Yes,4.6,10,Monthly
EVS04618,"709 São Paulo Ave, São Paulo",AC Level 2,0.37,9:00-18:00,10.50,29,ChargePoint,350,Type 2,2019,Yes,3.2,5,Quarterly
EVS04619,"9433 Bangkok Ave, Bangkok",AC Level 2,0.13,24/7,19.30,45,Greenlots,50,CCS,2020,Yes,3.6,9,Annually
EVS04620,"3627 Berlin Ave, Berlin",AC Level 2,0.45,6:00-22:00,8.46,54,Greenlots,22,CCS,2012,Yes,3.2,8,Annually
EVS04621,"8758 Random Rd, City 297, Country",DC Fast Charger,0.14,9:00-18:00,10.85,39,Tesla,22,Type 2,2023,No,5.0,2,Annually
EVS04622,"8397 Bangkok Ave, Bangkok",DC Fast Charger,0.41,9:00-18:00,1.80,47,ChargePoint,22,CCS,2020,No,3.0,6,Quarterly
EVS04623,"6800 Mexico City Ave, Mexico City",AC Level 2,0.14,24/7,8.03,64,Tesla,150,"Type 2, CCS",2023,Yes,3.5,5,Quarterly
EVS04624,"1368 Bangkok Ave, Bangkok",AC Level 2,0.43,6:00-22:00,15.57,36,Tesla,350,"CCS, CHAdeMO",2018,Yes,5.0,10,Annually
EVS04625,"796 San Francisco Ave, San Francisco",AC Level 1,0.27,9:00-18:00,1.82,98,Ionity,150,CHAdeMO,2020,No,3.2,6,Monthly
EVS04626,"9034 Los Angeles Ave, Los Angeles",AC Level 1,0.28,24/7,13.91,43,Greenlots,150,Tesla,2010,Yes,4.5,3,Quarterly
EVS04627,"3840 Seoul Ave, Seoul",DC Fast Charger,0.32,6:00-22:00,13.08,91,Greenlots,22,"Type 2, CCS",2020,No,4.7,10,Monthly
EVS04628,"4530 Mumbai Ave, Mumbai",AC Level 2,0.42,9:00-18:00,14.07,11,ChargePoint,150,CCS,2018,No,4.2,1,Annually
EVS04629,"1883 Sydney Ave, Sydney",DC Fast Charger,0.50,9:00-18:00,12.36,15,ChargePoint,350,Type 2,2022,No,3.4,7,Annually
EVS04630,"5684 Toronto Ave, Toronto",AC Level 2,0.37,6:00-22:00,5.87,30,Ionity,22,Type 2,2019,Yes,4.5,4,Annually
EVS04631,"2852 Random Rd, City 269, Country",AC Level 2,0.11,24/7,14.54,21,Tesla,22,Type 2,2010,No,4.8,1,Quarterly
EVS04632,"6939 Seoul Ave, Seoul",DC Fast Charger,0.46,24/7,8.91,17,ChargePoint,22,CHAdeMO,2017,Yes,4.8,7,Quarterly
EVS04633,"7180 Beijing Ave, Beijing",DC Fast Charger,0.17,9:00-18:00,15.24,98,EVgo,50,"Type 2, CCS",2010,Yes,4.1,2,Monthly
EVS04634,"9804 Toronto Ave, Toronto",DC Fast Charger,0.11,24/7,14.59,94,ChargePoint,22,"Type 2, Tesla",2011,Yes,4.0,4,Monthly
EVS04635,"1851 Berlin Ave, Berlin",AC Level 1,0.37,9:00-18:00,16.15,23,Tesla,22,"CHAdeMO, Type 2",2021,No,4.5,7,Annually
EVS04636,"9573 Toronto Ave, Toronto",DC Fast Charger,0.14,24/7,13.66,48,EVgo,350,"Tesla, CCS",2022,Yes,3.7,3,Quarterly
EVS04637,"3300 Toronto Ave, Toronto",AC Level 1,0.41,6:00-22:00,5.76,53,Tesla,22,"CHAdeMO, Type 2",2018,No,3.6,9,Monthly
EVS04638,"5294 São Paulo Ave, São Paulo",AC Level 2,0.33,9:00-18:00,13.25,13,Greenlots,50,CCS,2011,Yes,4.4,8,Quarterly
EVS04639,"5238 Moscow Ave, Moscow",AC Level 2,0.33,24/7,13.66,59,ChargePoint,22,CCS,2011,No,4.7,7,Monthly
EVS04640,"4573 San Francisco Ave, San Francisco",AC Level 1,0.38,6:00-22:00,9.79,54,Tesla,150,"CHAdeMO, Type 2",2016,Yes,3.6,6,Quarterly
EVS04641,"5190 Random Rd, City 277, Country",AC Level 2,0.21,24/7,8.58,70,Tesla,350,CHAdeMO,2010,Yes,3.9,8,Quarterly
EVS04642,"8225 Sydney Ave, Sydney",DC Fast Charger,0.26,9:00-18:00,12.90,51,Ionity,22,"Type 2, CHAdeMO",2019,Yes,4.3,4,Quarterly
EVS04643,"2560 Berlin Ave, Berlin",DC Fast Charger,0.28,9:00-18:00,12.58,64,Tesla,22,"Tesla, CHAdeMO",2018,No,3.6,4,Quarterly
EVS04644,"4242 Sydney Ave, Sydney",AC Level 1,0.19,6:00-22:00,4.29,15,Ionity,150,CHAdeMO,2015,Yes,3.3,6,Quarterly
EVS04645,"5325 Cape Town Ave, Cape Town",DC Fast Charger,0.18,6:00-22:00,4.49,93,Tesla,150,"CHAdeMO, Tesla",2022,No,3.5,6,Monthly
EVS04646,"7493 Moscow Ave, Moscow",AC Level 2,0.22,9:00-18:00,13.37,75,EVgo,350,"Type 2, CHAdeMO",2016,No,4.5,7,Monthly
EVS04647,"3141 Toronto Ave, Toronto",AC Level 2,0.35,24/7,9.66,48,EVgo,150,"Tesla, CCS",2015,No,4.0,9,Monthly
EVS04648,"999 Los Angeles Ave, Los Angeles",AC Level 1,0.28,6:00-22:00,16.32,95,Tesla,22,"Type 2, CCS",2018,No,3.8,6,Annually
EVS04649,"9658 Toronto Ave, Toronto",DC Fast Charger,0.16,6:00-22:00,17.69,100,Tesla,150,CCS,2019,Yes,3.4,5,Monthly
EVS04650,"5133 Los Angeles Ave, Los Angeles",DC Fast Charger,0.11,6:00-22:00,13.81,18,Tesla,50,CHAdeMO,2010,No,3.9,1,Annually
EVS04651,"6748 Random Rd, City 234, Country",AC Level 2,0.32,6:00-22:00,7.39,61,Tesla,22,CCS,2012,No,4.8,1,Quarterly
EVS04652,"2979 Beijing Ave, Beijing",AC Level 2,0.34,24/7,4.58,67,ChargePoint,50,Type 2,2022,No,3.5,6,Quarterly
EVS04653,"2486 Mumbai Ave, Mumbai",DC Fast Charger,0.13,6:00-22:00,3.02,72,Ionity,150,CHAdeMO,2020,No,4.7,4,Monthly
EVS04654,"7603 Cape Town Ave, Cape Town",AC Level 1,0.17,24/7,18.74,19,Greenlots,150,Tesla,2015,No,4.1,4,Monthly
EVS04655,"8689 Toronto Ave, Toronto",AC Level 2,0.21,9:00-18:00,4.19,49,Tesla,22,CCS,2019,No,3.6,6,Monthly
EVS04656,"9157 San Francisco Ave, San Francisco",DC Fast Charger,0.11,24/7,14.71,78,Ionity,350,"CCS, Type 2",2013,Yes,4.4,10,Annually
EVS04657,"1680 Beijing Ave, Beijing",AC Level 2,0.48,24/7,16.42,77,Tesla,350,Tesla,2015,Yes,4.0,5,Monthly
EVS04658,"4393 Bangkok Ave, Bangkok",AC Level 1,0.47,24/7,8.80,97,ChargePoint,22,Type 2,2011,Yes,3.2,2,Annually
EVS04659,"4857 Berlin Ave, Berlin",DC Fast Charger,0.22,9:00-18:00,5.07,21,EVgo,22,CHAdeMO,2023,Yes,3.4,6,Monthly
EVS04660,"2320 Beijing Ave, Beijing",AC Level 2,0.27,24/7,1.43,43,Greenlots,150,CCS,2010,No,3.8,7,Quarterly
EVS04661,"8976 Random Rd, City 436, Country",DC Fast Charger,0.12,24/7,9.17,48,Greenlots,22,CHAdeMO,2015,Yes,3.3,7,Quarterly
EVS04662,"9457 Toronto Ave, Toronto",DC Fast Charger,0.17,9:00-18:00,11.70,52,ChargePoint,150,CCS,2011,No,4.3,2,Quarterly
EVS04663,"9982 Toronto Ave, Toronto",DC Fast Charger,0.17,6:00-22:00,19.39,25,ChargePoint,150,"CCS, Tesla",2023,Yes,4.9,2,Monthly
EVS04664,"2908 Beijing Ave, Beijing",DC Fast Charger,0.33,9:00-18:00,14.95,87,ChargePoint,22,CHAdeMO,2021,Yes,4.6,9,Quarterly
EVS04665,"871 Chicago Ave, Chicago",AC Level 2,0.36,24/7,6.74,98,Greenlots,150,Type 2,2014,No,3.2,4,Quarterly
EVS04666,"1254 Chicago Ave, Chicago",DC Fast Charger,0.25,24/7,11.46,62,Greenlots,22,"Tesla, Type 2",2010,No,4.2,8,Quarterly
EVS04667,"9113 Mexico City Ave, Mexico City",DC Fast Charger,0.42,9:00-18:00,10.76,40,ChargePoint,22,"CCS, Type 2",2023,Yes,3.1,6,Quarterly
EVS04668,"9865 Bangkok Ave, Bangkok",AC Level 2,0.47,6:00-22:00,4.15,25,ChargePoint,350,Type 2,2023,Yes,4.3,1,Monthly
EVS04669,"8887 Los Angeles Ave, Los Angeles",AC Level 1,0.22,24/7,13.61,27,Greenlots,150,"CCS, Tesla",2020,No,3.4,9,Monthly
EVS04670,"7492 Mexico City Ave, Mexico City",DC Fast Charger,0.48,24/7,10.86,48,Ionity,22,"CHAdeMO, CCS",2012,No,3.4,7,Annually
EVS04671,"4919 Random Rd, City 138, Country",AC Level 1,0.35,6:00-22:00,15.37,90,Ionity,50,"Type 2, CCS",2019,No,4.5,10,Annually
EVS04672,"7933 Sydney Ave, Sydney",AC Level 2,0.49,9:00-18:00,0.89,62,Greenlots,150,"CCS, Tesla",2011,No,4.7,1,Quarterly
EVS04673,"2186 Bangkok Ave, Bangkok",DC Fast Charger,0.29,24/7,1.82,62,Tesla,350,"Tesla, CCS",2011,Yes,3.3,3,Quarterly
EVS04674,"660 Seoul Ave, Seoul",AC Level 2,0.41,6:00-22:00,16.76,76,ChargePoint,22,CCS,2023,Yes,4.8,5,Monthly
EVS04675,"9895 Mumbai Ave, Mumbai",AC Level 1,0.29,6:00-22:00,19.14,18,Ionity,350,"CHAdeMO, Tesla",2022,Yes,3.3,3,Annually
EVS04676,"8043 Bangkok Ave, Bangkok",AC Level 2,0.26,9:00-18:00,15.53,12,Ionity,22,"CCS, CHAdeMO",2023,No,3.9,3,Quarterly
EVS04677,"5928 Beijing Ave, Beijing",AC Level 2,0.22,24/7,15.26,57,Tesla,350,CHAdeMO,2021,Yes,3.4,4,Annually
EVS04678,"9765 Toronto Ave, Toronto",DC Fast Charger,0.41,9:00-18:00,5.24,56,Tesla,150,"CCS, CHAdeMO",2017,No,4.1,9,Quarterly
EVS04679,"9372 Dubai Ave, Dubai",DC Fast Charger,0.21,6:00-22:00,7.11,32,ChargePoint,350,CHAdeMO,2023,Yes,4.7,4,Annually
EVS04680,"207 Toronto Ave, Toronto",DC Fast Charger,0.35,24/7,6.15,87,Tesla,50,"CCS, CHAdeMO",2022,No,3.3,7,Monthly
EVS04681,"6360 Random Rd, City 194, Country",AC Level 2,0.28,6:00-22:00,13.97,41,EVgo,150,Type 2,2011,Yes,4.9,10,Quarterly
EVS04682,"4967 Toronto Ave, Toronto",DC Fast Charger,0.33,9:00-18:00,14.13,27,Ionity,150,CCS,2018,Yes,3.9,9,Monthly
EVS04683,"9018 Bangkok Ave, Bangkok",DC Fast Charger,0.40,6:00-22:00,3.96,35,Greenlots,150,Tesla,2017,No,4.6,8,Annually
EVS04684,"1899 Beijing Ave, Beijing",DC Fast Charger,0.37,6:00-22:00,7.03,49,Greenlots,50,"Type 2, Tesla",2021,No,3.3,2,Annually
EVS04685,"7900 Seoul Ave, Seoul",AC Level 2,0.25,6:00-22:00,7.12,27,Ionity,50,"Type 2, CCS",2013,No,4.7,4,Annually
EVS04686,"9399 Mexico City Ave, Mexico City",AC Level 1,0.41,24/7,5.95,28,ChargePoint,150,CCS,2017,No,4.4,3,Quarterly
EVS04687,"2844 São Paulo Ave, São Paulo",AC Level 1,0.12,9:00-18:00,7.77,16,Greenlots,350,Type 2,2018,No,4.3,4,Monthly
EVS04688,"2921 Mumbai Ave, Mumbai",AC Level 2,0.21,24/7,4.55,72,Greenlots,50,"CCS, Type 2",2022,No,3.6,6,Monthly
EVS04689,"7447 Bangkok Ave, Bangkok",DC Fast Charger,0.35,24/7,4.84,89,ChargePoint,50,CHAdeMO,2014,No,4.2,3,Quarterly
EVS04690,"5010 Chicago Ave, Chicago",AC Level 1,0.11,6:00-22:00,2.31,69,ChargePoint,22,Tesla,2012,Yes,3.5,8,Annually
EVS04691,"6207 Random Rd, City 391, Country",DC Fast Charger,0.30,6:00-22:00,16.85,44,EVgo,350,"CHAdeMO, Type 2",2020,No,3.4,5,Annually
EVS04692,"5056 Dubai Ave, Dubai",DC Fast Charger,0.40,24/7,5.18,29,Tesla,350,CHAdeMO,2013,No,3.4,10,Annually
EVS04693,"7499 Seoul Ave, Seoul",AC Level 1,0.11,9:00-18:00,2.63,17,Tesla,22,"Type 2, Tesla",2010,Yes,4.1,4,Quarterly
EVS04694,"6115 Los Angeles Ave, Los Angeles",AC Level 1,0.16,9:00-18:00,13.07,74,ChargePoint,350,"Tesla, Type 2",2015,Yes,3.2,6,Quarterly
EVS04695,"5400 Los Angeles Ave, Los Angeles",AC Level 2,0.27,24/7,11.96,44,Greenlots,350,CCS,2016,Yes,3.9,6,Quarterly
EVS04696,"7848 Bangkok Ave, Bangkok",AC Level 2,0.44,24/7,7.45,39,Ionity,22,CCS,2014,No,4.8,6,Monthly
EVS04697,"6937 Sydney Ave, Sydney",AC Level 1,0.34,24/7,16.37,34,Tesla,150,"CCS, Type 2",2023,No,3.6,10,Monthly
EVS04698,"9109 Cape Town Ave, Cape Town",DC Fast Charger,0.42,24/7,13.57,45,Greenlots,150,"CCS, Type 2",2016,No,4.7,4,Quarterly
EVS04699,"9114 Beijing Ave, Beijing",DC Fast Charger,0.23,24/7,13.78,93,EVgo,50,Type 2,2019,No,4.9,1,Monthly
EVS04700,"5626 Dubai Ave, Dubai",AC Level 2,0.45,6:00-22:00,6.67,30,EVgo,350,"Type 2, CHAdeMO",2014,No,3.6,1,Annually
EVS04701,"3355 Random Rd, City 69, Country",AC Level 1,0.48,9:00-18:00,13.03,53,Ionity,350,CCS,2021,No,3.7,10,Monthly
EVS04702,"9133 Dubai Ave, Dubai",DC Fast Charger,0.20,9:00-18:00,7.53,50,EVgo,22,"CCS, Tesla",2022,No,3.6,10,Quarterly
EVS04703,"4180 Seoul Ave, Seoul",AC Level 1,0.30,9:00-18:00,12.49,66,Tesla,22,"CHAdeMO, CCS",2017,No,4.9,10,Monthly
EVS04704,"9777 Seoul Ave, Seoul",AC Level 2,0.34,9:00-18:00,18.01,17,Tesla,350,"CCS, Tesla",2022,Yes,4.9,4,Quarterly
EVS04705,"1224 Beijing Ave, Beijing",AC Level 1,0.13,9:00-18:00,15.23,37,Tesla,150,"CHAdeMO, Type 2",2017,No,3.8,3,Monthly
EVS04706,"9044 Moscow Ave, Moscow",AC Level 2,0.23,9:00-18:00,6.53,57,Greenlots,22,Type 2,2021,Yes,4.2,5,Annually
EVS04707,"5260 Mexico City Ave, Mexico City",AC Level 1,0.40,24/7,19.34,93,Greenlots,150,CHAdeMO,2022,Yes,4.9,4,Annually
EVS04708,"9922 Moscow Ave, Moscow",AC Level 1,0.45,9:00-18:00,12.60,11,Greenlots,50,Type 2,2016,Yes,3.0,7,Annually
EVS04709,"1676 Moscow Ave, Moscow",AC Level 1,0.33,6:00-22:00,19.74,81,EVgo,350,Type 2,2017,No,4.7,1,Annually
EVS04710,"7138 Moscow Ave, Moscow",AC Level 1,0.45,9:00-18:00,13.64,57,ChargePoint,22,CHAdeMO,2014,No,4.1,9,Annually
EVS04711,"5709 Random Rd, City 393, Country",AC Level 1,0.47,24/7,9.71,62,ChargePoint,150,"CCS, CHAdeMO",2012,Yes,4.7,3,Quarterly
EVS04712,"4039 Moscow Ave, Moscow",AC Level 1,0.39,9:00-18:00,12.60,16,EVgo,22,"CCS, Type 2",2014,No,4.5,6,Annually
EVS04713,"3252 Chicago Ave, Chicago",AC Level 1,0.49,9:00-18:00,11.52,85,Tesla,50,Type 2,2010,Yes,3.3,9,Monthly
EVS04714,"9661 Toronto Ave, Toronto",AC Level 1,0.39,9:00-18:00,5.39,35,ChargePoint,350,CHAdeMO,2019,Yes,3.5,1,Quarterly
EVS04715,"4847 San Francisco Ave, San Francisco",AC Level 2,0.48,9:00-18:00,6.95,34,ChargePoint,150,"Tesla, CCS",2017,Yes,4.5,2,Quarterly
EVS04716,"2300 Dubai Ave, Dubai",AC Level 2,0.12,6:00-22:00,10.45,60,EVgo,50,"CHAdeMO, CCS",2013,No,3.4,9,Quarterly
EVS04717,"6267 São Paulo Ave, São Paulo",AC Level 2,0.20,24/7,18.54,18,Tesla,150,CHAdeMO,2010,Yes,4.4,9,Annually
EVS04718,"4864 Chicago Ave, Chicago",AC Level 2,0.42,24/7,5.77,33,Tesla,350,Type 2,2020,No,4.1,10,Quarterly
EVS04719,"8161 São Paulo Ave, São Paulo",AC Level 2,0.28,6:00-22:00,12.54,27,Greenlots,350,"Tesla, CCS",2023,Yes,4.7,3,Quarterly
EVS04720,"9320 Cape Town Ave, Cape Town",AC Level 2,0.32,6:00-22:00,5.07,30,Tesla,22,"CCS, CHAdeMO",2011,Yes,3.2,3,Monthly
EVS04721,"7460 Random Rd, City 305, Country",AC Level 2,0.28,6:00-22:00,16.77,22,Greenlots,150,"Type 2, CHAdeMO",2020,Yes,3.4,5,Monthly
EVS04722,"6922 San Francisco Ave, San Francisco",DC Fast Charger,0.25,9:00-18:00,9.22,93,ChargePoint,22,"CHAdeMO, Type 2",2017,No,3.1,7,Annually
EVS04723,"4777 Sydney Ave, Sydney",AC Level 1,0.11,6:00-22:00,7.92,51,EVgo,50,"Tesla, CHAdeMO",2021,No,3.3,2,Annually
EVS04724,"9851 São Paulo Ave, São Paulo",AC Level 1,0.13,6:00-22:00,1.23,73,Ionity,50,Type 2,2011,No,3.8,6,Quarterly
EVS04725,"2700 Beijing Ave, Beijing",AC Level 1,0.24,6:00-22:00,1.96,90,EVgo,50,CHAdeMO,2010,Yes,3.0,5,Annually
EVS04726,"3259 San Francisco Ave, San Francisco",AC Level 2,0.42,9:00-18:00,16.51,72,Greenlots,150,"Type 2, CCS",2019,Yes,3.9,3,Annually
EVS04727,"978 Beijing Ave, Beijing",AC Level 2,0.18,9:00-18:00,19.64,21,Tesla,350,Type 2,2019,Yes,4.1,1,Monthly
EVS04728,"1277 Beijing Ave, Beijing",DC Fast Charger,0.17,9:00-18:00,17.73,51,ChargePoint,22,"Tesla, CHAdeMO",2015,Yes,4.9,5,Quarterly
EVS04729,"1829 Beijing Ave, Beijing",AC Level 2,0.41,6:00-22:00,3.28,16,Tesla,22,CCS,2015,No,4.3,1,Quarterly
EVS04730,"7329 San Francisco Ave, San Francisco",AC Level 2,0.47,24/7,8.08,47,EVgo,350,"Type 2, CHAdeMO",2010,Yes,3.0,2,Quarterly
EVS04731,"2924 Random Rd, City 298, Country",AC Level 1,0.49,6:00-22:00,7.79,17,Tesla,150,CHAdeMO,2019,No,3.6,6,Monthly
EVS04732,"819 San Francisco Ave, San Francisco",AC Level 1,0.49,6:00-22:00,1.57,15,Tesla,350,"CHAdeMO, CCS",2010,Yes,3.8,7,Monthly
EVS04733,"6211 Toronto Ave, Toronto",AC Level 1,0.15,9:00-18:00,16.84,54,ChargePoint,50,"Type 2, Tesla",2020,No,3.0,9,Annually
EVS04734,"8299 San Francisco Ave, San Francisco",DC Fast Charger,0.19,24/7,9.41,96,Tesla,350,CHAdeMO,2022,No,3.2,4,Annually
EVS04735,"3982 Beijing Ave, Beijing",AC Level 1,0.36,24/7,6.93,82,Ionity,22,CHAdeMO,2019,Yes,3.1,4,Annually
EVS04736,"8938 São Paulo Ave, São Paulo",DC Fast Charger,0.46,6:00-22:00,7.40,38,ChargePoint,50,CCS,2022,No,3.3,2,Monthly
EVS04737,"4698 Mumbai Ave, Mumbai",AC Level 1,0.16,6:00-22:00,1.49,87,EVgo,22,"CCS, Type 2",2017,No,4.4,1,Annually
EVS04738,"5409 Cape Town Ave, Cape Town",AC Level 2,0.26,24/7,18.46,34,Greenlots,50,CCS,2014,No,3.4,5,Annually
EVS04739,"7204 Moscow Ave, Moscow",AC Level 1,0.42,9:00-18:00,12.12,12,EVgo,22,CHAdeMO,2015,No,4.1,7,Quarterly
EVS04740,"6605 Sydney Ave, Sydney",AC Level 1,0.38,9:00-18:00,11.22,99,Greenlots,350,Type 2,2012,No,4.3,3,Quarterly
EVS04741,"5149 Random Rd, City 129, Country",AC Level 2,0.24,6:00-22:00,11.93,79,Greenlots,350,"CHAdeMO, Type 2",2020,Yes,4.0,8,Monthly
EVS04742,"985 Mumbai Ave, Mumbai",AC Level 2,0.46,9:00-18:00,4.29,15,Tesla,350,Tesla,2014,Yes,3.7,9,Quarterly
EVS04743,"2634 São Paulo Ave, São Paulo",AC Level 1,0.35,24/7,11.02,32,EVgo,350,"Tesla, CHAdeMO",2021,No,4.5,2,Monthly
EVS04744,"3983 Seoul Ave, Seoul",AC Level 1,0.23,24/7,0.78,19,Greenlots,350,Type 2,2023,No,4.6,5,Monthly
EVS04745,"1352 Beijing Ave, Beijing",DC Fast Charger,0.37,24/7,17.96,27,Greenlots,50,"Type 2, CCS",2020,No,3.7,2,Monthly
EVS04746,"5630 São Paulo Ave, São Paulo",DC Fast Charger,0.18,6:00-22:00,11.04,41,EVgo,150,"Type 2, CCS",2011,No,4.5,1,Quarterly
EVS04747,"5853 Sydney Ave, Sydney",AC Level 2,0.26,9:00-18:00,2.14,27,Tesla,22,CHAdeMO,2016,Yes,3.1,9,Monthly
EVS04748,"9678 Bangkok Ave, Bangkok",AC Level 2,0.12,24/7,5.65,27,EVgo,22,"Type 2, Tesla",2011,No,4.7,5,Monthly
EVS04749,"229 Chicago Ave, Chicago",DC Fast Charger,0.20,24/7,0.51,21,Tesla,22,CCS,2014,Yes,3.3,3,Quarterly
EVS04750,"9526 Beijing Ave, Beijing",AC Level 1,0.42,6:00-22:00,19.21,72,EVgo,22,Tesla,2018,No,4.1,8,Quarterly
EVS04751,"1979 Random Rd, City 330, Country",AC Level 2,0.19,9:00-18:00,18.80,86,Ionity,22,"CHAdeMO, Type 2",2020,Yes,3.8,8,Quarterly
EVS04752,"2416 Chicago Ave, Chicago",AC Level 2,0.47,9:00-18:00,8.79,34,Tesla,350,"Type 2, CHAdeMO",2014,Yes,4.0,7,Quarterly
EVS04753,"6465 Dubai Ave, Dubai",DC Fast Charger,0.13,9:00-18:00,13.69,75,Tesla,50,"Type 2, CCS",2013,No,3.1,5,Annually
EVS04754,"1654 San Francisco Ave, San Francisco",AC Level 2,0.39,24/7,10.66,69,Ionity,22,CCS,2015,Yes,4.3,10,Monthly
EVS04755,"4073 Beijing Ave, Beijing",DC Fast Charger,0.24,6:00-22:00,2.83,93,ChargePoint,50,Type 2,2017,Yes,4.9,9,Annually
EVS04756,"7081 Dubai Ave, Dubai",AC Level 1,0.19,24/7,12.37,69,Ionity,50,"Type 2, CHAdeMO",2022,No,3.5,3,Quarterly
EVS04757,"7667 Bangkok Ave, Bangkok",AC Level 2,0.45,6:00-22:00,0.69,24,Greenlots,22,Type 2,2020,No,3.8,8,Quarterly
EVS04758,"1755 Dubai Ave, Dubai",AC Level 2,0.36,6:00-22:00,11.34,27,EVgo,150,Tesla,2019,Yes,3.8,7,Quarterly
EVS04759,"4562 San Francisco Ave, San Francisco",AC Level 1,0.35,6:00-22:00,1.20,88,ChargePoint,50,"Tesla, CHAdeMO",2016,Yes,3.8,7,Quarterly
EVS04760,"9996 Bangkok Ave, Bangkok",AC Level 1,0.31,24/7,13.09,49,Ionity,350,Tesla,2012,No,3.7,8,Quarterly
EVS04761,"7070 Random Rd, City 81, Country",AC Level 2,0.31,6:00-22:00,13.89,29,Greenlots,22,"CHAdeMO, CCS",2015,Yes,4.9,3,Annually
EVS04762,"5379 Mumbai Ave, Mumbai",AC Level 1,0.38,9:00-18:00,11.03,52,Ionity,50,Type 2,2015,Yes,4.3,6,Annually
EVS04763,"6079 Cape Town Ave, Cape Town",DC Fast Charger,0.17,6:00-22:00,7.06,68,ChargePoint,350,"CHAdeMO, CCS",2022,No,3.1,9,Quarterly
EVS04764,"3935 Seoul Ave, Seoul",DC Fast Charger,0.45,24/7,3.51,59,EVgo,50,Tesla,2012,No,3.1,6,Annually
EVS04765,"8568 Dubai Ave, Dubai",DC Fast Charger,0.30,24/7,3.12,57,EVgo,50,"Tesla, Type 2",2017,No,4.0,7,Quarterly
EVS04766,"7558 Bangkok Ave, Bangkok",AC Level 2,0.19,6:00-22:00,15.49,12,Greenlots,350,CCS,2010,Yes,3.7,3,Annually
EVS04767,"4736 Mexico City Ave, Mexico City",AC Level 2,0.10,6:00-22:00,14.15,74,Ionity,150,"CHAdeMO, Type 2",2010,No,3.0,1,Quarterly
EVS04768,"2804 Cape Town Ave, Cape Town",AC Level 2,0.17,24/7,7.62,78,Greenlots,50,"Type 2, Tesla",2018,No,3.5,6,Quarterly
EVS04769,"4507 San Francisco Ave, San Francisco",DC Fast Charger,0.32,24/7,2.70,82,ChargePoint,22,Tesla,2018,No,4.1,7,Annually
EVS04770,"1883 Chicago Ave, Chicago",AC Level 1,0.35,6:00-22:00,18.52,27,ChargePoint,50,Tesla,2014,Yes,3.2,8,Quarterly
EVS04771,"8672 Random Rd, City 372, Country",AC Level 2,0.29,9:00-18:00,4.21,17,EVgo,22,"Tesla, CHAdeMO",2019,Yes,4.0,7,Monthly
EVS04772,"4943 San Francisco Ave, San Francisco",AC Level 2,0.10,9:00-18:00,13.19,64,Tesla,22,"CCS, Type 2",2019,No,4.5,6,Quarterly
EVS04773,"7779 San Francisco Ave, San Francisco",AC Level 2,0.29,9:00-18:00,2.97,78,EVgo,350,CHAdeMO,2014,No,4.0,2,Quarterly
EVS04774,"980 Seoul Ave, Seoul",AC Level 2,0.29,9:00-18:00,8.85,16,Ionity,150,"CCS, Tesla",2017,No,3.8,8,Monthly
EVS04775,"1336 Bangkok Ave, Bangkok",DC Fast Charger,0.15,9:00-18:00,11.35,20,Greenlots,350,CCS,2022,Yes,3.3,7,Quarterly
EVS04776,"9111 Berlin Ave, Berlin",AC Level 1,0.26,24/7,10.62,22,ChargePoint,50,CCS,2011,No,4.7,8,Quarterly
EVS04777,"5676 Sydney Ave, Sydney",DC Fast Charger,0.16,6:00-22:00,13.71,59,ChargePoint,22,Tesla,2020,Yes,4.4,7,Quarterly
EVS04778,"633 Berlin Ave, Berlin",AC Level 1,0.38,6:00-22:00,1.47,17,Ionity,50,"Type 2, CCS",2020,Yes,4.3,3,Quarterly
EVS04779,"8424 Cape Town Ave, Cape Town",AC Level 1,0.21,9:00-18:00,5.40,78,ChargePoint,350,"Type 2, CHAdeMO",2014,No,3.2,9,Monthly
EVS04780,"5390 Moscow Ave, Moscow",AC Level 1,0.41,24/7,16.24,53,ChargePoint,350,CCS,2023,No,3.0,8,Monthly
EVS04781,"3796 Random Rd, City 410, Country",DC Fast Charger,0.40,9:00-18:00,6.73,34,EVgo,22,"CHAdeMO, Tesla",2016,No,4.1,4,Quarterly
EVS04782,"2881 Berlin Ave, Berlin",AC Level 1,0.45,9:00-18:00,8.62,41,ChargePoint,150,CCS,2023,No,4.3,1,Quarterly
EVS04783,"9780 Moscow Ave, Moscow",DC Fast Charger,0.50,9:00-18:00,7.92,85,ChargePoint,22,Type 2,2012,No,4.9,9,Monthly
EVS04784,"4188 Toronto Ave, Toronto",DC Fast Charger,0.38,24/7,5.87,86,Ionity,350,"CCS, Tesla",2021,No,3.4,4,Monthly
EVS04785,"6411 Chicago Ave, Chicago",DC Fast Charger,0.33,6:00-22:00,14.61,61,Greenlots,350,"CHAdeMO, CCS",2019,Yes,5.0,2,Quarterly
EVS04786,"670 Dubai Ave, Dubai",AC Level 1,0.46,24/7,14.39,63,ChargePoint,150,CCS,2022,Yes,3.5,9,Annually
EVS04787,"7714 Berlin Ave, Berlin",AC Level 2,0.28,24/7,1.38,61,EVgo,150,CCS,2010,Yes,3.5,9,Quarterly
EVS04788,"9414 Mumbai Ave, Mumbai",AC Level 1,0.47,9:00-18:00,16.40,94,ChargePoint,350,CHAdeMO,2015,No,3.3,5,Annually
EVS04789,"4329 Toronto Ave, Toronto",DC Fast Charger,0.35,6:00-22:00,19.08,47,Tesla,150,CCS,2012,Yes,4.8,7,Quarterly
EVS04790,"1804 Dubai Ave, Dubai",DC Fast Charger,0.11,6:00-22:00,5.43,85,Greenlots,150,CCS,2019,No,4.4,10,Quarterly
EVS04791,"4443 Random Rd, City 36, Country",AC Level 2,0.36,24/7,14.61,62,Tesla,22,"CHAdeMO, Type 2",2013,No,3.6,2,Monthly
EVS04792,"160 Berlin Ave, Berlin",DC Fast Charger,0.48,24/7,1.31,70,EVgo,50,Type 2,2021,Yes,3.4,4,Quarterly
EVS04793,"5769 Cape Town Ave, Cape Town",AC Level 2,0.11,6:00-22:00,19.46,75,EVgo,350,CHAdeMO,2019,Yes,3.2,9,Monthly
EVS04794,"7957 Dubai Ave, Dubai",AC Level 1,0.31,24/7,4.44,87,Greenlots,50,CHAdeMO,2011,No,3.9,2,Annually
EVS04795,"2984 Cape Town Ave, Cape Town",AC Level 2,0.22,6:00-22:00,15.68,76,Tesla,50,"Type 2, CCS",2013,No,4.1,8,Quarterly
EVS04796,"2572 Mexico City Ave, Mexico City",DC Fast Charger,0.13,6:00-22:00,16.97,81,EVgo,22,Tesla,2019,Yes,3.1,1,Quarterly
EVS04797,"5463 Moscow Ave, Moscow",DC Fast Charger,0.13,6:00-22:00,16.08,23,Tesla,150,Type 2,2016,No,3.5,9,Monthly
EVS04798,"956 Dubai Ave, Dubai",AC Level 2,0.22,6:00-22:00,6.62,42,Ionity,350,"CHAdeMO, Type 2",2017,Yes,3.2,9,Quarterly
EVS04799,"8919 São Paulo Ave, São Paulo",AC Level 1,0.16,6:00-22:00,13.52,73,Ionity,50,"CHAdeMO, Type 2",2019,No,3.4,6,Monthly
EVS04800,"6079 Berlin Ave, Berlin",DC Fast Charger,0.29,6:00-22:00,7.17,54,ChargePoint,350,Type 2,2018,Yes,3.9,8,Quarterly
EVS04801,"5938 Random Rd, City 264, Country",AC Level 1,0.23,9:00-18:00,14.44,29,EVgo,50,CHAdeMO,2018,No,3.9,5,Monthly
EVS04802,"981 Dubai Ave, Dubai",DC Fast Charger,0.22,9:00-18:00,16.00,56,EVgo,22,CCS,2011,Yes,5.0,2,Monthly
EVS04803,"9517 Dubai Ave, Dubai",AC Level 1,0.12,9:00-18:00,13.01,78,Ionity,150,Tesla,2019,Yes,3.7,8,Annually
EVS04804,"1060 Moscow Ave, Moscow",AC Level 1,0.14,6:00-22:00,7.68,18,EVgo,150,"Tesla, Type 2",2017,Yes,3.0,2,Annually
EVS04805,"4168 San Francisco Ave, San Francisco",AC Level 2,0.32,9:00-18:00,0.63,27,Ionity,50,Type 2,2010,Yes,4.8,4,Monthly
EVS04806,"9414 San Francisco Ave, San Francisco",AC Level 2,0.25,6:00-22:00,17.38,40,ChargePoint,150,Type 2,2023,Yes,4.4,9,Monthly
EVS04807,"9200 Seoul Ave, Seoul",AC Level 1,0.31,9:00-18:00,2.39,89,Tesla,150,"CHAdeMO, Tesla",2016,Yes,3.2,7,Annually
EVS04808,"9267 San Francisco Ave, San Francisco",DC Fast Charger,0.23,24/7,15.91,57,Ionity,50,Tesla,2016,No,4.9,1,Quarterly
EVS04809,"5966 Berlin Ave, Berlin",AC Level 1,0.25,24/7,14.01,78,Greenlots,22,Type 2,2022,Yes,3.3,1,Annually
EVS04810,"8003 Bangkok Ave, Bangkok",AC Level 2,0.44,9:00-18:00,6.05,93,Ionity,150,"Tesla, Type 2",2023,No,4.5,7,Quarterly
EVS04811,"5510 Random Rd, City 321, Country",AC Level 2,0.18,9:00-18:00,12.33,24,Ionity,350,"Type 2, Tesla",2011,No,3.9,2,Quarterly
EVS04812,"964 Los Angeles Ave, Los Angeles",DC Fast Charger,0.47,6:00-22:00,16.46,82,Greenlots,50,Tesla,2011,Yes,4.7,1,Annually
EVS04813,"5204 Cape Town Ave, Cape Town",DC Fast Charger,0.14,6:00-22:00,19.11,73,Tesla,50,CHAdeMO,2010,No,3.1,1,Quarterly
EVS04814,"3866 Bangkok Ave, Bangkok",DC Fast Charger,0.14,6:00-22:00,9.40,95,Ionity,22,"CCS, CHAdeMO",2013,Yes,4.6,6,Monthly
EVS04815,"3255 São Paulo Ave, São Paulo",DC Fast Charger,0.18,6:00-22:00,8.85,18,ChargePoint,350,Type 2,2020,No,4.3,5,Annually
EVS04816,"4039 Mexico City Ave, Mexico City",AC Level 2,0.17,6:00-22:00,11.33,54,ChargePoint,22,Tesla,2014,No,4.9,8,Quarterly
EVS04817,"1434 Berlin Ave, Berlin",AC Level 2,0.10,6:00-22:00,11.40,26,Greenlots,50,"Tesla, Type 2",2017,Yes,4.0,4,Annually
EVS04818,"6183 Berlin Ave, Berlin",AC Level 2,0.23,24/7,16.79,18,Greenlots,350,Type 2,2021,No,4.4,7,Quarterly
EVS04819,"701 Mumbai Ave, Mumbai",AC Level 2,0.35,6:00-22:00,3.98,82,Greenlots,350,CHAdeMO,2011,No,3.1,2,Monthly
EVS04820,"6921 Beijing Ave, Beijing",AC Level 2,0.31,24/7,18.67,60,Ionity,350,CCS,2015,No,3.7,1,Monthly
EVS04821,"6612 Random Rd, City 387, Country",DC Fast Charger,0.16,6:00-22:00,13.05,53,Greenlots,350,"CCS, Type 2",2020,No,4.1,2,Quarterly
EVS04822,"1107 São Paulo Ave, São Paulo",DC Fast Charger,0.14,24/7,2.69,66,ChargePoint,350,"CCS, Type 2",2010,No,3.5,6,Monthly
EVS04823,"6876 Seoul Ave, Seoul",DC Fast Charger,0.18,9:00-18:00,6.95,99,ChargePoint,22,"Tesla, CHAdeMO",2017,No,3.4,5,Monthly
EVS04824,"4068 Mumbai Ave, Mumbai",AC Level 2,0.48,6:00-22:00,4.36,35,Tesla,50,CCS,2018,Yes,4.1,10,Monthly
EVS04825,"1286 Sydney Ave, Sydney",AC Level 2,0.37,9:00-18:00,10.89,13,Greenlots,350,"CCS, Type 2",2012,No,4.9,7,Annually
EVS04826,"4805 Beijing Ave, Beijing",AC Level 2,0.20,9:00-18:00,9.11,88,Ionity,350,CHAdeMO,2022,No,3.8,5,Monthly
EVS04827,"7321 Cape Town Ave, Cape Town",AC Level 2,0.35,9:00-18:00,14.31,25,Tesla,150,CHAdeMO,2016,Yes,3.5,5,Monthly
EVS04828,"2355 Seoul Ave, Seoul",AC Level 2,0.11,9:00-18:00,9.14,48,Ionity,50,"Tesla, CHAdeMO",2019,No,3.5,6,Quarterly
EVS04829,"4996 Mumbai Ave, Mumbai",DC Fast Charger,0.30,24/7,9.16,56,Ionity,350,"Type 2, Tesla",2019,Yes,4.9,9,Quarterly
EVS04830,"9866 Berlin Ave, Berlin",AC Level 2,0.16,6:00-22:00,18.05,72,ChargePoint,350,Type 2,2015,No,3.5,4,Monthly
EVS04831,"4794 Random Rd, City 129, Country",AC Level 2,0.49,9:00-18:00,13.88,92,EVgo,22,Tesla,2017,Yes,3.2,1,Annually
EVS04832,"8991 Seoul Ave, Seoul",DC Fast Charger,0.30,6:00-22:00,14.48,37,EVgo,150,"Tesla, CHAdeMO",2023,No,3.8,3,Quarterly
EVS04833,"9265 Seoul Ave, Seoul",AC Level 2,0.44,24/7,13.72,91,ChargePoint,150,CCS,2012,No,3.1,2,Quarterly
EVS04834,"8251 Chicago Ave, Chicago",AC Level 2,0.28,24/7,12.89,17,Greenlots,150,CHAdeMO,2011,Yes,3.8,1,Annually
EVS04835,"597 Seoul Ave, Seoul",AC Level 2,0.49,9:00-18:00,5.79,66,Tesla,150,"Type 2, CHAdeMO",2015,Yes,4.8,1,Annually
EVS04836,"3254 Dubai Ave, Dubai",DC Fast Charger,0.45,6:00-22:00,12.35,83,Greenlots,150,"Type 2, Tesla",2023,No,3.7,6,Monthly
EVS04837,"3456 Mumbai Ave, Mumbai",DC Fast Charger,0.24,6:00-22:00,15.99,61,Ionity,150,Type 2,2012,No,4.1,10,Quarterly
EVS04838,"5967 Mexico City Ave, Mexico City",AC Level 1,0.44,24/7,2.68,23,Ionity,50,"Type 2, Tesla",2019,Yes,4.0,8,Quarterly
EVS04839,"2546 Bangkok Ave, Bangkok",DC Fast Charger,0.24,9:00-18:00,1.71,89,ChargePoint,50,"CCS, Type 2",2023,Yes,3.1,4,Annually
EVS04840,"4772 Cape Town Ave, Cape Town",AC Level 1,0.24,24/7,15.67,89,EVgo,50,Tesla,2015,Yes,4.8,7,Quarterly
EVS04841,"823 Random Rd, City 313, Country",AC Level 1,0.30,6:00-22:00,11.96,52,ChargePoint,150,"CCS, Tesla",2011,Yes,3.6,3,Annually
EVS04842,"5507 Seoul Ave, Seoul",DC Fast Charger,0.34,9:00-18:00,7.93,67,EVgo,22,"Type 2, CCS",2012,Yes,4.8,6,Monthly
EVS04843,"1790 Berlin Ave, Berlin",DC Fast Charger,0.28,6:00-22:00,1.32,85,ChargePoint,350,"Type 2, Tesla",2019,No,4.9,10,Annually
EVS04844,"9262 Seoul Ave, Seoul",AC Level 2,0.49,24/7,6.33,85,Tesla,350,CHAdeMO,2014,Yes,3.9,8,Monthly
EVS04845,"2723 Dubai Ave, Dubai",AC Level 1,0.24,24/7,1.46,27,Ionity,150,"Type 2, CHAdeMO",2017,Yes,4.0,10,Annually
EVS04846,"1154 Beijing Ave, Beijing",AC Level 2,0.31,24/7,6.23,50,ChargePoint,22,CHAdeMO,2019,No,4.8,1,Annually
EVS04847,"3691 Los Angeles Ave, Los Angeles",AC Level 2,0.39,6:00-22:00,7.86,45,Greenlots,50,CCS,2014,Yes,3.5,2,Annually
EVS04848,"1058 Los Angeles Ave, Los Angeles",AC Level 1,0.30,6:00-22:00,3.83,74,Greenlots,150,"Type 2, Tesla",2019,Yes,3.3,4,Quarterly
EVS04849,"8760 Cape Town Ave, Cape Town",DC Fast Charger,0.34,24/7,1.56,43,Tesla,22,CHAdeMO,2011,Yes,3.6,7,Monthly
EVS04850,"5794 Los Angeles Ave, Los Angeles",DC Fast Charger,0.15,6:00-22:00,3.82,40,Ionity,150,Type 2,2018,Yes,3.3,1,Annually
EVS04851,"9939 Random Rd, City 305, Country",DC Fast Charger,0.31,6:00-22:00,4.78,75,Tesla,50,CCS,2013,No,3.7,8,Monthly
EVS04852,"4382 Chicago Ave, Chicago",AC Level 2,0.31,6:00-22:00,11.42,21,Tesla,350,CCS,2011,Yes,3.5,9,Monthly
EVS04853,"2284 Moscow Ave, Moscow",AC Level 2,0.47,24/7,16.88,55,EVgo,22,"CCS, Type 2",2010,No,4.2,3,Annually
EVS04854,"4407 San Francisco Ave, San Francisco",AC Level 2,0.27,9:00-18:00,14.97,26,Ionity,150,CHAdeMO,2016,Yes,4.3,3,Quarterly
EVS04855,"4851 Toronto Ave, Toronto",DC Fast Charger,0.39,6:00-22:00,10.78,56,ChargePoint,22,Type 2,2010,Yes,3.3,3,Monthly
EVS04856,"1096 Berlin Ave, Berlin",AC Level 2,0.38,9:00-18:00,18.25,77,Tesla,150,CHAdeMO,2012,Yes,4.3,1,Monthly
EVS04857,"6365 Sydney Ave, Sydney",DC Fast Charger,0.34,6:00-22:00,10.74,17,Tesla,150,"CHAdeMO, CCS",2019,No,4.8,2,Quarterly
EVS04858,"913 Cape Town Ave, Cape Town",AC Level 1,0.50,9:00-18:00,17.29,39,Tesla,22,CCS,2013,No,4.2,9,Monthly
EVS04859,"9271 Berlin Ave, Berlin",DC Fast Charger,0.41,9:00-18:00,10.91,31,EVgo,150,"Tesla, Type 2",2017,Yes,3.8,1,Quarterly
EVS04860,"3020 Seoul Ave, Seoul",AC Level 1,0.32,9:00-18:00,2.97,14,Greenlots,50,CCS,2012,Yes,4.2,8,Annually
EVS04861,"5722 Random Rd, City 375, Country",AC Level 2,0.22,24/7,5.89,54,EVgo,50,Type 2,2010,Yes,4.9,10,Annually
EVS04862,"1194 Seoul Ave, Seoul",AC Level 1,0.37,9:00-18:00,12.65,81,Greenlots,50,CHAdeMO,2023,Yes,4.5,10,Monthly
EVS04863,"8532 Seoul Ave, Seoul",AC Level 2,0.39,24/7,18.80,86,ChargePoint,350,"Tesla, CCS",2013,Yes,3.4,9,Quarterly
EVS04864,"265 Seoul Ave, Seoul",AC Level 1,0.17,24/7,0.64,96,ChargePoint,350,"Type 2, CHAdeMO",2021,No,3.5,1,Monthly
EVS04865,"2738 San Francisco Ave, San Francisco",AC Level 2,0.26,24/7,18.95,66,Tesla,22,Type 2,2018,Yes,4.6,6,Quarterly
EVS04866,"9175 Sydney Ave, Sydney",AC Level 2,0.21,6:00-22:00,14.91,69,Ionity,350,"Type 2, CCS",2023,No,4.8,10,Monthly
EVS04867,"4256 Dubai Ave, Dubai",AC Level 2,0.28,9:00-18:00,6.96,54,Tesla,50,CCS,2020,No,4.6,2,Monthly
EVS04868,"3365 Mumbai Ave, Mumbai",DC Fast Charger,0.18,9:00-18:00,4.14,89,EVgo,350,Type 2,2013,No,3.5,2,Quarterly
EVS04869,"5695 Los Angeles Ave, Los Angeles",AC Level 1,0.22,24/7,3.85,54,Greenlots,22,"Tesla, Type 2",2014,No,3.0,10,Annually
EVS04870,"8249 São Paulo Ave, São Paulo",AC Level 2,0.28,24/7,6.72,25,Tesla,150,"Type 2, CCS",2013,Yes,4.5,3,Monthly
EVS04871,"5664 Random Rd, City 71, Country",DC Fast Charger,0.47,9:00-18:00,16.83,36,Tesla,50,Type 2,2023,Yes,3.7,6,Monthly
EVS04872,"1000 Cape Town Ave, Cape Town",AC Level 2,0.26,24/7,15.21,20,Greenlots,50,CHAdeMO,2012,Yes,3.4,2,Monthly
EVS04873,"1352 Toronto Ave, Toronto",DC Fast Charger,0.24,6:00-22:00,14.81,28,EVgo,350,"Type 2, CHAdeMO",2015,No,4.8,4,Quarterly
EVS04874,"3246 Toronto Ave, Toronto",DC Fast Charger,0.22,9:00-18:00,2.89,85,EVgo,150,CCS,2018,No,3.6,9,Quarterly
EVS04875,"9191 Mumbai Ave, Mumbai",AC Level 2,0.47,6:00-22:00,17.62,63,Ionity,350,"Type 2, CHAdeMO",2020,Yes,3.9,4,Quarterly
EVS04876,"7971 Mexico City Ave, Mexico City",AC Level 1,0.40,6:00-22:00,17.45,62,Greenlots,350,"CHAdeMO, Tesla",2017,No,4.3,3,Quarterly
EVS04877,"8281 San Francisco Ave, San Francisco",AC Level 1,0.28,9:00-18:00,15.15,51,Tesla,350,"CHAdeMO, Tesla",2020,No,4.7,10,Quarterly
EVS04878,"5090 Moscow Ave, Moscow",AC Level 1,0.46,24/7,0.69,58,Tesla,50,"CHAdeMO, Tesla",2018,Yes,4.2,3,Monthly
EVS04879,"1939 Cape Town Ave, Cape Town",AC Level 1,0.24,24/7,10.83,21,Greenlots,22,Type 2,2020,No,4.4,9,Annually
EVS04880,"9892 Bangkok Ave, Bangkok",AC Level 2,0.14,9:00-18:00,4.67,15,Greenlots,350,CCS,2011,Yes,3.8,6,Quarterly
EVS04881,"3057 Random Rd, City 232, Country",AC Level 1,0.23,6:00-22:00,8.29,25,Greenlots,150,"CHAdeMO, Tesla",2014,No,4.3,4,Annually
EVS04882,"8282 Bangkok Ave, Bangkok",AC Level 1,0.16,6:00-22:00,17.39,32,Greenlots,50,"Tesla, CCS",2013,No,3.6,1,Quarterly
EVS04883,"9068 Mumbai Ave, Mumbai",AC Level 2,0.31,24/7,19.98,84,Greenlots,350,"CHAdeMO, Tesla",2023,No,4.8,5,Annually
EVS04884,"8749 Bangkok Ave, Bangkok",AC Level 2,0.14,24/7,13.63,40,Ionity,350,"CHAdeMO, Type 2",2014,Yes,3.0,5,Monthly
EVS04885,"280 San Francisco Ave, San Francisco",AC Level 1,0.19,6:00-22:00,1.98,95,EVgo,22,"Tesla, CCS",2010,No,3.2,8,Monthly
EVS04886,"259 Los Angeles Ave, Los Angeles",AC Level 1,0.38,9:00-18:00,1.59,32,ChargePoint,22,CCS,2015,No,3.6,2,Quarterly
EVS04887,"4501 Mexico City Ave, Mexico City",DC Fast Charger,0.21,9:00-18:00,9.51,33,Ionity,50,Tesla,2017,Yes,3.6,4,Annually
EVS04888,"756 Moscow Ave, Moscow",DC Fast Charger,0.33,9:00-18:00,16.79,81,ChargePoint,350,"Type 2, CHAdeMO",2020,Yes,3.9,7,Annually
EVS04889,"4181 San Francisco Ave, San Francisco",AC Level 2,0.14,24/7,19.49,43,ChargePoint,50,"Type 2, CCS",2021,Yes,3.2,7,Quarterly
EVS04890,"9093 Bangkok Ave, Bangkok",DC Fast Charger,0.12,6:00-22:00,5.28,57,EVgo,22,"Type 2, Tesla",2020,Yes,4.9,5,Annually
EVS04891,"677 Random Rd, City 222, Country",AC Level 2,0.38,24/7,16.39,37,Tesla,350,Type 2,2022,Yes,4.6,6,Quarterly
EVS04892,"2549 Berlin Ave, Berlin",AC Level 1,0.16,24/7,4.45,26,Tesla,150,CCS,2013,No,4.4,5,Monthly
EVS04893,"8536 San Francisco Ave, San Francisco",AC Level 2,0.42,6:00-22:00,2.75,53,Greenlots,50,"CHAdeMO, Type 2",2018,No,4.1,5,Monthly
EVS04894,"8633 Sydney Ave, Sydney",DC Fast Charger,0.47,6:00-22:00,13.35,14,Ionity,22,Tesla,2020,Yes,3.7,4,Annually
EVS04895,"2205 Cape Town Ave, Cape Town",AC Level 1,0.46,24/7,13.23,79,Tesla,22,"Type 2, CHAdeMO",2020,No,3.5,1,Annually
EVS04896,"2368 Mexico City Ave, Mexico City",AC Level 1,0.36,9:00-18:00,18.50,70,ChargePoint,350,"CHAdeMO, Tesla",2018,Yes,3.8,5,Annually
EVS04897,"4665 Dubai Ave, Dubai",AC Level 2,0.43,9:00-18:00,7.60,74,Ionity,50,"Tesla, Type 2",2012,No,4.7,10,Annually
EVS04898,"2983 Mexico City Ave, Mexico City",AC Level 2,0.43,6:00-22:00,19.64,63,EVgo,350,Type 2,2014,No,4.4,5,Annually
EVS04899,"1008 Mumbai Ave, Mumbai",AC Level 1,0.13,24/7,6.56,37,Ionity,150,Type 2,2023,No,3.7,8,Quarterly
EVS04900,"7802 Berlin Ave, Berlin",DC Fast Charger,0.50,6:00-22:00,9.40,22,ChargePoint,350,CCS,2011,No,4.2,7,Annually
EVS04901,"8937 Random Rd, City 248, Country",DC Fast Charger,0.36,24/7,11.90,36,Tesla,50,CCS,2018,Yes,4.3,8,Monthly
EVS04902,"1279 Seoul Ave, Seoul",DC Fast Charger,0.26,6:00-22:00,12.90,70,Ionity,22,"Type 2, Tesla",2014,No,3.2,1,Annually
EVS04903,"2046 Dubai Ave, Dubai",DC Fast Charger,0.36,9:00-18:00,1.63,90,EVgo,150,CCS,2014,No,4.6,6,Monthly
EVS04904,"579 Moscow Ave, Moscow",DC Fast Charger,0.20,6:00-22:00,8.25,54,EVgo,22,"Type 2, CHAdeMO",2012,No,3.3,9,Quarterly
EVS04905,"4577 Dubai Ave, Dubai",AC Level 2,0.20,24/7,2.75,18,Greenlots,350,"CCS, Type 2",2021,Yes,3.5,6,Annually
EVS04906,"9813 Seoul Ave, Seoul",AC Level 1,0.46,6:00-22:00,1.86,76,Ionity,50,"CCS, Type 2",2021,No,3.8,10,Annually
EVS04907,"6132 Toronto Ave, Toronto",AC Level 2,0.20,9:00-18:00,17.79,91,EVgo,350,"CCS, Type 2",2011,No,4.2,8,Quarterly
EVS04908,"7478 Sydney Ave, Sydney",DC Fast Charger,0.14,9:00-18:00,10.19,24,EVgo,150,"CCS, Tesla",2010,Yes,3.1,8,Annually
EVS04909,"1667 Bangkok Ave, Bangkok",AC Level 1,0.49,6:00-22:00,1.60,84,Tesla,22,CCS,2021,Yes,3.9,10,Annually
EVS04910,"5684 Los Angeles Ave, Los Angeles",AC Level 2,0.14,6:00-22:00,7.40,77,Tesla,22,CHAdeMO,2022,No,4.1,3,Annually
EVS04911,"3156 Random Rd, City 489, Country",AC Level 2,0.38,9:00-18:00,11.70,45,ChargePoint,150,"CCS, Type 2",2014,Yes,4.4,4,Monthly
EVS04912,"7837 Cape Town Ave, Cape Town",AC Level 1,0.28,24/7,15.25,98,Greenlots,22,"Type 2, CHAdeMO",2020,No,4.1,1,Annually
EVS04913,"9685 Los Angeles Ave, Los Angeles",AC Level 2,0.26,9:00-18:00,14.87,11,Ionity,50,CCS,2011,No,4.1,9,Monthly
EVS04914,"1018 Mexico City Ave, Mexico City",AC Level 2,0.22,24/7,5.90,56,Greenlots,50,"CHAdeMO, Tesla",2014,No,4.2,1,Annually
EVS04915,"7666 Cape Town Ave, Cape Town",DC Fast Charger,0.18,24/7,6.21,37,ChargePoint,150,CCS,2017,Yes,4.0,9,Annually
EVS04916,"664 Bangkok Ave, Bangkok",DC Fast Charger,0.20,24/7,10.18,40,EVgo,50,"Type 2, CCS",2016,No,3.9,2,Quarterly
EVS04917,"8254 Sydney Ave, Sydney",DC Fast Charger,0.48,6:00-22:00,9.27,86,Ionity,350,Tesla,2020,No,3.3,7,Monthly
EVS04918,"6756 San Francisco Ave, San Francisco",DC Fast Charger,0.42,9:00-18:00,13.53,41,EVgo,350,CCS,2010,Yes,4.6,4,Monthly
EVS04919,"4456 Toronto Ave, Toronto",AC Level 2,0.48,24/7,19.20,37,EVgo,150,Type 2,2020,No,3.2,1,Monthly
EVS04920,"9934 Sydney Ave, Sydney",AC Level 1,0.19,9:00-18:00,16.44,92,EVgo,150,"CCS, Type 2",2013,No,3.7,2,Quarterly
EVS04921,"9853 Random Rd, City 342, Country",AC Level 1,0.17,9:00-18:00,16.40,68,Ionity,350,"Tesla, Type 2",2020,No,4.9,3,Quarterly
EVS04922,"6835 Bangkok Ave, Bangkok",AC Level 1,0.25,24/7,11.68,56,Greenlots,150,"CHAdeMO, Type 2",2020,No,3.6,7,Annually
EVS04923,"8684 Beijing Ave, Beijing",AC Level 2,0.14,24/7,1.28,91,Tesla,150,CCS,2015,Yes,3.7,3,Monthly
EVS04924,"4888 Sydney Ave, Sydney",AC Level 1,0.34,9:00-18:00,7.69,44,Tesla,22,Tesla,2022,No,4.4,3,Quarterly
EVS04925,"5131 Mumbai Ave, Mumbai",DC Fast Charger,0.23,6:00-22:00,6.58,85,EVgo,150,"Type 2, Tesla",2013,No,4.6,2,Monthly
EVS04926,"3862 Berlin Ave, Berlin",AC Level 2,0.37,6:00-22:00,8.22,95,Ionity,22,"CHAdeMO, CCS",2011,No,4.1,10,Monthly
EVS04927,"4257 Moscow Ave, Moscow",AC Level 2,0.46,6:00-22:00,13.01,97,ChargePoint,22,"Tesla, CHAdeMO",2023,Yes,4.5,5,Annually
EVS04928,"9570 Chicago Ave, Chicago",AC Level 1,0.45,9:00-18:00,11.88,72,Tesla,350,"CHAdeMO, Tesla",2010,No,3.2,2,Quarterly
EVS04929,"284 Sydney Ave, Sydney",AC Level 1,0.40,9:00-18:00,2.43,91,EVgo,150,Type 2,2017,Yes,4.6,6,Annually
EVS04930,"9340 Dubai Ave, Dubai",AC Level 1,0.32,6:00-22:00,0.67,65,Tesla,50,"Tesla, CHAdeMO",2012,No,3.0,9,Monthly
EVS04931,"1290 Random Rd, City 387, Country",AC Level 1,0.42,24/7,13.31,79,Greenlots,350,"CCS, Type 2",2022,Yes,3.3,2,Quarterly
EVS04932,"1937 Moscow Ave, Moscow",DC Fast Charger,0.36,9:00-18:00,5.10,41,Ionity,50,"Tesla, Type 2",2023,No,4.7,7,Annually
EVS04933,"9818 San Francisco Ave, San Francisco",DC Fast Charger,0.43,24/7,0.81,16,Ionity,150,"CCS, Tesla",2016,No,4.2,6,Annually
EVS04934,"8087 Cape Town Ave, Cape Town",AC Level 1,0.15,9:00-18:00,12.00,100,Tesla,350,"Tesla, Type 2",2016,Yes,3.5,6,Annually
EVS04935,"1115 Moscow Ave, Moscow",DC Fast Charger,0.33,9:00-18:00,18.03,30,EVgo,22,Type 2,2017,Yes,5.0,5,Annually
EVS04936,"4300 Chicago Ave, Chicago",AC Level 2,0.19,6:00-22:00,13.31,71,Tesla,50,CHAdeMO,2014,Yes,4.1,5,Monthly
EVS04937,"7704 Moscow Ave, Moscow",AC Level 1,0.39,24/7,16.79,79,Ionity,350,Tesla,2023,Yes,3.3,10,Annually
EVS04938,"9491 Beijing Ave, Beijing",AC Level 2,0.47,6:00-22:00,3.03,38,ChargePoint,350,CHAdeMO,2018,No,3.6,1,Quarterly
EVS04939,"6329 Sydney Ave, Sydney",DC Fast Charger,0.32,24/7,11.52,67,EVgo,50,CHAdeMO,2017,Yes,3.1,6,Quarterly
EVS04940,"2614 Chicago Ave, Chicago",AC Level 1,0.47,24/7,4.23,37,Greenlots,150,"Type 2, CHAdeMO",2012,Yes,4.4,10,Quarterly
EVS04941,"715 Random Rd, City 449, Country",AC Level 2,0.35,24/7,0.87,60,Ionity,350,"Tesla, Type 2",2023,Yes,4.2,3,Quarterly
EVS04942,"5353 San Francisco Ave, San Francisco",DC Fast Charger,0.20,9:00-18:00,7.19,60,Ionity,150,"CHAdeMO, Type 2",2012,Yes,4.6,5,Monthly
EVS04943,"155 Sydney Ave, Sydney",DC Fast Charger,0.23,24/7,13.73,62,Greenlots,150,"Type 2, CHAdeMO",2017,No,4.7,1,Annually
EVS04944,"2670 Cape Town Ave, Cape Town",AC Level 2,0.33,24/7,2.29,23,ChargePoint,50,CCS,2013,Yes,3.8,1,Quarterly
EVS04945,"5719 Toronto Ave, Toronto",DC Fast Charger,0.49,24/7,10.23,14,Greenlots,22,"CHAdeMO, Tesla",2018,Yes,4.9,6,Monthly
EVS04946,"7776 Mumbai Ave, Mumbai",AC Level 1,0.20,9:00-18:00,17.13,68,Tesla,350,CHAdeMO,2011,Yes,3.0,6,Monthly
EVS04947,"2691 Los Angeles Ave, Los Angeles",DC Fast Charger,0.11,6:00-22:00,9.35,15,Ionity,150,Tesla,2020,No,3.3,1,Monthly
EVS04948,"3687 Mexico City Ave, Mexico City",AC Level 1,0.25,24/7,15.29,30,EVgo,150,Tesla,2015,No,3.7,8,Monthly
EVS04949,"7053 Toronto Ave, Toronto",AC Level 1,0.50,24/7,11.35,83,Tesla,150,Type 2,2015,Yes,3.9,5,Quarterly
EVS04950,"5808 Sydney Ave, Sydney",DC Fast Charger,0.21,24/7,8.34,68,Tesla,50,"Tesla, CCS",2023,Yes,5.0,1,Monthly
EVS04951,"6256 Random Rd, City 99, Country",AC Level 2,0.46,6:00-22:00,18.78,24,EVgo,22,CHAdeMO,2011,No,3.8,4,Annually
EVS04952,"8604 San Francisco Ave, San Francisco",DC Fast Charger,0.27,24/7,0.84,21,EVgo,50,"Tesla, CHAdeMO",2015,No,3.9,9,Quarterly
EVS04953,"4689 Mexico City Ave, Mexico City",AC Level 2,0.13,9:00-18:00,17.60,74,ChargePoint,150,"CHAdeMO, CCS",2021,No,3.6,10,Monthly
EVS04954,"7863 São Paulo Ave, São Paulo",AC Level 1,0.21,24/7,1.99,90,Tesla,50,"Tesla, CCS",2017,Yes,3.6,4,Monthly
EVS04955,"5460 Bangkok Ave, Bangkok",AC Level 2,0.28,24/7,2.51,16,Tesla,22,"CCS, Tesla",2020,No,4.6,9,Monthly
EVS04956,"4192 Berlin Ave, Berlin",DC Fast Charger,0.15,24/7,10.39,97,EVgo,50,CCS,2020,No,3.1,5,Quarterly
EVS04957,"2981 São Paulo Ave, São Paulo",DC Fast Charger,0.30,6:00-22:00,15.32,30,Ionity,150,"CHAdeMO, Type 2",2017,Yes,3.3,5,Monthly
EVS04958,"7515 Moscow Ave, Moscow",DC Fast Charger,0.30,24/7,14.88,98,Tesla,350,"Type 2, CCS",2019,No,3.4,2,Monthly
EVS04959,"5489 Los Angeles Ave, Los Angeles",AC Level 2,0.25,24/7,16.71,20,ChargePoint,50,Type 2,2023,No,3.8,6,Annually
EVS04960,"2074 Sydney Ave, Sydney",AC Level 2,0.36,6:00-22:00,10.12,62,Ionity,350,"Type 2, CCS",2014,Yes,3.5,6,Quarterly
EVS04961,"8506 Random Rd, City 11, Country",AC Level 2,0.28,9:00-18:00,10.07,99,Greenlots,22,"Type 2, Tesla",2012,Yes,4.1,5,Quarterly
EVS04962,"6086 São Paulo Ave, São Paulo",DC Fast Charger,0.15,9:00-18:00,10.81,92,Greenlots,150,"Type 2, Tesla",2019,No,3.2,2,Quarterly
EVS04963,"1606 San Francisco Ave, San Francisco",DC Fast Charger,0.11,24/7,14.16,62,Tesla,350,Type 2,2015,No,3.9,4,Monthly
EVS04964,"6363 Sydney Ave, Sydney",DC Fast Charger,0.29,6:00-22:00,17.94,13,Ionity,50,"CCS, Tesla",2017,No,4.3,2,Monthly
EVS04965,"4605 Cape Town Ave, Cape Town",AC Level 2,0.29,6:00-22:00,6.83,91,Greenlots,150,"CCS, CHAdeMO",2011,Yes,3.4,8,Monthly
EVS04966,"7873 Mexico City Ave, Mexico City",AC Level 2,0.35,24/7,12.22,38,EVgo,50,Tesla,2014,Yes,3.5,3,Quarterly
EVS04967,"3323 Mumbai Ave, Mumbai",AC Level 2,0.11,6:00-22:00,4.52,71,ChargePoint,150,"CHAdeMO, Tesla",2019,Yes,4.3,3,Quarterly
EVS04968,"5642 Chicago Ave, Chicago",DC Fast Charger,0.50,9:00-18:00,3.54,14,Greenlots,350,"CCS, Tesla",2017,No,3.6,8,Annually
EVS04969,"791 Beijing Ave, Beijing",DC Fast Charger,0.35,6:00-22:00,9.12,83,Tesla,350,"CCS, Type 2",2018,Yes,3.3,2,Quarterly
EVS04970,"3837 Mexico City Ave, Mexico City",DC Fast Charger,0.46,6:00-22:00,17.27,52,ChargePoint,22,"Type 2, CCS",2021,No,4.2,3,Monthly
EVS04971,"5876 Random Rd, City 401, Country",AC Level 2,0.46,24/7,4.59,66,Ionity,50,CCS,2018,No,4.6,2,Quarterly
EVS04972,"8198 Berlin Ave, Berlin",DC Fast Charger,0.40,6:00-22:00,5.30,12,Ionity,50,CHAdeMO,2020,Yes,4.9,5,Monthly
EVS04973,"1588 Chicago Ave, Chicago",AC Level 1,0.33,9:00-18:00,6.79,79,ChargePoint,350,"Type 2, CHAdeMO",2015,Yes,4.4,1,Quarterly
EVS04974,"739 Seoul Ave, Seoul",DC Fast Charger,0.48,9:00-18:00,7.60,13,Tesla,350,Tesla,2010,Yes,4.3,2,Quarterly
EVS04975,"4379 Seoul Ave, Seoul",AC Level 1,0.16,6:00-22:00,12.16,20,ChargePoint,22,"CCS, Type 2",2022,No,4.0,1,Annually
EVS04976,"958 San Francisco Ave, San Francisco",AC Level 1,0.32,6:00-22:00,7.65,51,Ionity,50,CCS,2013,No,4.2,6,Quarterly
EVS04977,"2203 Dubai Ave, Dubai",AC Level 1,0.33,6:00-22:00,8.48,48,ChargePoint,50,CHAdeMO,2022,No,4.7,2,Annually
EVS04978,"6700 Cape Town Ave, Cape Town",AC Level 1,0.37,6:00-22:00,17.64,22,Tesla,150,Type 2,2011,No,4.7,6,Annually
EVS04979,"5229 San Francisco Ave, San Francisco",DC Fast Charger,0.25,9:00-18:00,18.29,84,ChargePoint,22,"Tesla, CHAdeMO",2016,Yes,3.6,10,Annually
EVS04980,"5810 Los Angeles Ave, Los Angeles",AC Level 2,0.16,6:00-22:00,6.98,100,Ionity,50,Type 2,2015,No,4.4,10,Monthly
EVS04981,"7943 Random Rd, City 415, Country",DC Fast Charger,0.50,9:00-18:00,17.30,64,EVgo,22,Type 2,2016,Yes,3.1,1,Quarterly
EVS04982,"9112 Mumbai Ave, Mumbai",DC Fast Charger,0.20,24/7,6.22,34,EVgo,150,CCS,2020,Yes,4.1,9,Monthly
EVS04983,"4234 Cape Town Ave, Cape Town",AC Level 2,0.45,6:00-22:00,14.30,12,ChargePoint,350,"CCS, Type 2",2013,No,3.1,6,Annually
EVS04984,"8914 Sydney Ave, Sydney",DC Fast Charger,0.35,9:00-18:00,2.15,18,ChargePoint,150,Tesla,2012,Yes,4.0,4,Annually
EVS04985,"8162 Beijing Ave, Beijing",AC Level 1,0.24,6:00-22:00,15.23,90,ChargePoint,150,"CHAdeMO, Tesla",2023,Yes,3.9,3,Monthly
EVS04986,"2412 Mumbai Ave, Mumbai",AC Level 2,0.12,24/7,14.47,68,Ionity,350,"Tesla, CCS",2015,No,4.1,3,Annually
EVS04987,"3480 Mumbai Ave, Mumbai",AC Level 1,0.29,24/7,10.36,13,Greenlots,150,Tesla,2017,Yes,3.7,10,Monthly
EVS04988,"380 Cape Town Ave, Cape Town",AC Level 2,0.18,9:00-18:00,8.63,19,Ionity,150,"CCS, Tesla",2020,Yes,4.4,2,Annually
EVS04989,"6347 Chicago Ave, Chicago",AC Level 1,0.29,6:00-22:00,17.43,22,Ionity,50,CHAdeMO,2022,Yes,4.3,7,Annually
EVS04990,"2065 Mumbai Ave, Mumbai",AC Level 2,0.33,6:00-22:00,14.36,76,Greenlots,350,CCS,2012,Yes,3.7,9,Quarterly
EVS04991,"9464 Random Rd, City 485, Country",DC Fast Charger,0.43,24/7,4.36,35,Greenlots,150,Tesla,2013,Yes,3.3,8,Quarterly
EVS04992,"1575 Chicago Ave, Chicago",AC Level 2,0.29,6:00-22:00,16.69,83,Tesla,22,CCS,2016,No,4.9,9,Monthly
EVS04993,"3795 Bangkok Ave, Bangkok",AC Level 1,0.32,9:00-18:00,2.61,30,Greenlots,150,"CHAdeMO, CCS",2012,Yes,4.2,2,Annually
EVS04994,"8954 Bangkok Ave, Bangkok",DC Fast Charger,0.39,24/7,6.34,28,ChargePoint,350,Tesla,2017,No,3.7,5,Quarterly
EVS04995,"6142 São Paulo Ave, São Paulo",AC Level 1,0.24,6:00-22:00,16.65,46,Ionity,50,"CCS, Type 2",2011,No,3.4,6,Annually
EVS04996,"614 Berlin Ave, Berlin",DC Fast Charger,0.31,9:00-18:00,6.05,67,Ionity,50,CCS,2014,Yes,3.4,3,Monthly
EVS04997,"5494 São Paulo Ave, São Paulo",AC Level 1,0.22,24/7,16.92,68,Tesla,350,CCS,2010,Yes,4.6,10,Quarterly
EVS04998,"7567 Chicago Ave, Chicago",DC Fast Charger,0.20,6:00-22:00,13.27,89,ChargePoint,150,CHAdeMO,2015,Yes,3.6,3,Monthly
EVS04999,"8710 Dubai Ave, Dubai",DC Fast Charger,0.19,9:00-18:00,4.03,44,ChargePoint,150,"CCS, CHAdeMO",2016,Yes,4.7,3,Quarterly
EVS05000,"1221 Los Angeles Ave, Los Angeles",AC Level 2,0.35,24/7,1.12,15,EVgo,50,"CHAdeMO, Type 2",2023,No,3.7,6,Quarterly
